"ID","Prefecture","Q1","Q3","Q4","Q5","Q6","Q10_1","Q10_2","Q10_3","Q10_4","Q10_5","Q10_6","Q10_7","Q10_8","Q10_9","Q10_10","Q10_11","Q14_1","Q14_2","Q14_3","Q14_4","Q14_5","Q14_6","Q15","Q16","Q17","Q18","Q20","Q25","Q28","Q41","Q42_1","Q42_2","Q42_3","Q42_4","Q42_5","Q42_6","Q43_1","Q43_2","Q43_3","Q43_4","Q43_5","Q43_6","Q43_7","Q43_8","Q43_9","Q43_10","Q43_11","Q43_12","Q44_1","Q44_2","Q44_3","Q44_4","Q44_5","Q44_6","Q45","Q46","Q47","Q48","Q49_1","Q49_2","Q50","Q51","Q52","Q53","Q54","Q57_1","Q57_2","Q57_3","Q57_4","Q57_5","Q57_6","Q57_7"
1,1,2,12,4,3,3,0,0,0,0,0,0,0,0,0,0,1,4,4,3,3,3,3,2,2,2,2,1,2,2,12,0,0,1,3,1,0,2,3,1,3,3,2,4,3,3,1,2,2,2,3,4,3,3,4,2,12,1,12,7,66,2,1,3,3,6,0,1,0,1,0,0,0
2,1,1,5,5,2,2,0,1,1,0,0,0,0,0,0,0,0,2,2,3,2,3,3,3,3,2,1,1,2,1,1,7,4,6,5,5,5,1,2,2,4,3,2,4,1,4,3,3,2,2,3,3,3,3,3,2,1,2,9,5,66,2,2,1,2,4,0,1,0,0,0,0,0
3,1,3,12,99,2,3,0,0,0,0,0,0,0,0,0,0,1,5,2,2,2,3,3,2,2,3,2,3,5,2,12,99,99,99,99,99,99,1,3,3,4,3,1,4,4,4,3,1,1,3,99,3,4,99,99,9,99,2,4,2,4,2,2,1,3,3,0,1,0,1,1,1,0
4,1,1,12,1,2,3,0,0,0,0,0,0,0,0,0,0,1,2,2,3,3,4,4,3,3,2,1,1,3,2,1,6,4,5,4,8,7,1,1,1,4,3,3,3,3,3,3,2,2,1,2,2,1,2,5,3,12,2,9,5,66,2,2,1,2,4,1,1,0,1,0,0,0
5,1,2,1,2,3,3,1,1,1,1,1,1,1,1,1,1,0,2,4,4,3,3,3,1,1,2,2,1,2,1,1,6,6,6,6,3,0,1,1,1,1,3,4,1,1,1,1,1,1,1,2,5,2,2,4,2,1,1,7,1,2,1,3,4,2,4,0,0,0,1,1,1,0
6,1,1,1,1,3,3,0,0,0,0,0,0,0,0,0,0,1,3,3,3,3,3,3,3,4,4,2,2,2,2,1,8,6,7,7,6,5,3,2,5,1,2,2,2,1,5,4,3,3,3,3,3,3,3,2,3,1,2,7,2,2,3,2,4,3,4,0,1,0,1,0,0,0
7,1,2,2,2,2,3,0,1,1,0,0,0,0,0,1,0,0,3,3,4,3,4,4,4,3,2,1,1,3,2,2,5,6,5,3,4,5,1,2,1,2,99,4,4,1,2,3,5,3,1,2,1,3,4,5,4,2,1,13,7,66,2,2,1,2,6,1,1,0,0,0,0,0
8,1,2,8,8,1,4,0,0,0,0,0,0,0,0,0,0,1,3,3,3,3,3,3,1,1,4,1,1,2,2,8,2,0,0,8,0,0,1,3,3,3,1,1,5,5,5,5,5,1,1,2,5,5,1,5,2,4,1,10,5,66,2,3,1,4,5,0,0,0,1,1,1,0
9,1,2,12,6,2,4,0,0,0,0,0,0,0,0,0,0,1,2,2,3,1,4,3,2,1,2,2,2,2,2,6,0,6,4,6,0,3,1,5,1,3,2,1,5,2,3,1,1,1,2,1,3,2,3,2,2,6,1,2,2,2,1,3,4,2,4,0,1,0,1,0,1,0
10,1,2,12,6,2,4,0,0,0,0,0,0,0,0,0,0,1,2,3,3,1,3,1,1,1,2,3,1,2,2,12,99,99,99,99,0,99,2,5,99,3,3,3,5,3,4,3,1,3,2,99,2,99,99,99,5,12,2,2,3,66,2,2,2,3,4,0,0,0,1,0,1,0
11,1,2,2,2,1,4,0,0,0,0,0,0,0,0,0,0,1,2,2,4,3,4,4,3,2,1,2,1,1,1,2,0,7,0,0,0,6,5,5,1,3,3,3,5,1,3,1,3,3,1,3,1,4,3,5,4,2,2,10,5,66,2,2,1,2,99,1,1,0,0,0,0,0
12,1,2,1,4,4,3,0,0,1,0,0,0,0,0,0,0,0,5,5,5,5,5,5,5,5,5,1,1,3,2,1,7,3,0,5,0,4,1,5,1,1,2,2,2,99,3,5,1,1,2,3,3,2,1,1,4,4,1,14,7,66,4,1,1,2,7,1,0,0,0,0,0,0
13,1,1,1,1,2,2,0,0,0,1,0,0,0,0,0,0,0,3,3,3,3,3,4,3,3,3,1,1,3,2,1,7,2,4,3,9,5,2,3,3,4,2,2,4,1,2,4,3,2,1,3,5,3,3,2,4,3,1,13,2,3,2,2,2,2,6,1,1,0,0,0,0,0
14,1,2,4,4,3,3,0,0,1,0,0,0,0,0,0,0,0,3,3,3,2,3,2,2,2,2,1,1,2,2,99,6,4,5,7,0,2,1,1,1,1,1,1,1,1,1,1,5,1,1,1,5,1,5,1,2,1,1,1,99,66,1,5,4,4,5,0,1,0,1,0,1,0
15,1,2,7,7,2,3,0,0,0,1,0,1,0,0,0,0,0,3,3,3,3,3,3,2,2,2,1,1,3,2,12,5,5,5,5,5,5,4,3,2,4,2,4,3,3,5,2,1,1,3,4,2,3,4,5,8,12,1,9,2,4,1,1,1,2,4,0,1,0,1,0,0,0
16,1,1,2,2,2,3,1,0,1,0,0,0,0,0,0,0,0,2,2,2,2,3,2,2,1,2,2,1,3,1,12,4,5,4,5,4,4,2,3,1,3,2,3,3,2,3,4,3,4,2,3,2,3,3,5,2,12,2,12,5,66,2,1,1,3,4,1,1,0,1,0,0,0
17,1,1,1,1,2,2,0,1,0,1,0,0,0,0,0,0,0,2,3,4,3,4,3,3,2,2,1,1,2,1,1,8,6,8,5,6,5,1,1,4,4,3,2,2,3,1,4,3,1,1,1,5,3,3,4,1,3,2,10,5,66,2,5,1,3,3,1,1,0,1,0,0,0
18,1,2,1,2,3,3,0,0,0,0,0,0,0,0,0,0,1,2,2,3,3,4,2,3,2,2,2,1,3,3,1,5,3,2,2,2,2,1,1,3,3,3,1,5,2,5,3,3,2,2,3,3,3,3,3,5,12,1,9,3,66,2,2,1,4,4,0,1,0,1,0,0,0
19,1,2,6,6,2,4,0,0,0,0,0,0,0,0,0,0,1,4,4,4,4,1,1,1,1,3,1,1,2,2,6,3,2,1,6,0,2,1,2,3,4,2,1,5,2,3,3,2,1,2,3,5,3,3,5,2,6,1,5,2,2,2,2,1,4,3,0,0,1,0,1,1,0
20,1,2,2,2,2,3,0,0,0,0,0,0,0,0,0,0,1,2,2,3,2,3,3,2,2,2,2,2,2,1,2,6,5,7,5,5,5,1,1,1,5,5,1,5,3,3,3,3,3,2,3,4,2,3,3,2,2,1,13,7,66,2,1,1,2,4,1,1,0,0,0,0,0
21,1,1,2,2,2,2,1,0,0,0,0,0,0,0,0,0,0,1,2,3,3,4,4,3,2,1,1,1,3,2,2,8,9,8,7,7,9,1,3,3,4,2,1,2,1,3,2,1,1,1,2,5,3,3,4,2,2,2,15,7,66,3,1,1,1,4,1,1,0,0,0,0,0
22,1,1,2,2,2,2,0,0,0,1,0,0,0,0,0,0,0,5,3,5,2,5,5,2,2,5,2,3,3,2,1,99,99,99,99,99,99,2,3,3,3,2,3,3,2,3,3,3,3,3,3,3,3,3,3,4,12,2,9,7,66,1,1,3,6,3,0,0,0,1,0,0,0
23,1,2,4,6,4,4,0,0,0,0,1,0,0,0,0,0,0,4,4,4,4,4,4,4,4,4,1,2,4,2,6,99,99,99,99,99,99,1,1,1,1,1,1,1,1,1,1,1,1,1,1,1,1,1,1,6,6,1,7,2,2,2,2,1,3,3,1,0,0,0,1,1,0
24,1,2,2,2,2,3,1,0,0,0,0,0,0,0,0,0,0,2,2,2,2,3,3,5,5,3,1,1,3,2,2,2,8,2,4,4,5,1,2,1,4,2,3,3,1,3,3,2,2,1,1,5,2,3,3,5,2,1,6,1,1,2,5,1,3,4,1,1,1,1,0,0,0
25,1,2,1,99,3,3,99,99,99,99,99,99,99,99,99,99,99,2,3,3,3,3,4,3,3,2,2,1,3,2,12,0,0,5,0,0,0,3,5,2,4,3,3,3,2,3,3,1,1,3,3,4,3,3,4,4,12,1,6,3,66,2,3,4,2,4,0,1,0,1,0,0,0
26,1,3,12,99,4,4,0,0,0,0,0,0,0,0,0,0,1,3,3,4,4,4,4,4,3,1,1,1,2,2,1,5,0,5,2,5,0,2,1,1,4,4,5,1,1,2,1,5,5,1,3,5,4,3,4,6,1,1,8,7,66,1,2,4,1,4,0,1,0,0,0,0,0
27,1,1,5,5,1,2,0,0,1,1,0,0,0,0,0,0,0,2,2,3,3,3,3,3,3,3,2,2,3,2,99,8,1,1,2,8,5,1,2,2,3,3,2,3,1,3,3,3,3,3,3,3,3,3,3,4,5,1,14,7,66,3,2,4,1,4,1,1,0,0,0,0,0
28,1,2,12,99,4,4,0,0,0,0,0,0,0,0,0,0,1,2,2,4,3,4,4,3,4,2,1,1,3,2,12,0,0,0,0,0,0,4,4,3,3,3,3,5,3,5,3,2,1,2,1,5,4,4,5,2,12,1,8,8,66,2,2,1,2,6,1,1,0,0,0,0,0
29,1,2,12,99,3,3,0,0,0,0,0,0,0,0,0,0,1,2,3,2,3,3,3,3,3,2,2,2,3,3,1,5,5,5,5,3,3,1,4,3,5,1,3,5,5,5,1,2,2,3,2,2,4,3,2,4,12,2,4,1,2,1,4,4,1,4,0,1,0,1,0,0,0
30,1,3,99,99,5,5,1,0,0,0,0,0,0,0,0,0,0,3,3,3,3,3,3,4,3,4,1,1,2,2,1,8,3,5,3,6,3,3,3,3,3,3,3,4,3,3,3,4,4,3,3,3,3,3,3,2,1,1,10,99,66,2,2,1,2,4,0,1,0,0,0,0,0
31,1,1,12,5,3,4,0,0,0,1,0,0,0,0,0,0,0,3,3,3,4,4,4,2,2,2,3,1,3,3,5,99,99,99,99,99,99,3,3,3,3,2,2,3,2,4,5,3,1,2,2,5,2,4,1,2,1,2,10,2,4,3,1,4,1,6,0,1,0,0,0,0,0
32,1,2,1,4,1,3,0,0,1,0,0,0,0,0,0,0,0,4,4,4,2,2,2,1,1,4,1,1,3,2,1,2,1,0,6,0,1,1,2,5,3,2,1,5,5,5,5,5,5,2,1,5,5,2,1,7,2,1,10,7,66,2,5,1,2,5,0,1,0,0,0,1,0
33,1,2,2,2,1,3,0,0,0,0,0,0,0,0,0,0,1,2,2,2,2,3,3,1,1,3,1,1,3,2,4,3,7,5,6,3,5,2,3,1,1,2,2,2,1,5,2,4,2,4,5,5,1,1,5,4,2,1,9,1,2,2,5,2,5,7,1,1,0,0,0,0,0
34,1,3,5,5,1,2,0,0,0,1,0,0,0,0,0,0,0,1,2,3,3,4,4,3,2,2,2,3,5,2,5,3,2,2,2,3,5,99,1,1,3,2,2,3,1,2,2,2,2,1,4,3,1,2,5,4,5,2,11,99,66,1,2,4,1,4,1,1,0,1,0,0,0
35,1,1,1,1,2,2,0,0,0,1,0,0,0,0,0,0,0,2,2,2,3,3,3,2,2,2,2,2,2,1,1,8,7,6,7,8,5,3,4,2,2,2,3,2,2,3,2,2,2,2,2,4,3,2,2,2,1,1,8,1,2,2,5,1,5,3,1,0,0,1,0,0,0
36,1,1,3,3,2,2,0,1,0,0,0,0,0,0,0,0,0,2,2,3,3,3,3,2,1,2,1,1,2,1,1,7,2,8,2,10,5,1,2,3,5,2,2,2,1,2,3,2,2,2,2,5,2,3,3,1,1,1,9,3,66,2,3,2,3,3,0,1,1,1,0,1,0
37,1,1,1,1,1,3,99,99,99,99,99,99,99,99,99,99,99,2,3,3,3,5,5,3,2,2,1,1,3,2,1,6,4,3,0,4,4,2,3,2,3,2,4,2,2,2,4,4,2,1,2,4,2,2,2,2,2,2,13,7,66,3,4,2,1,3,0,1,0,1,0,0,0
38,1,2,4,4,2,3,1,1,1,1,1,1,1,1,1,0,0,3,3,3,3,3,3,3,3,2,2,3,3,3,12,1,1,1,1,1,1,1,5,1,5,1,1,5,3,5,1,1,1,2,3,3,3,3,3,4,12,2,6,8,66,2,7,2,2,6,0,1,0,0,0,0,0
39,1,2,4,4,1,3,0,0,1,0,0,0,0,0,0,0,0,4,4,3,3,2,2,2,1,2,2,2,1,2,4,0,0,0,10,0,0,1,3,1,1,3,1,5,3,5,3,1,3,2,2,5,3,3,3,5,4,2,5,2,4,2,4,4,4,4,0,0,0,1,1,1,0
40,1,1,12,1,2,2,0,0,1,1,0,0,0,0,0,0,0,2,2,3,2,3,4,2,3,3,1,1,3,2,5,6,3,3,4,6,4,2,2,2,4,2,2,3,2,2,3,3,3,2,3,3,3,3,2,4,4,1,12,7,66,2,5,2,2,5,0,1,0,1,0,0,0
41,1,2,8,8,3,3,0,0,1,0,0,0,0,0,0,0,0,2,2,2,2,2,2,5,3,3,2,2,3,2,12,99,99,99,99,99,99,1,3,3,3,2,2,4,4,4,3,2,2,2,4,3,3,3,3,9,12,2,10,5,66,2,2,5,3,4,0,1,0,1,0,0,0
42,1,2,2,2,1,3,1,0,0,0,0,0,0,0,0,0,0,2,2,2,2,2,2,3,3,1,2,1,3,1,2,0,8,5,0,0,8,3,1,1,5,1,2,5,1,3,3,3,3,1,5,1,3,3,5,4,2,1,11,8,66,3,2,1,1,4,0,0,0,1,0,0,0
43,1,1,12,1,4,3,0,0,0,0,0,0,0,0,0,0,1,2,4,2,3,4,1,3,2,2,2,2,3,2,1,99,99,99,99,99,99,3,4,3,2,1,1,4,3,4,4,4,1,1,3,2,2,3,2,4,1,2,15,7,66,3,1,1,2,5,0,1,0,0,0,0,0
44,1,1,2,2,3,3,1,0,0,0,0,0,0,0,0,0,0,2,2,2,5,5,5,5,2,2,1,1,3,1,2,8,8,5,5,8,5,2,3,99,3,1,1,4,4,4,4,4,2,2,2,4,5,3,5,2,1,1,12,4,66,2,3,1,2,6,1,1,1,0,0,0,0
45,1,2,1,6,1,3,0,0,0,0,0,0,0,0,0,0,1,2,3,2,2,2,2,1,1,2,2,1,2,1,6,0,99,3,99,0,5,2,2,1,3,2,2,5,2,5,3,3,4,2,4,3,4,2,5,3,6,2,8,4,66,3,2,1,3,4,1,1,0,1,0,1,0
46,1,1,1,1,1,3,1,1,0,1,0,0,0,0,0,0,0,2,2,3,3,3,3,4,1,1,2,2,2,2,2,7,4,3,2,10,9,3,3,1,3,3,3,5,2,4,4,5,3,2,4,4,1,1,3,8,1,1,14,4,66,2,2,1,3,6,1,1,1,1,0,0,0
47,1,2,6,6,2,4,0,0,0,0,0,0,0,0,0,0,1,2,2,4,4,4,4,3,2,2,2,1,3,2,4,5,5,5,5,4,4,1,4,1,3,2,3,3,3,3,1,2,2,1,4,3,3,2,4,4,4,1,9,1,2,2,2,1,4,7,1,1,0,1,0,0,0
48,1,2,1,1,3,3,0,0,0,0,0,0,0,0,0,0,1,2,2,2,2,3,3,2,2,2,1,1,2,2,1,5,3,3,3,3,3,2,2,2,2,2,2,4,2,3,2,2,2,3,2,2,4,4,4,4,1,2,9,2,3,3,1,4,1,6,0,1,0,0,0,0,0
49,1,3,1,2,2,3,1,1,1,1,0,0,0,0,1,0,0,3,3,3,3,3,3,2,2,2,3,3,2,2,99,99,99,99,99,99,99,1,5,5,5,1,3,5,3,5,3,5,3,2,2,3,3,3,3,2,1,2,11,3,66,2,2,1,2,4,1,1,1,1,0,1,0
50,1,2,4,4,2,3,0,0,1,0,0,0,0,0,0,0,0,4,4,4,2,2,2,5,2,2,1,1,5,3,1,6,99,99,99,99,99,1,1,1,3,2,3,4,1,3,3,2,4,1,3,5,3,4,5,4,4,1,9,3,66,3,2,4,2,5,1,0,0,1,0,1,0
51,1,2,99,2,1,2,0,0,0,0,0,0,0,0,0,0,1,4,4,5,5,5,5,4,1,1,1,2,2,2,2,3,7,5,5,2,8,99,99,99,99,99,99,99,99,99,99,99,99,99,99,99,99,99,99,4,99,1,13,7,66,2,2,1,2,99,1,1,0,0,0,0,0
52,1,2,12,4,3,3,0,0,0,0,0,0,0,0,0,0,1,2,2,2,3,3,3,5,3,2,2,1,3,2,12,0,0,0,1,0,0,5,2,2,5,2,1,5,1,5,5,1,1,2,5,5,1,5,5,2,12,1,12,4,66,2,2,1,4,5,1,1,0,0,0,0,0
53,1,2,2,2,1,3,1,0,0,0,0,0,0,0,0,0,0,2,2,3,3,4,4,4,3,2,1,1,3,2,2,99,99,99,99,99,99,1,2,3,4,1,3,5,1,4,1,1,1,1,1,3,3,1,5,3,12,2,6,4,66,1,2,1,3,4,0,1,0,1,0,0,0
54,1,2,1,99,2,2,0,0,0,0,0,0,0,0,0,0,1,2,2,3,3,5,5,3,3,2,1,1,2,1,1,6,4,4,4,4,5,2,4,1,3,3,2,4,1,3,3,4,3,3,3,4,2,4,2,4,5,1,11,4,66,2,2,1,2,6,1,1,0,0,0,0,0
55,1,2,2,2,2,2,1,0,0,0,0,0,0,0,0,0,0,2,2,2,2,5,5,2,2,2,2,1,2,1,11,99,99,99,99,99,99,2,5,1,5,1,2,4,2,5,4,1,1,1,2,1,3,2,5,4,2,2,11,3,66,3,2,1,2,5,1,1,0,1,0,0,0
56,1,1,1,1,2,2,0,1,1,1,0,0,0,0,0,0,0,2,3,4,4,4,4,2,3,3,2,2,3,2,1,6,1,4,2,1,1,1,3,1,3,2,2,2,2,4,2,5,5,2,1,3,2,3,2,4,1,2,5,1,2,2,3,1,3,4,1,1,0,0,0,0,0
57,1,2,4,4,1,4,0,0,0,0,0,0,0,0,0,0,1,3,3,3,3,3,2,2,1,1,1,1,4,2,1,4,3,0,8,0,0,1,1,1,1,5,1,5,3,1,1,1,1,1,5,1,1,1,5,9,4,2,7,1,2,2,5,4,2,6,1,1,1,1,1,1,0
58,1,3,12,99,3,3,1,0,0,0,0,0,0,0,0,0,0,3,3,3,3,3,3,3,2,2,1,3,2,3,1,5,4,2,2,5,5,2,3,3,3,4,2,4,2,2,2,4,4,1,1,4,2,4,2,2,12,1,11,3,66,3,5,1,3,3,1,1,0,1,0,1,0
59,1,2,12,4,3,3,0,0,1,0,0,0,0,0,0,0,0,2,3,2,2,2,2,2,1,2,1,1,1,1,12,0,0,3,7,0,0,4,4,3,3,4,2,5,5,5,1,4,3,3,3,5,5,99,4,2,4,1,3,1,2,1,3,4,1,4,0,0,0,1,0,1,0
60,1,2,12,6,3,3,0,0,0,0,0,0,0,0,0,0,1,3,3,3,3,3,3,3,3,3,1,1,3,2,12,1,1,1,1,0,0,3,4,3,5,3,3,5,4,3,3,3,4,3,3,4,4,3,3,4,12,2,11,5,66,3,2,1,5,4,1,1,0,1,0,0,0
61,1,1,12,3,3,4,0,0,0,0,0,0,0,0,0,0,1,4,4,4,4,3,3,3,2,3,2,1,3,2,12,0,2,3,2,8,1,4,2,3,2,2,2,5,3,5,3,1,3,2,4,2,2,1,5,4,12,1,8,2,2,2,2,2,2,6,1,1,0,1,1,1,0
62,1,2,4,4,2,3,99,99,99,99,99,99,99,99,99,99,99,2,2,2,2,2,3,2,2,2,2,3,5,2,99,99,99,99,99,99,99,4,4,1,4,3,3,3,3,4,2,1,2,4,3,3,3,3,4,5,99,2,2,6,66,1,5,4,3,5,0,1,0,0,1,0,0
63,1,2,6,6,3,3,0,0,0,0,1,0,0,0,0,0,0,2,3,2,3,3,3,2,2,1,2,1,2,2,12,5,5,5,7,5,5,2,2,2,1,1,1,2,3,3,2,3,3,3,2,5,4,4,3,9,4,1,6,1,4,2,2,1,2,3,1,1,0,1,0,0,0
64,1,1,1,6,2,3,1,0,0,0,1,0,0,0,0,1,0,4,4,3,3,3,3,2,1,2,1,1,3,2,1,3,2,1,0,2,0,3,3,4,2,5,3,5,1,5,5,5,5,3,4,1,1,3,5,2,12,1,13,7,66,2,1,1,2,5,1,1,0,1,0,1,0
65,1,1,1,1,2,2,0,1,1,0,0,0,0,0,0,0,0,3,3,3,3,4,3,3,3,2,1,1,3,2,1,10,99,99,99,99,99,1,1,1,5,99,1,1,1,1,99,5,5,1,1,1,1,1,1,1,1,2,13,7,66,2,1,1,2,5,0,1,0,0,0,0,0
66,1,2,12,2,3,3,1,0,0,0,0,0,0,0,1,0,0,4,3,3,3,4,4,4,4,1,1,2,2,1,2,0,10,0,0,0,8,4,1,99,2,3,1,5,3,3,3,5,5,5,2,1,3,3,2,4,2,1,14,7,66,3,1,1,1,5,0,1,0,0,0,0,0
67,1,1,1,2,2,3,0,0,0,0,0,0,0,0,0,0,1,2,3,3,3,3,3,5,2,2,1,1,3,2,2,6,7,3,2,5,9,1,2,3,3,3,3,3,3,3,2,5,5,2,2,4,2,4,2,8,2,2,14,7,66,3,1,1,3,4,0,1,0,0,0,0,0
68,1,2,3,6,2,3,0,0,0,0,0,0,0,0,0,0,1,2,2,3,3,4,4,3,2,2,2,1,3,2,12,0,2,5,2,0,3,3,2,3,4,2,3,5,1,5,3,5,4,3,4,2,2,2,5,8,12,2,12,7,66,3,3,1,2,4,0,1,0,1,0,1,0
69,1,2,12,10,3,4,0,0,0,0,0,0,0,0,0,0,1,4,4,4,2,2,3,3,3,3,2,1,4,2,10,0,10,10,10,0,0,2,3,1,3,1,3,5,5,4,1,5,5,3,3,3,3,3,5,5,10,2,15,7,66,1,5,1,6,4,0,0,0,0,0,0,1
70,1,1,12,1,3,2,0,0,0,0,0,0,0,0,0,0,1,1,2,2,3,3,3,2,2,3,1,1,2,1,1,7,6,5,6,8,6,1,4,2,5,2,3,2,1,2,3,1,1,2,4,5,2,3,4,4,1,1,8,2,3,1,2,4,1,7,0,1,0,0,0,0,0
71,1,3,4,2,1,2,0,0,0,0,0,0,0,0,0,0,1,3,3,4,4,4,4,3,2,2,2,2,3,2,4,5,6,5,6,5,6,3,4,1,4,3,4,3,1,4,2,5,2,1,4,2,2,3,3,4,4,1,9,1,2,2,5,1,4,5,1,1,0,1,0,0,0
72,1,2,12,1,1,3,1,1,0,0,0,0,0,0,0,0,0,4,4,4,4,4,4,2,4,3,2,1,1,2,1,5,5,5,5,5,5,1,5,1,5,1,1,2,1,5,5,1,1,4,5,5,3,1,5,1,1,2,7,1,2,1,2,3,2,3,0,1,0,0,0,0,0
73,1,2,12,2,3,4,0,0,0,0,0,0,0,0,0,0,1,2,2,3,2,3,3,2,2,2,2,1,3,2,12,5,6,5,5,4,4,2,3,3,5,2,3,3,2,2,2,2,2,2,4,2,3,2,5,4,2,2,5,1,2,2,5,2,3,4,0,0,0,1,0,0,0
74,1,2,11,11,2,3,0,0,0,0,0,0,0,0,0,1,0,2,2,2,3,3,3,3,3,2,2,2,2,2,11,5,5,5,5,5,5,3,3,2,2,2,2,5,2,5,2,2,2,2,4,5,3,3,4,2,11,2,8,2,2,2,2,1,5,5,0,1,0,0,0,0,0
75,1,2,1,4,2,3,0,0,1,0,0,0,0,0,0,0,0,2,2,3,3,3,3,5,2,2,2,2,3,2,4,99,99,99,99,99,99,1,3,3,3,3,3,3,3,3,3,3,3,99,99,99,99,99,99,5,4,2,6,99,66,4,7,5,99,99,0,1,1,1,1,0,0
76,1,2,10,7,2,2,0,0,0,0,0,0,0,0,0,0,1,1,1,3,2,3,4,3,2,1,2,2,2,3,12,2,3,2,2,2,3,4,3,3,3,2,2,2,2,3,2,2,2,3,2,3,3,3,4,4,2,1,9,4,66,1,1,1,1,4,1,1,0,1,0,0,0
77,1,2,4,4,1,1,0,0,1,0,0,0,0,0,0,0,0,3,3,3,4,4,4,1,1,3,1,1,3,2,4,4,2,3,10,1,0,1,1,1,5,1,1,1,1,5,1,3,5,1,4,5,5,2,1,2,4,1,12,8,66,2,2,1,3,3,1,1,0,0,0,0,0
78,1,2,4,7,2,4,0,0,0,0,0,0,0,0,0,0,1,3,3,3,3,4,3,2,2,3,2,1,3,2,12,2,3,2,2,1,0,3,3,2,4,3,3,4,2,4,3,2,2,2,4,3,2,2,5,4,12,2,10,7,66,2,2,1,4,5,1,1,0,1,0,1,0
79,1,1,1,4,3,4,0,0,0,0,0,0,0,0,0,0,1,3,3,3,3,3,3,2,2,3,3,2,3,2,1,99,99,99,99,99,99,3,1,1,5,1,1,5,1,3,3,3,1,1,1,1,1,99,99,4,6,2,11,3,66,2,4,1,2,4,1,1,0,1,0,0,0
80,1,2,3,4,1,4,0,0,1,0,0,0,0,0,0,0,0,2,4,2,2,2,2,1,1,4,1,1,3,2,12,4,2,6,7,1,1,3,4,3,3,2,1,5,2,3,4,4,3,3,3,5,4,4,4,2,4,1,6,4,66,2,4,1,4,5,0,1,0,1,1,1,0
81,1,2,2,2,2,2,1,0,0,0,0,0,0,0,0,0,0,2,2,2,2,3,3,3,3,2,1,1,2,2,2,3,5,1,1,2,3,3,4,3,3,2,2,4,2,4,2,3,2,3,3,2,2,3,4,4,4,1,13,7,66,3,1,1,5,4,1,1,0,0,0,0,0
82,1,1,1,1,3,3,0,0,0,0,0,0,0,0,0,0,1,3,3,3,3,3,3,2,3,3,2,2,3,2,12,5,2,5,2,10,2,5,3,3,5,1,3,5,3,4,3,2,3,3,3,1,4,3,3,2,4,2,4,2,3,1,2,1,3,5,0,1,0,1,0,1,0
83,1,1,1,1,2,3,0,1,0,0,0,0,0,0,0,0,0,2,2,2,3,3,3,2,3,3,2,2,3,2,3,7,5,7,5,6,5,2,5,1,5,3,3,5,1,5,3,3,5,2,3,2,3,3,3,4,1,99,14,7,66,2,2,1,2,4,1,1,0,0,0,0,0
84,1,1,3,3,2,2,1,1,0,0,0,0,0,0,0,0,0,2,2,3,5,3,4,3,2,2,2,1,3,2,3,99,99,99,99,99,99,1,1,1,4,1,2,1,1,1,4,1,2,1,2,1,1,1,4,5,2,2,12,7,66,2,3,1,2,5,1,1,0,0,0,0,0
85,1,2,12,7,3,3,0,0,0,0,0,0,0,0,0,0,1,2,1,3,3,2,4,4,3,2,2,2,1,2,1,6,5,4,0,2,6,1,1,1,5,1,1,5,1,5,5,5,5,1,5,1,5,3,5,4,1,1,11,1,2,2,2,4,2,5,1,1,0,0,0,0,0
86,2,2,2,2,1,4,0,0,0,0,0,0,0,0,0,0,1,3,3,3,3,3,3,2,3,3,2,1,5,2,2,0,5,0,1,0,0,3,3,1,2,2,2,5,2,4,4,3,2,3,3,2,3,3,5,2,12,2,6,1,2,2,3,1,5,3,0,0,0,0,0,0,1
87,2,2,1,2,2,3,1,0,0,0,0,0,0,0,0,0,0,2,2,3,4,4,3,3,3,2,2,1,2,2,1,5,7,0,5,3,7,1,2,1,5,1,2,1,1,3,3,3,3,1,4,5,2,2,3,4,1,2,7,1,2,3,4,1,3,3,1,1,0,1,0,0,0
88,2,2,7,99,2,3,0,0,0,0,0,0,0,0,0,0,1,2,2,2,2,3,2,3,2,1,1,1,3,2,6,99,99,99,99,99,99,3,1,99,5,1,1,99,1,5,1,5,5,3,3,1,1,3,5,4,6,2,13,7,66,4,1,1,3,7,1,1,0,0,0,0,0
89,2,1,1,2,2,2,1,0,1,1,0,0,0,0,0,0,0,2,2,2,2,3,5,3,3,3,2,2,2,1,1,6,2,2,3,5,1,1,1,1,5,2,2,3,1,2,5,3,3,3,4,5,2,3,3,2,1,1,12,4,66,2,1,1,2,4,1,1,0,0,0,0,0
90,2,2,2,2,2,3,1,0,0,0,1,0,0,0,0,0,0,2,2,2,4,4,4,2,2,3,2,1,3,2,2,0,5,0,3,0,5,1,3,2,5,2,3,4,2,5,1,5,1,2,2,4,4,3,4,6,2,1,2,2,2,1,5,1,6,5,1,1,0,0,0,0,0
91,2,1,1,1,2,2,0,0,0,0,0,0,0,0,0,0,1,2,1,3,3,3,3,3,2,2,2,2,2,2,12,8,3,2,4,8,2,1,5,1,5,1,3,5,1,3,1,3,3,3,3,1,3,3,3,9,1,2,13,4,66,4,1,1,4,4,1,1,0,0,0,0,0
92,2,2,4,4,1,3,0,0,0,0,0,0,0,0,0,0,1,2,3,3,3,2,2,1,1,2,3,3,3,3,1,6,1,2,7,4,1,2,3,4,4,2,1,4,3,2,3,4,5,1,3,5,4,4,2,2,4,2,6,2,2,2,5,1,6,5,0,0,0,0,1,0,0
93,2,2,2,2,1,3,0,0,0,0,0,0,0,0,0,0,1,3,4,4,4,4,4,4,3,2,2,2,3,2,2,0,5,5,1,3,5,3,4,1,1,2,2,2,1,3,4,5,5,3,1,1,3,1,5,2,2,1,11,3,66,2,2,2,2,6,1,1,0,0,0,0,0
94,2,1,1,1,1,2,0,1,1,1,0,0,0,0,0,0,0,2,5,3,3,3,3,3,2,2,1,1,2,3,1,8,2,7,5,8,5,2,2,2,2,2,4,2,1,2,3,4,3,1,5,5,3,4,2,3,1,1,13,3,66,3,2,4,1,6,1,1,0,0,0,0,0
95,2,2,10,10,3,4,0,0,0,0,0,0,0,0,0,0,1,2,2,3,3,3,3,3,3,2,2,2,3,2,12,0,0,0,0,0,0,5,3,1,4,3,3,5,2,5,4,5,5,1,3,1,3,3,4,4,12,2,9,1,1,2,4,1,3,5,1,1,1,0,0,0,0
96,2,1,1,1,1,2,0,0,0,1,0,0,0,0,0,0,0,2,2,2,2,2,2,2,2,2,1,2,2,2,1,10,0,0,0,10,0,3,3,3,3,3,2,5,3,3,3,5,3,2,3,3,3,3,2,4,1,2,13,5,66,2,1,1,2,4,1,1,0,0,0,0,0
97,2,2,1,1,2,3,0,0,0,0,0,0,0,0,0,0,1,1,2,2,2,3,3,3,1,2,2,1,2,1,1,8,3,3,3,6,3,2,5,1,4,2,2,3,2,1,1,2,1,2,2,4,4,3,4,9,12,1,3,1,1,2,2,4,2,3,0,1,0,1,0,0,0
98,2,1,1,1,2,2,0,1,1,1,0,0,0,0,0,0,0,2,2,2,2,2,3,2,2,2,1,1,3,2,1,6,2,4,3,5,1,2,2,2,5,1,3,3,2,2,2,2,2,2,2,3,2,4,5,4,1,2,8,1,2,2,3,1,4,3,1,1,1,1,1,1,0
99,2,3,12,4,2,2,0,0,0,0,0,0,0,0,0,0,1,2,2,3,3,3,3,5,2,2,1,2,2,3,12,4,4,4,7,4,4,2,3,2,3,3,3,4,2,3,3,2,4,3,3,4,2,3,4,5,11,2,1,6,66,1,2,1,5,3,1,1,0,0,0,0,0
100,2,3,2,2,2,3,0,1,0,0,1,1,0,0,0,0,0,2,2,5,5,5,5,3,3,5,2,1,3,2,2,3,9,3,4,3,6,2,3,3,4,3,1,5,1,3,3,5,3,2,1,1,3,3,5,4,2,1,13,7,66,2,1,1,2,7,1,1,0,0,0,0,0
101,2,3,12,4,2,3,0,0,0,0,0,0,0,0,0,0,1,2,3,3,4,4,4,5,2,5,3,1,2,2,1,5,5,5,7,5,5,2,3,1,5,3,3,4,2,3,5,2,1,1,3,4,3,3,4,4,4,2,11,1,2,2,4,2,2,3,1,1,0,0,0,0,0
102,2,2,1,9,1,2,0,0,1,0,0,0,1,1,0,0,0,2,2,2,2,3,3,2,2,3,1,1,3,2,1,99,99,99,99,99,99,1,2,5,2,2,2,4,1,1,1,5,5,1,1,5,5,3,1,2,4,1,8,1,2,2,5,1,2,3,1,1,1,1,1,0,0
103,2,1,1,1,2,2,0,0,0,0,0,0,0,0,0,0,1,3,3,3,3,4,4,3,3,3,2,2,3,2,12,9,6,7,8,8,7,3,3,2,3,2,1,5,3,3,3,4,1,2,2,3,3,3,3,4,1,2,13,3,66,2,3,2,2,3,1,1,0,0,0,0,0
104,2,2,4,4,2,3,1,1,1,0,0,0,0,0,0,0,0,2,3,3,3,4,4,3,2,2,1,1,5,2,4,5,7,6,8,6,8,2,3,1,3,1,2,3,2,3,2,2,1,2,3,4,2,3,2,2,4,2,9,3,66,2,2,1,3,3,1,1,0,0,0,0,0
105,2,2,2,2,3,3,0,0,0,0,0,0,0,0,0,0,1,3,3,3,3,3,3,3,3,3,1,1,3,2,12,0,0,0,0,0,0,3,3,3,1,1,5,1,1,3,1,3,3,1,3,3,3,1,5,4,2,1,10,7,66,1,3,1,2,5,0,1,0,1,0,0,0
106,2,1,12,1,2,2,0,1,0,0,0,0,0,0,0,0,0,2,3,3,5,5,5,4,4,1,2,3,3,2,1,6,1,5,2,6,5,2,3,2,4,3,3,4,1,4,5,4,1,2,2,3,4,4,2,4,1,2,12,7,66,1,2,1,1,6,1,1,0,0,0,0,0
107,2,1,4,4,3,3,0,0,1,0,0,0,0,0,0,0,0,3,3,3,3,3,3,2,3,2,1,1,3,2,4,0,0,0,10,8,5,1,3,5,3,3,3,3,1,3,3,5,5,3,3,3,3,3,3,4,4,1,7,4,66,1,2,1,4,4,0,1,0,0,0,0,0
108,2,1,1,1,3,3,0,0,0,0,0,0,0,0,0,0,1,3,3,3,3,3,3,2,2,3,2,2,3,2,12,6,4,5,5,5,5,2,4,2,4,2,2,4,2,4,2,5,2,3,3,4,2,3,3,3,12,1,5,1,1,2,2,1,6,3,0,1,0,0,0,0,0
109,3,2,2,2,2,2,1,0,0,0,0,0,0,0,0,0,0,1,1,1,2,3,3,2,2,3,2,2,2,2,2,99,99,99,99,99,99,99,99,99,99,99,99,99,99,99,99,99,99,1,1,3,3,5,5,4,2,1,14,7,66,2,2,1,4,99,1,1,0,0,0,0,0
110,3,2,12,2,3,2,0,0,0,0,0,0,0,0,0,0,1,3,3,3,3,3,3,2,4,2,2,2,3,2,12,2,5,3,4,3,3,4,5,1,5,3,3,4,1,3,4,3,4,3,5,2,1,3,4,8,12,1,4,2,2,1,3,4,1,6,0,0,0,0,0,1,0
111,3,2,12,99,4,4,0,0,0,0,0,0,0,0,0,0,1,3,3,3,3,3,3,3,3,3,3,1,4,1,99,0,0,0,0,0,0,3,3,3,3,3,3,3,3,3,3,3,3,3,3,3,3,3,3,2,12,1,3,1,4,1,2,1,3,4,1,0,0,0,0,0,0
112,3,2,12,6,2,4,0,0,0,0,1,0,0,0,0,0,0,4,4,4,4,3,4,3,2,2,3,3,3,2,6,5,5,5,5,6,5,1,5,1,3,2,1,4,3,3,4,1,1,3,2,3,3,2,3,2,6,1,4,4,66,2,2,1,5,6,0,0,0,1,0,0,0
113,3,2,4,4,3,3,0,1,1,0,0,0,0,0,0,0,0,3,3,5,3,5,5,5,5,5,3,1,2,2,4,3,3,5,5,1,3,3,3,4,4,2,2,4,2,3,3,3,3,4,3,3,3,3,3,4,4,2,13,7,66,2,1,1,4,5,1,1,0,0,0,0,0
114,3,1,1,2,3,3,0,1,0,1,0,0,0,0,0,0,0,1,2,3,3,5,5,3,2,3,1,1,3,1,2,7,7,5,4,6,5,4,5,1,4,2,2,4,2,2,2,3,4,2,4,3,1,2,5,2,3,2,11,5,66,2,3,1,2,5,0,1,0,0,0,0,0
115,3,1,1,1,2,2,0,0,1,0,0,0,0,0,0,0,0,2,2,2,2,2,2,2,2,2,3,2,2,2,1,10,2,2,2,10,3,1,2,1,2,1,2,2,3,2,2,3,3,1,2,2,2,3,3,4,2,2,12,5,66,3,2,1,1,4,0,1,0,0,0,0,0
116,3,3,8,99,3,2,0,0,0,0,0,0,0,0,0,0,1,2,2,2,2,3,3,3,3,2,3,2,3,2,12,5,5,5,5,3,5,3,4,2,3,2,3,4,3,4,2,2,2,3,3,3,3,3,3,2,12,2,2,2,2,1,3,1,4,4,0,1,0,1,1,0,0
117,3,1,1,1,3,2,0,0,0,0,0,0,0,0,0,0,1,1,1,1,1,4,4,2,1,1,2,2,2,1,1,5,2,2,5,5,3,1,3,1,99,99,99,4,1,4,5,5,5,2,2,2,1,99,3,4,4,1,11,7,66,1,2,1,1,7,0,1,0,0,0,0,0
118,3,1,1,1,2,2,0,0,0,1,0,0,0,0,0,0,0,2,2,2,3,3,3,3,3,2,2,2,3,2,1,5,3,2,3,5,3,3,3,3,3,2,2,3,2,3,3,4,3,3,2,4,3,3,3,2,1,1,14,3,66,2,1,1,3,4,1,1,0,0,0,0,0
119,3,1,1,1,2,2,0,0,0,1,0,0,0,0,0,0,0,2,2,2,2,2,2,3,3,2,2,2,3,1,1,10,0,0,0,8,0,1,1,1,5,1,1,1,1,1,1,5,5,1,1,3,5,5,3,2,1,1,12,7,66,2,1,1,3,4,1,0,0,0,0,0,0
120,3,2,2,2,2,2,0,0,1,0,0,0,0,0,0,0,0,2,2,3,2,3,3,3,2,2,1,1,3,2,2,5,5,5,5,6,5,3,4,2,3,1,2,5,1,3,2,2,2,1,4,5,2,4,4,4,7,2,13,7,66,2,2,1,2,5,1,1,0,1,0,0,0
121,3,2,2,2,2,3,1,0,0,0,0,0,0,0,0,0,0,2,2,3,2,3,3,4,3,2,2,2,3,2,2,3,6,3,3,2,5,2,5,1,5,3,3,5,2,4,3,3,3,1,2,3,4,2,3,4,12,2,6,1,2,1,5,2,4,4,1,1,1,0,0,0,0
122,3,2,2,2,2,2,0,0,0,0,0,0,0,0,0,0,1,2,2,2,3,4,4,4,2,1,2,2,3,2,2,3,6,2,2,5,8,2,2,2,2,3,3,3,2,3,2,3,3,2,2,2,2,2,3,5,2,1,11,7,66,2,2,2,2,4,1,1,0,1,0,0,0
123,3,2,12,2,3,3,1,0,1,0,0,0,0,0,0,0,0,2,3,3,2,3,3,2,2,2,1,1,3,2,12,5,6,6,5,5,3,2,2,2,2,2,3,2,2,3,2,1,1,1,1,1,1,1,2,3,2,2,7,1,2,3,5,4,2,4,0,0,0,1,0,0,0
124,3,1,1,1,2,2,0,0,1,1,0,0,0,0,0,0,0,2,2,2,2,3,3,3,3,2,2,1,2,2,1,7,1,2,3,6,2,2,2,1,3,3,2,3,1,2,2,4,1,2,4,1,1,2,1,4,1,1,12,7,66,2,2,1,2,5,1,1,0,1,1,0,0
125,3,1,1,1,3,3,0,0,0,1,0,0,0,0,0,0,0,2,2,3,3,5,4,5,2,4,2,2,2,2,1,8,5,3,1,5,5,1,3,99,5,1,1,4,3,3,2,1,1,2,1,3,3,5,5,4,1,2,13,5,66,2,3,1,2,5,1,1,0,0,0,0,0
126,3,3,2,3,2,2,0,0,0,0,0,0,0,0,0,0,1,2,2,2,2,3,3,3,2,2,1,1,3,2,12,4,5,5,4,5,5,3,2,2,4,2,99,3,3,4,3,1,1,2,3,4,4,2,3,2,99,2,8,1,2,3,5,1,3,5,1,1,0,0,0,0,0
127,3,2,2,2,2,3,0,0,0,0,0,0,0,0,0,0,1,2,2,3,3,3,3,2,2,4,1,2,2,2,12,2,3,3,0,3,3,1,3,1,3,4,3,5,2,5,2,4,4,3,2,2,2,4,5,2,12,1,10,8,66,2,1,1,6,4,1,1,0,0,0,0,0
128,3,1,1,1,2,2,0,0,0,0,0,0,0,0,0,0,1,1,2,3,3,3,3,3,3,2,1,1,3,2,1,7,3,4,5,6,3,3,2,3,3,2,3,4,1,3,2,4,3,1,3,4,2,4,4,8,12,1,13,7,66,2,1,1,2,7,1,1,0,0,0,0,0
129,4,2,6,6,1,3,0,0,0,0,1,0,0,0,0,0,0,2,2,3,3,3,4,2,2,2,2,2,3,3,6,2,3,0,4,1,0,3,4,1,5,2,1,5,2,4,5,2,1,3,3,2,3,3,5,9,6,1,10,1,1,1,6,2,1,4,0,1,0,0,1,0,0
130,4,2,2,2,2,3,0,0,0,0,0,0,0,0,0,0,1,2,2,2,3,3,4,4,4,1,2,2,4,2,2,0,5,0,1,1,3,5,4,1,4,4,1,5,1,4,5,1,1,4,5,1,1,4,5,5,2,1,10,1,1,1,6,4,1,3,1,0,1,0,0,0,0
131,4,1,12,2,3,3,0,0,0,0,0,0,0,0,0,0,1,3,3,3,3,3,3,3,3,3,1,1,3,2,12,5,5,5,5,5,5,1,1,1,2,1,1,1,1,2,1,2,2,1,1,1,1,1,1,2,12,2,5,2,3,1,3,1,4,5,1,0,0,1,0,0,0
132,4,3,1,1,1,2,0,1,0,0,0,0,0,0,0,0,0,3,3,3,3,4,4,2,2,2,1,1,4,2,3,7,0,6,3,6,3,1,1,5,4,1,3,3,3,1,1,5,2,1,2,4,2,4,3,1,1,1,10,1,2,2,5,1,4,3,1,1,1,1,1,1,0
133,4,1,1,1,3,2,0,0,0,0,0,0,0,0,0,0,1,2,2,2,3,3,3,2,2,2,2,2,2,2,1,99,99,99,99,99,99,99,99,99,99,99,99,99,99,99,99,99,99,99,99,99,99,99,99,9,99,2,13,7,66,2,2,1,2,4,1,1,0,0,0,0,0
134,4,3,2,3,3,2,1,0,0,0,0,0,0,0,0,0,0,3,2,3,3,2,3,2,2,2,1,2,2,2,2,0,10,10,0,10,10,3,3,2,4,2,1,3,1,1,2,4,4,1,4,2,5,1,5,4,2,1,13,7,66,2,2,1,2,6,1,1,0,0,0,0,0
135,4,2,12,4,2,3,0,0,0,0,0,0,0,0,0,0,1,3,3,3,3,3,3,2,2,3,2,2,2,1,12,5,0,4,7,2,0,2,2,2,3,2,2,2,3,3,2,2,2,2,2,4,3,3,4,2,4,1,7,3,66,2,6,1,3,3,1,0,0,1,0,1,0
136,4,2,6,6,1,3,0,0,0,0,0,0,0,0,0,0,1,3,3,3,3,2,2,1,1,4,3,1,3,2,6,99,99,99,99,0,99,1,4,1,5,1,1,5,3,5,1,1,1,3,99,3,3,3,3,9,6,2,6,1,3,2,2,1,4,6,1,0,1,1,1,1,0
137,4,1,2,2,2,2,1,0,0,0,0,0,0,0,0,0,0,2,2,3,3,3,3,5,2,2,1,1,2,1,2,6,6,5,5,6,6,2,4,2,3,2,2,3,1,4,3,3,2,3,99,2,2,3,4,4,1,1,11,7,66,2,2,1,2,4,1,1,1,1,0,1,0
138,4,1,5,5,2,2,0,0,0,0,0,0,0,0,0,0,1,2,2,3,3,3,4,3,3,2,3,1,3,2,1,4,2,3,3,4,2,3,5,2,5,3,3,4,3,4,3,3,3,3,3,3,2,3,2,4,5,2,7,2,4,2,2,1,4,5,0,1,0,1,0,0,0
139,4,2,3,4,2,3,0,0,0,0,0,0,0,0,0,0,1,3,4,4,3,2,2,2,2,2,2,2,2,2,3,6,5,8,7,4,5,3,4,2,4,1,2,2,2,3,4,2,2,2,1,3,2,2,5,5,4,1,5,1,2,2,3,4,3,6,1,1,0,1,1,1,0
140,4,2,4,4,1,4,0,0,0,0,0,0,0,0,0,0,1,4,4,3,2,3,2,1,1,3,1,1,4,2,4,1,0,2,8,0,0,1,1,4,2,1,1,4,2,3,2,5,5,1,2,5,4,3,5,2,4,1,4,1,2,1,5,3,2,4,0,0,0,1,0,1,0
141,4,2,8,8,2,4,0,0,0,0,0,0,1,1,0,0,0,4,4,3,3,3,3,1,1,2,1,1,2,2,8,1,0,0,5,0,0,1,1,5,3,3,3,5,5,5,2,5,5,1,3,5,3,3,5,1,8,2,6,8,66,2,5,4,3,4,0,0,0,1,1,1,0
142,4,1,1,1,2,2,1,0,1,0,0,0,0,0,0,0,0,2,2,3,3,3,3,3,3,1,2,2,3,2,1,10,4,5,4,5,4,3,2,2,4,3,2,4,3,4,3,3,2,2,3,3,3,3,3,2,1,2,11,1,2,2,2,1,2,4,1,1,0,0,0,0,0
143,4,2,2,2,3,2,1,0,0,0,0,0,0,0,0,0,0,2,3,3,2,3,3,2,1,4,2,1,2,2,2,5,10,8,8,0,5,3,4,2,4,2,3,2,1,2,1,1,1,3,2,3,2,3,4,4,2,2,6,1,1,3,2,4,2,4,0,1,1,1,0,0,0
144,4,2,1,2,2,3,1,0,0,0,0,0,0,0,0,0,0,3,3,3,3,3,3,3,2,2,1,1,2,2,2,4,7,5,5,4,6,2,3,2,3,2,2,3,2,2,2,3,2,2,2,3,4,2,3,3,12,1,3,1,2,1,3,1,3,4,0,1,0,1,0,0,0
145,4,2,8,8,2,3,0,0,1,0,1,0,1,1,0,1,0,3,3,3,3,2,2,2,2,3,1,1,2,1,8,0,0,0,10,99,99,1,2,5,1,2,1,5,1,5,5,5,5,1,2,5,1,1,5,2,4,2,5,7,66,3,2,1,6,4,0,1,0,0,1,1,0
146,4,2,5,5,3,3,0,0,0,0,0,0,0,0,0,0,1,5,3,3,2,2,2,1,2,3,1,3,2,1,6,4,5,6,6,5,3,2,4,1,1,2,1,5,3,4,1,5,5,1,4,5,5,3,5,2,12,1,2,6,66,1,3,1,6,4,0,0,0,1,1,1,0
147,4,2,7,2,2,3,1,0,0,0,0,1,0,0,0,0,0,3,3,3,3,4,4,3,2,2,2,2,3,2,7,4,5,0,0,5,5,3,3,1,3,3,4,5,2,3,2,3,3,2,3,2,2,5,3,4,12,2,14,7,66,3,2,1,2,6,1,1,0,0,0,0,0
148,4,1,3,1,3,3,0,0,0,1,0,0,0,0,0,0,0,3,3,3,4,4,4,3,3,2,3,3,3,2,12,99,99,99,99,99,99,99,3,99,99,2,99,5,2,5,4,5,5,3,3,3,2,99,3,8,12,2,12,7,66,2,3,1,2,6,1,1,1,0,0,0,0
149,4,2,2,2,1,2,0,0,0,0,0,0,0,0,0,1,0,2,2,2,2,2,2,1,1,2,1,1,2,2,2,5,6,5,6,4,5,3,3,3,2,2,1,5,2,5,5,3,3,3,3,3,2,3,3,2,2,2,8,2,2,2,5,1,3,5,0,1,0,1,0,1,0
150,4,2,2,2,3,3,1,1,1,0,0,0,0,0,0,0,0,3,3,3,3,4,3,3,3,2,2,2,3,2,3,0,5,3,5,0,7,2,1,2,1,2,2,4,1,4,4,1,1,4,3,2,2,3,4,4,2,1,12,2,2,1,1,1,1,5,1,1,0,0,0,0,0
151,4,1,12,1,2,2,0,0,0,0,0,0,0,0,0,0,1,2,3,3,3,3,3,3,2,2,2,3,3,2,12,7,6,2,6,7,5,3,3,1,5,2,3,3,3,3,3,2,2,2,4,3,2,3,5,4,6,2,8,1,2,3,2,1,5,4,0,1,0,0,1,0,0
152,4,1,1,99,2,2,1,0,0,0,0,0,0,0,0,0,0,2,2,2,2,2,2,5,2,2,2,2,3,2,1,7,6,5,4,7,8,2,2,3,3,3,2,2,2,2,3,3,3,99,99,99,99,99,99,4,1,1,15,4,66,2,2,1,2,3,1,1,0,0,0,0,0
153,4,2,12,4,2,3,0,0,0,0,0,0,0,0,0,0,1,3,3,3,3,3,2,3,3,2,2,1,3,2,4,1,4,5,7,0,3,3,4,1,3,2,3,5,3,3,4,3,2,1,3,2,3,3,4,4,12,2,15,7,66,3,1,1,3,4,0,1,0,0,0,0,0
154,4,2,4,4,3,3,1,0,1,0,0,0,0,0,0,0,0,3,3,3,3,3,3,2,2,3,2,2,2,2,4,3,5,2,6,2,3,2,4,2,2,4,3,4,2,4,2,2,2,2,4,3,4,2,2,5,4,2,2,7,66,2,2,3,4,6,0,1,0,1,1,1,0
155,4,1,12,1,3,3,0,0,1,0,0,0,0,0,0,0,0,3,3,3,3,3,3,2,2,3,2,2,2,2,12,5,5,3,5,5,5,1,3,3,3,3,3,3,3,3,3,3,3,3,3,3,3,3,3,4,12,1,3,1,1,1,5,4,1,4,0,1,1,1,1,1,0
156,4,1,12,2,2,2,0,0,0,0,0,0,0,0,0,0,1,2,3,3,3,3,3,1,1,2,2,2,3,2,2,6,8,5,6,8,6,2,5,1,4,1,2,5,2,4,3,2,2,4,4,5,3,2,2,2,12,2,2,6,66,1,5,4,2,4,0,1,0,0,0,0,0
157,4,2,12,1,3,3,0,0,0,0,0,0,0,0,0,0,1,2,2,3,2,4,3,2,2,3,2,1,3,2,12,99,99,99,99,99,99,99,99,99,99,99,99,99,99,99,99,99,99,99,99,99,99,99,99,5,1,2,3,1,2,1,3,4,1,3,0,1,0,1,0,0,0
158,4,2,12,99,4,4,0,0,0,0,0,0,0,0,0,0,1,2,2,2,2,4,3,2,2,3,2,3,4,1,12,3,3,3,3,0,0,1,5,1,3,3,3,5,2,4,2,3,1,3,3,3,3,3,3,5,12,2,5,2,3,2,4,4,3,3,0,1,0,1,0,0,0
159,4,1,12,1,2,3,0,0,0,1,0,0,0,0,0,0,0,1,3,3,3,4,4,4,4,1,2,2,4,2,1,5,1,0,0,8,0,1,5,1,5,1,1,5,5,3,1,2,3,4,2,4,2,3,2,3,2,1,8,1,2,2,5,1,3,3,0,1,0,0,0,0,0
160,4,3,10,10,3,3,0,0,0,0,0,0,0,0,0,0,1,2,2,2,2,4,3,2,3,3,2,1,3,2,12,0,0,0,0,0,0,2,3,2,3,3,3,4,1,3,3,2,2,3,3,3,3,3,4,9,12,1,4,1,2,1,5,1,3,5,1,1,1,1,0,1,0
161,4,2,2,2,1,3,0,0,0,0,0,0,0,0,0,0,1,2,2,3,3,3,3,3,3,2,1,1,3,2,2,0,8,0,0,5,8,2,2,4,4,2,2,5,1,2,5,5,2,1,4,2,2,2,5,4,2,2,13,5,66,2,2,1,6,5,0,1,0,0,0,0,0
162,4,1,7,7,2,3,0,0,0,1,0,0,0,0,0,0,0,2,2,3,3,3,3,3,2,2,1,1,2,2,10,5,4,4,4,5,5,2,3,2,4,3,3,2,3,3,4,3,2,2,2,4,2,2,2,3,1,1,11,7,66,1,5,1,2,4,1,1,0,1,0,1,0
163,4,1,1,1,2,2,0,0,1,0,0,0,0,0,0,0,0,3,3,2,3,3,3,2,3,3,2,2,2,2,1,7,5,4,5,7,3,99,1,3,3,3,3,3,99,99,3,1,3,3,3,3,3,3,3,4,1,1,12,4,66,2,1,1,6,4,1,1,1,0,0,0,0
164,4,1,1,1,2,2,1,0,0,0,0,0,0,0,0,0,0,2,2,2,3,3,3,2,2,2,1,1,3,2,1,99,99,99,99,99,99,1,3,4,2,2,3,2,1,2,2,2,4,2,3,4,2,3,5,3,2,1,13,7,66,2,2,1,6,4,1,1,0,0,0,0,0
165,5,1,1,1,2,2,0,0,0,1,0,0,0,0,0,0,0,2,2,3,3,3,3,3,3,2,2,2,3,2,1,8,5,3,5,8,5,1,4,1,4,2,2,5,2,2,2,5,5,3,3,5,1,3,3,4,1,1,11,4,66,2,3,1,3,4,1,1,0,0,0,0,0
166,5,2,12,4,2,3,0,0,0,0,0,0,0,0,0,0,1,3,3,3,3,2,2,2,2,2,2,2,3,2,99,3,3,3,5,0,1,3,3,3,3,3,2,4,3,4,3,2,3,2,2,3,2,2,4,2,4,2,9,1,3,2,2,1,2,4,1,1,0,1,1,0,0
167,5,1,1,1,2,3,0,1,0,1,0,0,0,0,1,0,0,2,2,2,2,2,3,2,2,2,3,1,3,2,3,5,6,10,4,8,7,3,3,3,4,2,2,3,1,2,3,2,2,2,2,4,2,4,2,4,3,2,12,2,4,2,1,1,2,5,1,1,0,1,0,0,0
168,5,3,1,1,1,2,0,0,0,0,0,0,0,0,0,0,1,2,2,2,4,3,3,2,2,2,1,1,2,2,1,6,2,3,2,6,1,2,2,2,2,2,3,4,1,1,3,1,3,2,2,3,2,3,4,4,3,1,13,2,4,3,3,1,99,5,0,1,0,0,0,0,0
169,5,1,1,3,3,3,0,1,0,0,0,0,0,0,0,0,0,2,2,2,3,3,4,3,3,2,1,1,3,2,1,5,3,3,2,8,5,3,5,3,2,3,1,5,1,5,2,1,5,3,5,1,3,3,5,1,1,1,8,2,4,1,2,1,2,5,0,1,1,1,0,0,0
170,5,2,4,4,2,3,0,0,0,0,0,0,0,0,0,0,1,1,2,2,2,3,3,5,5,2,2,1,3,2,12,4,4,4,7,4,4,2,3,3,4,3,2,5,3,3,2,2,3,3,3,3,3,3,4,2,4,1,9,8,66,2,2,1,2,6,1,1,0,0,0,0,0
171,5,1,1,1,2,2,0,0,0,0,0,0,0,0,0,0,1,4,3,4,2,3,4,2,2,3,1,1,2,2,1,5,0,0,0,5,0,1,1,4,3,1,1,1,2,2,1,5,4,1,2,5,5,5,4,1,1,2,14,7,66,3,5,1,5,4,0,1,0,1,0,0,0
172,5,2,2,7,2,2,0,0,0,0,0,0,0,0,0,0,1,1,2,2,2,3,5,4,3,1,2,2,3,2,7,0,7,0,0,0,6,3,4,1,3,2,3,5,1,3,4,1,1,2,4,3,2,4,4,3,2,2,14,7,66,2,5,1,2,5,1,1,1,1,0,0,0
173,5,2,2,2,2,2,0,0,0,0,0,0,0,0,0,0,1,2,2,3,3,4,2,3,3,2,1,1,3,2,2,99,99,99,99,99,99,1,2,3,4,3,1,2,2,2,3,4,4,2,3,3,3,3,4,1,12,1,12,4,66,2,2,1,2,4,1,1,0,1,0,1,0
174,5,1,1,1,2,3,0,1,1,1,0,0,0,0,0,0,0,2,2,3,3,4,4,3,3,2,1,1,2,3,1,10,7,7,7,8,6,3,3,3,3,2,2,2,1,2,3,4,4,3,4,4,3,3,2,4,1,2,12,7,66,2,2,1,2,5,1,1,1,0,0,0,0
175,5,2,12,9,2,4,0,0,0,0,0,0,0,0,0,0,1,4,4,4,2,4,2,1,2,3,1,1,2,2,9,0,0,0,2,0,0,2,3,3,3,2,2,5,4,3,3,5,4,1,2,5,3,3,5,2,9,1,10,7,66,2,5,1,3,5,0,1,0,1,0,1,0
176,5,1,1,1,2,3,0,0,0,0,0,0,0,0,0,0,1,2,2,2,2,2,2,5,3,3,2,2,3,1,1,10,0,5,0,10,0,3,3,3,3,3,3,5,3,4,2,2,2,1,3,3,3,3,5,4,1,2,11,7,66,3,2,1,1,6,0,1,0,0,0,0,0
177,5,1,1,1,2,2,0,0,0,1,0,0,0,0,0,0,0,2,2,2,2,2,3,3,3,3,1,1,2,1,1,8,5,5,5,6,5,2,3,2,3,3,2,4,3,3,3,2,2,2,3,3,3,2,2,2,1,1,9,1,2,1,2,1,4,4,1,1,1,1,0,0,0
178,5,3,12,99,3,3,1,0,0,0,0,0,0,0,0,0,0,2,2,3,3,3,3,2,2,2,2,1,3,2,1,5,5,5,5,5,5,2,3,3,3,2,3,4,1,2,1,1,1,2,3,3,3,3,3,4,3,2,7,1,2,3,2,1,6,5,0,0,0,1,0,0,0
179,5,2,2,2,2,3,1,0,0,0,0,0,0,0,0,0,0,3,3,3,3,3,3,3,2,2,1,1,3,2,12,2,5,2,2,2,5,3,5,3,3,2,3,4,1,3,2,3,3,2,3,2,2,3,5,2,2,2,13,7,66,2,2,1,3,3,1,1,1,0,0,0,0
180,5,1,1,1,4,2,1,0,0,0,0,0,0,0,0,0,0,1,1,1,3,3,3,3,2,2,1,1,2,2,1,8,6,6,6,8,4,1,2,2,2,2,1,1,1,1,1,1,1,1,1,1,1,1,1,1,1,2,14,7,66,3,1,1,6,2,0,1,0,0,0,0,0
181,5,2,4,4,2,2,0,0,1,0,0,0,0,0,1,0,0,1,2,3,2,3,4,3,3,2,2,1,2,2,12,5,6,4,7,5,5,3,4,1,3,2,2,4,2,2,2,2,2,4,4,5,2,2,5,4,12,2,9,2,2,3,3,4,1,4,1,1,0,1,1,0,0
182,5,3,3,4,2,2,0,0,0,0,0,0,0,0,0,0,1,2,2,3,3,3,3,2,2,3,1,1,3,2,4,6,4,5,5,6,4,2,3,1,4,3,2,5,1,3,4,3,3,3,3,5,3,3,3,2,4,2,11,5,66,2,3,1,2,6,1,1,0,1,0,0,0
183,6,2,12,2,2,3,0,0,1,0,0,0,0,0,0,0,0,4,2,4,4,4,4,4,3,2,2,2,3,2,10,2,5,2,2,3,5,2,4,2,5,3,3,1,1,3,2,3,2,1,3,1,1,5,4,4,2,2,15,7,66,3,1,1,4,6,0,1,0,0,0,0,0
184,6,2,2,2,2,3,0,0,0,0,0,0,0,0,0,0,1,3,3,3,4,4,4,3,3,2,2,2,2,2,12,4,4,3,3,1,2,1,1,1,4,1,1,5,1,4,1,3,1,2,2,5,2,2,5,2,1,1,5,2,2,1,3,1,3,4,0,1,0,1,0,1,0
185,6,1,1,1,1,2,0,1,0,1,0,0,0,0,0,0,0,2,2,3,2,3,3,2,2,2,2,1,2,2,1,7,5,5,5,7,6,3,3,2,4,3,4,4,2,2,3,3,3,2,4,3,2,3,4,3,1,1,13,7,66,2,5,1,2,3,1,1,0,1,0,0,0
186,6,2,12,1,4,3,0,0,0,0,0,0,0,0,0,0,1,2,2,3,3,3,3,3,2,3,2,1,3,2,12,4,4,4,4,3,3,2,3,2,3,2,3,3,99,3,2,1,1,3,3,3,3,3,3,5,1,2,6,5,66,2,2,2,99,4,0,1,0,1,0,0,0
187,6,2,2,2,1,4,0,0,0,0,0,0,0,0,0,0,1,2,2,3,3,4,4,3,2,1,1,1,3,2,12,0,5,0,4,4,6,2,1,1,3,3,2,4,1,2,3,1,1,1,2,1,1,1,5,4,12,2,14,7,66,3,2,1,2,7,0,1,0,1,0,0,0
188,6,2,4,4,3,3,0,0,1,0,0,0,0,0,0,0,0,2,2,3,2,3,3,2,3,2,2,1,2,1,4,6,5,5,10,5,5,2,4,2,3,2,3,4,2,4,2,2,2,4,3,4,2,4,3,4,4,1,9,8,66,2,2,1,4,6,0,1,0,1,0,0,0
189,6,2,8,6,2,3,0,0,0,0,0,0,0,0,0,0,1,2,2,2,2,2,2,2,2,3,2,2,2,3,1,5,5,5,5,5,5,3,5,1,1,3,1,2,1,3,1,1,2,2,3,3,3,3,5,2,6,1,8,2,3,1,2,1,3,4,1,1,1,1,0,1,0
190,6,2,4,4,3,2,1,0,1,0,0,0,0,0,0,0,0,2,2,2,3,3,3,2,2,3,2,2,3,2,4,5,6,6,8,5,5,3,1,1,3,2,2,3,1,2,2,2,2,2,4,2,2,3,5,4,12,1,10,8,66,2,1,1,6,7,1,1,0,0,0,0,0
191,6,2,8,4,2,3,0,0,1,0,0,0,0,0,0,0,0,2,3,3,3,3,4,3,2,1,2,1,3,2,4,2,1,0,5,4,1,1,3,2,3,3,2,4,2,3,1,3,3,2,3,3,3,3,5,4,4,2,9,5,66,2,2,1,6,4,1,1,0,0,0,0,0
192,6,2,12,6,1,4,0,0,0,0,1,0,0,0,0,0,0,4,4,4,4,2,2,1,1,3,2,1,1,1,6,0,0,0,10,0,0,2,3,3,1,1,1,5,1,5,1,3,5,1,5,2,5,3,3,3,6,2,9,8,66,2,2,1,2,6,0,0,0,0,0,1,0
193,6,2,5,99,2,3,0,1,1,0,1,0,0,0,0,0,0,3,3,3,4,4,5,2,2,3,3,3,2,2,1,6,3,3,4,3,3,4,3,99,4,2,2,2,3,3,3,3,2,3,3,4,4,4,3,4,3,1,10,99,66,1,2,1,1,5,1,1,0,1,0,1,0
194,6,2,6,11,3,3,0,0,0,0,0,0,0,0,0,0,1,2,2,2,2,2,2,2,2,2,2,2,3,2,12,5,5,5,5,5,5,3,3,1,3,2,2,4,1,4,3,3,3,3,3,2,4,3,3,4,12,1,8,8,66,1,3,1,2,5,1,1,0,0,0,0,0
195,6,2,4,4,4,4,0,0,0,0,0,0,0,0,0,0,1,3,4,2,2,3,3,2,2,2,1,1,3,2,4,0,2,3,10,0,1,2,3,3,3,4,2,5,1,4,2,3,3,3,4,5,2,3,5,4,4,1,5,1,2,2,5,1,5,6,0,1,1,1,0,0,0
196,6,2,1,2,3,3,0,0,0,0,0,0,0,0,0,0,1,3,3,3,3,3,3,3,3,3,2,2,1,2,12,4,5,6,5,3,5,1,2,2,4,2,2,3,1,2,2,3,3,1,2,2,2,2,2,2,2,1,3,2,2,1,2,1,6,5,0,0,0,1,1,1,0
197,6,1,2,2,2,3,0,1,0,0,0,0,0,0,0,0,0,3,3,3,3,3,3,3,3,2,2,2,3,2,7,5,5,5,5,5,5,4,5,1,5,1,1,1,1,1,1,1,1,1,5,1,1,1,1,4,1,2,12,5,66,2,4,1,2,4,1,1,0,0,0,0,0
198,6,2,2,4,2,3,0,0,0,0,0,0,0,0,0,0,1,2,3,3,3,3,3,2,2,2,2,1,2,2,12,2,3,3,4,1,2,3,4,2,2,2,2,5,3,4,3,3,2,3,2,3,3,3,4,3,12,1,4,1,1,2,5,5,4,4,1,1,0,1,0,0,0
199,7,2,12,2,4,4,0,0,0,0,0,0,0,0,0,0,1,2,4,3,2,2,1,1,1,3,1,1,2,2,12,0,0,0,5,0,5,1,4,3,3,2,3,5,4,5,1,5,1,1,2,3,5,3,5,3,12,1,2,1,2,1,2,1,4,4,0,0,0,1,0,0,0
200,7,2,12,6,3,4,0,0,0,0,1,0,0,0,1,0,0,2,3,3,3,2,3,2,2,2,2,1,3,2,12,5,5,5,5,1,3,3,3,3,5,3,2,4,99,4,4,1,1,1,3,3,3,3,3,4,6,2,6,2,2,2,3,1,2,4,0,1,0,0,0,1,0
201,7,2,12,99,4,4,0,0,0,0,0,0,0,0,0,0,1,3,3,3,4,4,4,1,2,3,1,1,4,2,12,0,0,0,0,0,0,3,3,3,2,3,2,5,3,5,3,2,3,1,3,5,5,3,4,2,12,1,7,2,2,3,2,4,1,7,0,1,0,0,0,1,0
202,7,2,2,6,2,3,0,0,0,0,0,0,0,0,0,0,1,2,3,2,3,3,4,3,2,3,2,2,3,2,2,1,7,0,4,1,6,4,3,1,4,2,2,4,2,3,5,3,1,2,4,2,2,4,5,5,5,1,8,1,2,1,5,4,1,6,1,1,0,1,0,0,0
203,7,2,4,4,2,4,0,0,0,0,0,0,0,0,0,0,1,3,4,3,3,3,2,2,2,2,1,1,3,2,4,0,1,3,10,0,0,2,1,3,2,4,3,4,5,5,3,5,3,1,2,4,3,2,5,8,4,1,7,1,2,2,3,1,3,4,0,1,0,1,0,1,0
204,7,2,12,6,4,3,0,0,0,0,0,0,0,0,0,0,1,2,3,4,3,2,2,2,2,3,2,2,2,2,12,0,0,0,0,0,0,1,3,3,3,3,3,5,3,5,2,3,3,2,3,3,3,3,3,5,12,2,1,2,2,1,2,4,1,6,0,0,0,0,0,1,0
205,7,2,12,11,1,4,0,0,0,0,0,0,0,0,0,0,1,4,4,4,4,3,3,1,1,3,2,3,3,2,12,0,0,0,0,0,0,3,4,1,1,1,1,5,5,5,5,1,1,3,5,3,2,3,5,9,12,1,2,8,66,4,6,2,1,2,1,1,0,1,1,1,0
206,7,2,1,99,3,3,0,0,0,0,0,0,0,0,0,0,1,3,3,4,4,5,5,5,5,5,1,1,3,2,12,0,0,10,0,10,0,3,3,99,3,2,3,3,2,3,3,3,3,1,3,3,2,3,3,4,12,2,12,7,66,3,7,4,1,5,1,1,0,0,0,0,0
207,7,1,1,1,2,2,0,1,1,0,0,0,0,0,0,0,0,2,2,3,3,3,3,3,2,2,2,2,2,1,1,8,5,6,4,7,6,1,4,1,4,2,2,4,2,3,4,4,2,2,2,3,1,3,4,2,1,1,14,7,66,2,2,1,3,4,1,1,0,0,0,0,0
208,7,2,1,1,3,3,0,0,0,0,0,0,0,0,0,0,1,2,2,3,2,3,2,2,2,3,2,1,3,2,1,5,4,4,4,4,3,2,5,1,5,2,2,3,4,5,4,2,2,3,4,5,3,2,5,2,12,2,5,1,2,2,3,4,5,4,0,1,0,1,0,0,0
209,7,2,3,3,2,3,0,1,0,0,0,0,0,0,0,0,0,2,2,3,2,3,3,3,2,2,2,1,2,2,1,6,5,8,5,5,5,2,3,1,3,3,2,4,1,3,2,4,3,1,4,2,2,4,4,2,3,2,7,5,66,2,5,1,3,3,1,1,0,1,0,0,0
210,7,2,12,4,2,3,0,0,1,0,0,0,0,0,0,0,0,3,4,4,3,2,3,1,1,1,1,1,2,2,4,0,0,0,7,0,0,1,1,1,1,1,1,5,1,4,5,4,5,1,1,5,4,5,5,2,4,1,4,1,1,1,3,4,1,4,0,0,0,0,0,1,0
211,7,2,2,2,2,2,1,0,0,0,0,0,0,0,0,0,0,2,2,3,3,3,3,2,2,2,2,2,2,2,2,4,8,3,3,4,8,3,1,1,3,1,2,5,1,5,5,5,5,1,1,5,5,5,5,2,2,2,12,5,66,2,2,1,3,5,1,1,0,0,0,0,0
212,7,1,1,1,2,2,0,0,0,1,0,0,0,0,0,0,0,2,2,3,3,3,3,3,5,2,3,3,3,2,1,8,0,4,3,8,0,2,3,1,5,99,3,5,1,3,99,5,5,1,5,4,3,99,99,9,1,1,8,2,2,3,2,1,3,6,1,1,0,0,0,0,0
213,7,2,1,1,2,3,0,0,0,0,0,0,0,0,0,0,1,2,2,2,2,2,2,2,3,3,1,2,2,2,1,6,3,4,3,3,2,2,1,1,3,3,3,3,3,3,2,4,2,2,2,3,2,3,3,2,1,1,9,2,2,1,2,1,1,4,1,1,0,1,0,1,0
214,7,1,4,4,2,2,0,1,1,0,0,0,0,0,0,0,0,3,3,3,3,3,3,1,2,2,2,1,2,2,4,5,4,6,7,5,3,3,3,1,5,1,1,3,3,4,2,3,5,5,3,5,3,5,5,5,4,2,14,3,66,2,2,1,1,4,1,1,0,0,0,1,0
215,7,2,2,4,1,4,0,0,0,0,0,0,0,0,0,0,1,3,4,3,3,3,3,2,2,2,2,1,3,2,4,3,1,0,7,3,1,2,1,4,5,4,1,5,1,5,5,5,5,3,5,5,5,5,4,4,4,2,10,1,3,2,5,1,2,5,0,1,0,1,0,1,0
216,7,2,12,99,2,4,99,99,99,99,99,99,99,99,99,99,99,2,2,3,3,3,2,1,1,2,3,1,3,2,12,0,99,99,99,0,99,3,2,2,3,2,2,5,2,5,2,5,5,2,3,1,3,3,3,4,99,1,12,8,66,2,1,1,2,6,0,0,0,0,0,1,0
217,7,2,12,99,3,3,0,0,0,0,0,0,0,0,0,0,1,2,2,3,3,4,4,2,2,3,2,2,3,2,12,99,99,99,99,99,99,2,3,2,3,2,3,4,3,3,2,2,2,2,3,3,3,3,4,4,99,2,11,5,66,2,2,1,2,6,0,1,0,0,0,0,0
218,7,2,4,2,2,3,0,0,0,0,0,0,0,0,0,0,1,2,2,2,2,3,3,1,2,2,1,1,2,1,3,4,4,7,8,6,7,2,4,1,2,2,1,1,1,2,1,2,2,4,1,5,2,5,5,2,4,2,6,2,3,2,4,1,5,3,1,1,0,1,0,0,0
219,7,3,1,1,3,3,0,0,0,0,0,0,0,0,0,0,1,3,2,3,2,3,3,5,3,3,3,3,3,2,12,99,99,99,99,99,99,2,3,3,3,3,2,5,3,4,2,3,3,3,3,3,3,3,5,2,12,2,9,1,3,2,4,1,4,4,1,1,0,1,0,1,0
220,7,1,1,1,1,2,0,1,1,0,0,0,0,0,0,0,0,2,2,3,3,4,4,3,4,1,1,1,2,2,1,10,0,5,5,10,0,1,1,1,5,1,5,1,3,1,3,1,1,1,1,5,1,1,1,4,1,1,10,1,2,2,2,1,2,3,1,1,0,1,0,0,0
221,7,1,1,1,2,3,0,0,0,0,0,0,0,0,0,0,1,2,2,3,3,3,3,2,2,2,2,1,3,2,1,99,99,99,99,99,99,3,5,1,3,1,2,3,3,2,1,3,3,1,2,2,3,3,3,1,1,1,13,7,66,3,2,1,1,5,1,1,0,0,0,0,0
222,7,2,4,4,3,3,0,0,1,1,0,0,0,0,0,0,0,2,3,4,4,4,4,4,4,1,1,1,3,2,4,7,5,5,8,7,4,3,1,1,4,4,4,2,2,2,5,1,1,2,3,2,3,2,4,3,1,1,11,8,66,2,2,1,2,6,1,1,0,1,0,1,0
223,7,3,12,99,2,3,0,0,0,0,0,0,0,0,0,0,1,2,2,3,3,3,3,3,2,2,1,1,5,2,12,5,5,5,5,5,5,2,3,2,3,2,2,4,3,3,3,3,3,2,4,3,3,2,2,2,12,1,9,2,3,1,2,1,3,5,1,1,0,1,1,1,0
224,7,1,12,1,5,4,0,0,0,0,0,0,0,0,0,0,1,3,3,3,5,5,5,5,5,1,1,1,3,1,1,99,99,99,99,99,99,99,99,99,99,99,99,99,99,99,99,99,99,99,99,99,99,99,99,9,99,2,15,7,66,3,1,1,1,6,0,1,0,0,0,0,0
225,7,1,1,1,4,2,0,0,0,0,0,0,0,0,0,0,1,2,2,2,2,2,2,2,2,1,2,2,2,2,1,5,5,5,5,5,0,1,5,1,3,3,1,3,1,3,1,3,5,5,1,5,5,5,5,2,1,1,7,3,66,2,3,1,5,3,0,1,0,1,0,0,0
226,7,2,12,6,2,3,0,0,0,0,1,0,0,0,0,0,0,3,2,3,3,4,4,5,2,2,2,1,2,3,12,5,4,5,5,4,4,2,2,3,3,3,3,5,2,3,3,3,2,2,3,2,3,3,3,5,6,1,4,3,66,2,2,4,6,5,0,1,0,1,0,0,0
227,7,2,12,1,3,3,0,0,0,0,0,0,0,0,0,0,1,3,2,2,2,2,2,3,2,3,1,1,3,2,1,5,6,4,7,7,7,3,2,4,1,1,2,5,5,4,3,3,3,3,3,3,3,3,3,3,1,1,4,2,3,1,2,2,4,3,0,1,0,1,1,1,0
228,7,3,10,10,3,3,0,0,0,0,0,0,0,0,0,0,1,2,2,2,2,2,2,5,2,4,2,1,3,2,12,99,99,99,99,99,99,2,3,3,2,1,1,1,3,3,3,1,1,3,3,4,1,99,5,3,12,2,7,5,66,2,2,1,4,4,0,0,0,1,0,0,0
229,7,2,6,6,2,4,0,0,0,0,0,0,0,0,0,0,1,2,3,3,3,3,3,1,2,3,2,2,2,2,6,2,1,3,5,4,4,3,4,2,3,2,2,5,3,5,4,5,3,4,4,4,3,2,3,2,6,2,2,2,3,1,2,4,2,5,0,0,0,0,1,1,0
230,8,2,2,2,2,2,0,0,0,0,0,0,0,0,0,0,1,3,3,2,3,2,4,3,3,2,2,2,3,2,12,5,7,5,7,5,6,3,1,1,3,4,3,4,4,3,1,2,1,2,3,4,3,2,2,4,1,2,9,3,66,1,4,2,2,4,1,1,0,1,1,0,0
231,8,2,12,3,3,3,0,0,0,0,0,0,0,0,0,0,1,2,2,3,3,4,4,3,3,2,1,1,3,2,12,4,4,5,4,3,4,2,2,2,4,2,3,4,1,4,4,4,1,2,2,3,3,3,2,4,1,2,7,1,2,2,2,1,3,4,1,1,0,1,0,0,0
232,8,1,2,2,2,1,0,1,0,0,0,0,0,0,0,0,0,2,3,3,3,3,3,2,2,3,2,1,3,2,2,6,7,6,7,7,8,5,5,1,3,3,4,3,5,5,4,2,1,2,2,3,3,2,2,9,12,2,10,3,66,2,2,2,2,2,0,1,0,0,0,0,0
233,8,2,1,99,2,3,0,0,0,0,0,0,0,0,0,0,1,2,2,2,2,3,4,2,2,2,2,1,3,2,1,3,2,2,2,1,2,2,4,1,5,1,3,2,3,2,2,3,1,2,2,4,1,3,3,2,4,2,7,2,3,2,2,1,4,5,0,1,0,1,0,0,0
234,8,2,4,4,2,3,0,0,0,0,0,0,0,0,0,0,1,3,4,3,3,2,2,2,1,1,1,1,1,2,4,5,3,5,10,3,3,2,3,3,2,2,3,3,2,3,3,5,1,1,1,5,5,1,5,2,4,1,7,3,66,2,3,2,4,5,0,0,0,0,1,0,0
235,8,1,7,7,3,3,0,0,0,0,0,0,0,0,0,0,1,1,1,2,5,5,5,3,2,2,1,1,2,2,12,7,5,5,4,8,8,1,3,2,5,3,3,5,99,4,3,5,2,3,4,1,2,1,5,4,7,1,12,7,66,3,2,4,1,6,1,1,0,0,0,0,0
236,8,2,5,5,1,3,0,0,0,0,0,0,0,0,0,0,1,3,4,4,3,3,3,2,2,2,1,1,2,2,5,2,0,0,0,2,2,3,5,3,3,2,1,4,2,4,4,1,5,2,2,4,2,3,3,2,12,2,4,3,66,2,2,1,4,3,0,1,0,1,1,1,0
237,8,2,5,5,2,2,0,0,0,1,1,0,0,0,0,0,0,2,2,3,3,3,3,3,2,2,2,1,2,2,12,4,4,4,4,4,2,2,3,2,3,2,2,3,2,3,2,2,2,3,4,2,1,3,3,2,12,2,6,2,3,2,3,1,5,5,0,1,0,1,0,0,0
238,8,2,4,4,2,4,0,0,0,0,0,0,0,0,0,0,1,3,3,4,3,3,3,2,2,3,1,1,2,2,4,0,0,1,3,0,0,1,2,3,4,3,1,4,2,3,2,5,5,1,3,5,3,3,4,2,4,1,10,2,2,2,3,1,3,6,0,0,0,1,0,0,0
239,8,2,1,3,2,2,1,0,0,1,0,0,0,0,0,0,0,2,2,2,3,3,3,2,2,2,2,2,3,2,12,5,5,6,5,5,5,2,2,1,3,2,3,3,2,3,3,2,2,3,3,3,3,3,4,4,1,1,11,8,66,2,3,1,2,4,1,1,0,1,0,0,0
240,8,1,2,2,3,3,1,1,0,0,0,0,0,0,0,0,0,1,2,3,3,3,3,2,3,3,2,2,3,2,1,7,6,5,5,7,5,3,3,2,3,2,2,3,2,3,2,2,2,2,3,2,2,3,4,4,2,2,10,1,3,2,3,1,3,4,1,1,0,0,0,0,0
241,8,2,4,4,2,4,0,0,1,0,0,0,0,0,0,0,0,2,4,4,3,4,4,2,2,3,2,2,2,3,4,3,5,4,7,0,5,4,3,1,1,1,1,5,2,5,4,1,2,2,2,5,4,4,2,3,2,1,2,6,66,1,5,1,4,4,0,0,0,0,1,0,0
242,8,2,2,2,3,3,0,0,0,0,0,0,0,0,0,0,1,3,3,3,2,3,2,2,3,2,2,2,3,2,2,5,8,5,3,5,3,3,3,1,2,4,2,4,1,4,3,5,5,2,3,5,3,3,3,4,2,1,12,3,66,2,2,1,5,4,0,1,0,0,0,0,0
243,8,1,1,1,2,2,0,1,1,0,0,0,0,0,0,0,0,2,3,3,3,3,3,2,2,2,2,2,3,1,1,6,1,2,1,4,1,2,4,1,4,2,2,4,1,2,2,3,3,2,3,4,3,4,3,2,1,1,13,3,66,2,1,1,3,4,1,1,0,0,0,0,0
244,8,2,1,1,1,3,0,1,0,1,0,0,0,0,0,0,0,2,2,3,3,3,3,2,2,3,1,1,2,1,2,99,99,99,99,99,99,3,1,1,5,1,3,2,1,2,2,3,1,3,1,5,3,1,5,2,12,1,9,3,66,1,2,1,3,4,1,1,0,1,0,0,0
245,8,1,1,1,3,2,0,0,0,0,0,0,0,0,0,0,1,2,2,2,3,3,3,3,2,2,2,2,2,1,1,8,4,4,4,8,4,3,3,2,3,2,2,4,2,4,2,3,3,3,3,3,3,3,3,4,1,2,10,4,66,2,2,1,3,4,1,0,0,0,0,0,0
246,8,1,1,1,2,2,1,1,1,1,0,0,0,0,0,0,0,2,2,2,2,5,5,3,2,2,2,2,2,2,1,8,5,5,4,7,6,1,3,1,3,2,3,2,1,2,2,3,1,1,3,3,1,2,2,4,1,2,12,2,4,2,4,1,3,4,1,1,0,0,0,0,0
247,8,2,9,9,1,4,0,0,0,0,0,0,0,0,0,0,1,3,4,3,2,2,2,1,1,4,1,1,2,3,9,0,0,0,10,0,0,1,1,3,3,1,1,5,5,4,1,5,5,1,3,5,5,3,5,2,9,2,11,2,4,2,5,3,2,4,0,0,0,1,0,1,0
248,8,1,2,2,3,2,0,0,0,0,0,0,0,0,0,0,1,2,2,2,2,2,2,2,2,3,2,1,3,2,2,5,7,6,5,5,7,2,2,2,4,2,2,3,2,4,3,2,2,2,4,2,2,2,2,3,1,2,9,1,3,1,5,1,2,6,1,1,0,1,0,0,0
249,8,1,2,2,2,3,0,0,0,0,0,0,0,0,0,0,1,2,2,2,3,3,3,4,3,2,2,2,3,2,2,3,3,2,1,5,5,4,5,1,2,2,3,5,2,3,3,5,3,4,4,4,2,2,4,1,2,1,13,7,66,2,2,1,6,6,1,1,0,0,0,1,0
250,8,1,5,1,2,3,1,1,0,1,0,0,0,0,0,0,0,3,3,3,3,3,3,2,2,3,2,1,2,1,1,7,5,6,4,7,3,3,5,2,3,3,2,3,3,3,3,2,3,2,3,3,3,3,2,5,5,2,10,2,4,2,2,1,3,4,0,1,0,1,0,0,0
251,8,1,1,3,2,3,0,1,1,0,0,0,0,0,0,0,0,2,2,2,2,3,2,2,2,3,2,1,3,2,7,5,5,8,5,3,5,1,2,1,3,1,2,4,2,2,2,1,1,2,4,3,1,3,5,5,2,2,5,2,2,2,2,1,6,5,1,1,0,1,0,1,0
252,8,2,12,99,4,4,0,0,0,0,0,0,0,0,0,0,1,3,3,3,3,3,3,2,1,1,2,1,3,2,12,0,0,0,5,0,0,2,3,2,4,2,3,5,3,3,2,2,2,3,3,3,3,3,3,3,4,1,6,2,2,2,2,4,2,4,0,1,0,1,1,1,0
253,8,2,4,4,1,4,0,0,0,0,0,0,0,0,0,0,1,2,3,3,3,3,4,3,2,2,1,1,3,2,4,2,2,0,6,0,3,1,1,4,4,2,2,2,2,2,3,3,2,2,3,4,3,4,4,2,4,2,11,7,66,2,2,1,4,5,1,1,1,1,1,1,0
254,8,1,1,1,2,2,0,0,1,1,0,0,0,0,0,0,0,2,2,2,2,3,2,3,2,3,1,1,2,2,1,8,4,4,6,8,4,2,1,4,3,2,2,3,2,3,3,2,3,2,3,4,3,3,3,2,1,1,9,2,2,1,2,1,3,4,1,1,1,1,0,1,0
255,8,2,10,10,2,3,0,0,0,0,0,0,0,0,0,0,1,2,2,3,3,4,4,3,4,2,3,3,3,2,12,5,5,5,5,5,5,1,3,1,2,3,2,4,2,3,2,4,4,2,3,2,3,3,4,2,12,2,11,5,66,2,4,1,2,5,1,1,0,0,0,0,0
256,8,2,1,4,1,3,0,0,0,0,0,0,0,0,0,0,1,4,4,5,2,1,2,1,1,2,1,1,2,3,12,8,0,3,5,0,0,1,2,3,2,2,1,5,3,3,2,3,5,1,1,4,4,5,4,2,4,2,6,7,66,1,2,1,3,7,0,0,0,0,1,1,0
257,8,2,2,4,1,4,0,0,1,0,1,1,0,0,0,0,0,3,3,3,3,3,3,2,1,1,1,1,3,2,6,0,4,0,8,0,5,2,1,3,1,1,99,5,1,5,99,5,5,1,5,1,3,3,5,8,6,1,8,2,3,1,2,3,2,7,0,1,0,1,0,1,0
258,8,2,11,6,1,4,0,0,0,0,0,0,0,0,0,0,1,1,2,1,2,2,2,3,3,2,2,1,3,2,6,0,0,0,0,0,0,2,3,3,1,5,1,5,5,5,5,3,3,1,4,1,1,3,5,2,6,2,7,1,3,1,5,1,4,2,0,1,1,1,1,0,0
259,8,1,1,1,2,3,0,0,0,0,0,0,0,0,0,0,1,2,2,3,3,3,3,3,2,2,2,2,3,2,2,99,99,99,99,99,99,4,5,1,3,3,4,99,3,3,3,2,2,2,2,1,2,2,4,3,2,2,12,5,66,2,3,1,3,5,1,1,0,1,0,0,0
260,8,2,1,4,1,3,0,0,1,0,0,0,0,0,0,0,0,3,3,4,4,4,4,2,2,2,2,2,3,2,1,3,0,1,3,1,0,1,2,1,2,3,4,3,3,2,4,3,1,2,3,3,2,3,3,1,12,1,13,7,66,2,2,1,2,4,0,1,0,0,0,1,0
261,8,2,12,6,2,3,0,0,0,0,0,0,0,0,0,0,1,2,3,2,2,3,3,2,2,2,2,1,2,2,1,3,3,3,3,3,3,2,3,2,4,3,2,4,3,3,2,2,2,3,3,4,3,2,3,5,3,2,4,1,2,2,3,1,3,5,0,1,0,1,0,0,0
262,8,2,2,4,2,3,0,0,1,0,0,0,0,0,0,0,0,3,4,3,2,3,3,4,2,2,2,1,2,1,4,3,5,0,9,1,4,1,3,3,4,2,2,3,4,3,3,3,3,2,3,3,2,3,4,2,4,1,2,6,66,1,5,1,6,2,0,1,0,1,1,1,0
263,8,2,10,10,1,4,0,0,0,0,0,0,0,0,0,0,1,1,1,1,2,3,3,3,3,3,2,2,3,2,10,0,8,0,0,0,8,5,5,1,1,1,1,5,1,5,1,1,1,1,1,1,5,1,5,4,7,2,15,7,66,3,2,1,1,4,1,1,0,0,0,0,0
264,8,2,12,6,2,3,1,1,1,0,1,0,0,0,0,0,0,2,2,2,2,3,3,2,1,2,2,1,3,2,6,3,4,4,5,2,4,4,4,2,4,2,1,5,1,5,2,2,1,3,4,2,2,3,4,2,4,1,9,1,2,2,2,1,3,4,1,1,0,1,0,0,0
265,8,1,1,1,2,2,0,0,1,1,0,0,0,0,0,0,0,2,3,3,2,3,5,2,3,3,1,1,3,2,1,8,0,3,3,8,0,1,5,4,3,3,2,5,1,3,4,5,5,1,2,3,5,3,3,4,1,2,13,5,66,3,1,1,5,4,1,1,0,0,0,0,0
266,8,1,2,4,2,4,0,0,0,0,0,0,0,0,0,0,1,3,3,3,2,3,3,3,2,2,2,2,3,2,12,5,5,0,5,7,7,3,3,2,4,3,3,4,3,4,3,4,1,3,3,3,2,3,5,4,12,1,8,4,66,2,2,1,6,99,1,1,0,1,0,0,0
267,8,3,1,1,2,3,0,0,0,0,0,0,0,0,0,0,1,5,2,5,2,5,5,5,3,5,3,3,3,2,12,99,99,99,99,99,99,3,3,3,3,2,3,5,3,3,3,1,2,3,3,3,3,3,3,2,12,2,10,1,3,2,2,1,3,5,0,1,0,1,0,0,0
268,8,2,4,4,2,3,0,1,0,0,0,0,0,0,0,0,0,2,3,3,3,3,3,4,3,3,2,2,2,2,4,5,6,5,8,5,8,2,2,2,4,3,3,2,2,4,4,2,2,1,4,1,1,1,5,4,3,1,10,1,2,1,5,1,1,5,1,1,0,0,0,0,0
269,8,2,12,99,3,3,0,0,0,0,0,0,0,0,0,0,1,2,3,3,2,2,3,2,2,2,2,2,2,1,12,5,5,5,5,5,5,2,3,2,4,3,2,5,3,4,2,3,3,2,4,3,3,3,3,2,12,2,8,5,66,2,3,1,4,4,0,0,0,1,0,1,0
270,9,1,12,1,2,2,0,0,0,0,0,0,0,0,0,0,1,2,2,2,2,2,2,2,2,2,1,1,3,2,1,5,3,3,3,4,3,1,4,3,4,1,1,3,2,2,4,1,1,1,2,5,4,2,3,1,1,1,9,1,2,1,5,1,3,4,0,0,0,1,0,1,0
271,9,1,1,1,2,3,0,0,0,0,0,0,0,0,0,0,1,2,3,3,3,4,4,3,2,2,1,1,3,2,1,5,0,0,0,5,0,1,3,1,4,3,2,4,3,3,2,3,3,2,2,3,3,4,2,2,12,2,8,1,3,2,3,1,4,4,1,0,0,1,0,0,0
272,9,2,12,1,3,3,0,0,0,0,0,0,0,0,0,0,1,2,3,3,3,3,3,2,2,2,3,1,3,2,12,4,4,4,4,1,2,3,2,3,3,3,3,3,2,4,2,1,1,2,3,3,3,3,3,2,12,2,8,8,66,1,3,1,2,6,0,1,0,1,0,0,0
273,9,2,12,10,2,3,0,0,0,0,0,0,0,0,1,0,0,3,4,2,2,2,3,2,2,2,2,1,3,2,12,99,99,99,99,99,99,3,4,2,2,2,2,4,1,2,4,5,3,4,4,3,3,3,4,5,10,1,5,2,2,2,2,1,5,3,0,0,0,0,0,1,0
274,9,3,1,1,3,2,0,0,0,0,0,0,0,0,0,0,1,2,2,2,2,2,2,2,2,3,2,2,2,1,12,5,5,5,5,5,5,3,3,1,5,3,3,3,3,3,3,4,2,2,4,4,3,3,4,5,12,1,5,1,2,2,5,1,3,4,0,1,0,1,1,1,0
275,9,1,12,1,3,3,0,1,0,0,0,0,0,0,0,0,0,2,2,2,2,3,3,1,2,3,2,2,2,1,1,10,5,8,5,8,5,2,3,1,3,3,2,3,2,3,4,2,2,2,2,3,3,4,2,5,6,2,4,2,3,2,3,1,4,4,0,0,0,1,0,0,0
276,9,3,12,99,4,5,0,0,0,0,0,0,0,0,0,0,1,2,2,2,2,2,2,2,1,3,2,2,2,1,12,5,5,5,5,5,5,2,4,1,3,3,3,4,4,4,1,1,1,3,3,3,3,3,3,4,12,2,3,2,2,2,3,1,2,5,0,0,0,1,1,0,0
277,9,1,1,1,2,2,0,1,0,0,0,0,0,0,0,0,0,3,2,3,3,4,4,3,3,3,2,2,2,1,1,10,5,5,5,10,5,1,3,1,3,3,3,5,3,3,3,3,2,3,4,4,3,3,4,4,1,1,8,2,2,2,2,1,4,4,1,1,0,0,0,0,0
278,9,2,1,1,3,3,0,0,0,0,0,0,0,0,0,0,1,3,3,3,3,3,3,3,3,3,1,2,2,1,1,5,3,2,2,0,0,3,2,1,3,2,2,3,2,3,2,3,3,2,2,4,3,3,3,2,1,1,10,1,1,2,2,1,3,4,1,1,0,0,0,0,0
279,9,1,1,1,2,2,0,1,1,1,0,0,0,0,0,0,0,2,2,5,3,3,3,2,3,2,1,3,3,2,1,8,3,7,4,6,5,1,3,1,4,3,1,2,1,2,2,3,4,3,2,4,3,4,2,1,3,1,14,8,66,2,5,1,2,3,1,1,0,0,0,1,0
280,9,2,2,3,3,2,0,0,0,0,0,0,0,0,0,0,1,3,3,5,2,5,4,3,2,2,2,1,2,3,2,5,7,6,4,5,5,3,2,2,3,2,3,5,1,4,3,2,2,2,3,5,2,3,5,2,12,1,10,2,2,2,2,1,3,4,1,1,0,1,0,0,0
281,9,1,1,1,2,2,0,1,0,0,0,0,0,0,0,0,0,2,2,2,2,2,2,3,2,2,2,1,2,2,1,8,4,6,0,7,6,1,5,1,5,5,3,1,1,2,3,3,3,2,2,2,1,3,5,4,1,1,9,8,66,2,4,1,3,5,1,1,1,1,0,0,0
282,9,3,1,1,1,1,0,0,0,0,0,0,0,0,0,0,1,2,2,2,2,2,3,3,2,1,2,2,3,2,1,99,99,99,99,8,6,5,4,99,1,1,1,4,2,3,3,5,5,5,4,4,5,5,5,1,99,2,14,4,66,2,1,1,6,4,1,1,0,0,0,0,0
283,9,1,1,1,3,2,0,0,0,0,0,0,0,0,0,0,1,2,2,2,2,3,3,2,2,2,1,1,2,2,1,8,4,5,4,5,4,2,3,3,3,2,2,5,3,4,3,3,2,2,3,3,3,3,3,5,1,2,9,2,2,2,2,1,5,5,0,1,0,1,0,0,0
284,9,1,11,99,2,3,0,0,0,0,0,0,0,0,0,0,1,3,3,3,4,4,4,3,2,2,1,1,3,2,12,4,3,3,2,5,3,2,1,2,2,2,2,2,1,3,3,3,2,3,4,2,2,4,4,5,12,1,11,2,3,3,5,1,99,5,0,1,1,0,0,0,0
285,9,2,12,1,3,2,0,0,0,0,0,0,0,0,0,0,1,1,2,2,3,3,2,1,1,2,2,2,2,1,1,99,99,99,99,99,99,1,2,1,3,3,3,2,1,3,1,1,2,2,3,2,5,3,3,5,1,2,2,3,66,1,2,1,3,4,1,1,0,1,0,1,0
286,9,3,4,4,2,3,0,1,1,0,0,0,0,0,0,0,0,2,2,3,4,4,4,3,2,2,1,1,2,2,1,5,0,5,8,5,0,3,3,2,3,3,3,3,1,4,1,1,1,1,3,3,3,3,3,5,1,2,11,1,4,2,4,1,3,4,0,1,0,0,0,0,0
287,9,1,1,2,3,3,0,0,1,0,0,0,0,0,0,0,0,3,3,3,2,5,4,2,2,2,1,1,3,2,12,5,3,3,3,4,3,2,1,2,2,2,1,2,1,1,1,2,2,3,3,2,3,3,3,2,12,1,5,1,2,2,1,1,4,5,0,0,0,1,0,1,0
288,9,1,12,2,2,3,1,0,0,0,0,0,0,0,0,0,0,2,2,3,2,4,4,3,2,2,2,2,3,2,12,5,8,5,8,5,8,2,3,1,4,3,2,2,2,3,2,2,3,4,4,3,2,2,4,2,4,2,6,8,66,2,3,1,4,5,0,1,0,1,0,0,0
289,9,3,1,1,3,3,0,0,0,0,0,0,0,0,0,0,1,3,3,3,3,4,4,2,2,3,2,2,2,2,1,5,5,5,5,7,5,3,4,1,2,2,2,5,1,4,1,2,2,2,4,3,2,3,5,2,12,1,7,1,2,3,5,1,4,4,0,1,0,1,0,0,0
290,9,2,2,2,2,2,0,0,0,0,0,0,0,0,0,0,1,2,2,2,2,3,3,2,2,2,2,2,2,2,2,6,8,5,5,6,5,2,3,2,4,2,2,4,2,3,3,3,2,2,4,5,5,3,3,4,1,1,10,2,2,1,2,1,2,3,0,1,0,1,0,0,0
291,9,1,3,3,2,2,0,1,0,0,0,0,0,0,0,0,0,2,2,3,3,3,3,3,3,2,1,1,2,2,1,7,3,5,2,6,4,2,2,1,4,3,2,2,1,1,1,3,2,3,3,5,2,2,5,2,3,2,11,2,3,4,2,1,3,3,1,1,0,1,0,0,0
292,9,1,1,1,2,2,0,1,0,1,0,0,0,0,0,0,0,2,2,2,2,3,3,3,4,2,2,2,3,2,1,7,4,4,4,5,5,3,4,2,4,2,2,4,2,3,4,3,1,3,4,3,3,3,2,2,1,2,12,5,66,2,1,1,6,4,1,1,0,1,0,0,0
293,9,2,2,2,2,2,0,0,0,1,0,0,0,0,0,0,0,2,2,2,5,5,5,5,5,5,3,2,2,1,2,99,99,99,99,99,6,2,2,2,4,2,2,4,2,2,99,3,4,2,4,4,4,3,4,4,2,1,13,7,66,2,2,1,5,4,1,0,0,0,0,0,0
294,9,2,1,1,4,3,0,0,0,0,0,0,0,0,0,0,1,3,3,3,3,3,2,3,3,3,3,1,3,2,12,99,99,99,99,99,99,2,3,2,3,2,3,4,3,3,5,3,3,2,3,4,4,3,3,2,12,1,6,99,66,1,3,1,5,99,0,1,0,1,0,1,0
295,9,3,12,99,3,3,0,0,0,0,0,0,0,0,0,0,1,3,3,3,3,3,3,3,3,3,2,2,4,2,12,99,99,99,99,99,99,4,4,1,3,2,3,5,1,5,5,3,1,2,5,1,2,3,5,4,12,1,14,8,66,1,3,1,1,6,0,1,0,0,0,0,0
296,10,1,1,1,3,3,0,0,0,1,0,0,0,0,0,0,0,2,2,3,3,3,3,2,2,2,1,1,2,2,5,7,4,4,6,6,5,2,3,4,2,4,4,4,3,4,2,2,3,2,2,4,4,4,2,2,1,1,4,2,2,1,5,4,1,4,1,1,0,1,1,1,0
297,10,2,12,99,2,2,0,0,0,0,0,0,0,0,0,0,1,3,4,4,4,4,3,2,3,2,2,3,3,2,12,0,99,99,99,0,99,3,4,1,4,4,3,5,3,3,4,2,2,3,3,1,3,4,2,2,2,2,2,6,66,1,5,1,3,4,0,1,0,1,0,0,0
298,10,1,12,1,3,2,0,0,0,0,0,0,0,0,0,0,1,2,2,2,2,3,3,3,2,2,2,2,3,2,1,5,5,5,5,7,7,3,3,1,3,1,1,5,1,5,3,5,1,5,5,5,1,5,5,4,1,1,7,3,66,2,4,1,2,6,1,1,0,0,0,1,0
299,10,2,12,6,2,4,0,0,1,0,1,0,0,0,0,0,0,2,2,2,3,3,3,2,3,2,2,3,3,2,1,2,5,2,5,0,2,1,3,2,2,2,1,3,1,3,1,1,3,1,3,3,4,3,5,2,6,2,4,2,2,1,5,1,4,6,0,1,0,0,1,0,0
300,10,2,1,1,2,3,0,0,0,0,0,0,0,0,0,0,1,1,2,2,3,4,4,2,2,4,2,1,2,2,1,6,5,4,4,4,4,2,2,1,5,2,1,1,1,2,2,1,1,2,2,4,4,5,1,5,12,2,4,1,1,1,6,4,2,4,1,1,0,1,1,0,0
301,10,1,12,3,3,3,1,1,1,0,0,0,0,0,0,0,0,2,2,2,2,3,3,2,3,3,2,2,2,1,3,6,6,6,6,6,6,1,3,2,5,1,2,5,3,3,2,1,1,3,3,3,3,3,3,4,1,2,6,8,66,4,7,5,99,99,1,1,0,0,0,0,0
302,10,1,1,1,1,1,0,1,1,1,0,0,0,0,0,0,0,2,2,3,3,3,3,4,4,2,2,2,3,2,1,10,0,0,0,10,0,3,5,1,5,2,1,2,1,3,1,5,5,2,3,3,2,3,5,4,1,1,14,7,66,2,2,1,3,4,1,1,1,0,0,0,0
303,10,2,12,4,4,3,0,0,0,0,0,0,0,0,0,0,1,2,2,3,5,5,5,5,5,2,2,2,3,2,1,5,3,4,7,5,3,3,4,2,4,3,3,5,2,4,3,2,2,2,3,4,2,3,4,4,12,2,15,7,66,3,2,1,2,5,0,1,0,0,0,0,0
304,10,1,1,1,2,2,0,1,0,1,0,0,0,0,0,0,0,2,2,3,3,3,3,3,3,2,2,2,3,2,1,8,4,4,4,7,4,2,3,3,4,2,3,4,1,2,2,5,2,1,3,5,2,3,3,4,1,2,14,7,66,3,2,1,1,6,1,1,0,0,0,0,0
305,10,1,2,2,2,2,1,0,0,0,0,0,0,0,0,0,0,3,2,3,2,2,2,3,2,2,1,2,3,2,2,5,5,2,2,6,6,3,1,3,3,3,3,4,1,2,3,4,4,2,3,3,3,3,3,4,2,2,11,7,66,3,2,1,1,5,1,1,0,0,0,0,0
306,10,1,1,1,1,2,0,0,0,1,0,0,0,0,0,0,0,2,1,2,2,2,2,1,1,2,1,1,2,1,1,99,99,99,99,99,99,1,5,3,2,2,2,5,1,1,5,5,1,5,2,1,1,1,1,4,1,1,12,4,66,2,4,1,2,3,1,1,1,0,0,0,0
307,10,2,1,1,2,3,0,0,0,0,0,0,0,0,0,0,1,2,3,3,3,4,4,4,3,2,3,1,3,2,1,3,2,1,2,0,0,1,3,1,3,1,3,2,1,3,2,2,1,1,3,2,2,3,4,8,12,2,7,1,2,1,3,1,2,6,1,1,0,1,0,0,0
308,10,3,2,1,5,5,0,0,0,0,0,0,0,0,0,0,1,2,2,2,2,3,3,3,3,3,2,2,2,1,1,6,4,3,3,5,4,3,3,2,4,4,3,5,1,5,3,5,4,3,4,3,4,3,4,2,1,1,9,4,66,1,2,1,1,5,1,1,0,0,0,0,0
309,10,2,4,5,3,2,99,99,99,99,99,99,99,99,99,99,99,3,3,4,3,4,4,2,2,3,1,2,2,2,12,3,3,3,3,0,0,3,3,99,99,99,99,99,99,99,99,99,99,99,99,99,99,99,99,2,9,2,8,2,4,3,2,1,2,3,0,0,0,1,0,0,0
310,10,3,2,99,3,3,0,0,0,0,0,0,0,0,0,0,1,3,3,3,3,3,3,2,2,5,2,3,2,2,3,99,99,99,99,99,99,3,3,2,3,3,3,2,3,3,2,2,2,2,4,1,1,3,3,9,99,2,6,1,3,2,4,1,5,4,0,1,0,1,0,0,0
311,10,1,12,1,2,3,0,0,0,0,0,0,0,0,0,0,1,2,2,3,3,3,3,3,3,2,2,2,3,2,12,5,5,5,5,5,5,2,3,3,3,3,3,3,2,3,3,3,3,3,3,3,3,3,3,4,12,1,11,3,66,2,2,1,3,5,1,1,0,1,0,0,0
312,10,1,2,2,2,2,0,1,0,1,0,0,0,0,0,0,0,1,2,1,5,5,5,2,2,2,2,2,2,2,1,9,6,5,5,10,8,2,1,1,2,1,1,5,1,2,4,5,5,4,3,2,4,3,2,2,2,1,15,4,66,2,1,1,2,5,1,1,1,0,0,0,0
313,10,2,4,99,2,4,0,0,0,0,0,0,0,0,0,0,1,2,3,3,3,4,3,2,2,2,2,1,3,2,12,3,2,3,5,0,1,1,1,3,2,1,1,5,4,4,3,3,2,1,3,4,2,4,5,8,12,2,1,6,66,1,5,1,4,7,0,0,0,0,1,0,0
314,10,3,12,99,3,3,0,0,0,0,0,0,0,0,0,0,1,3,3,3,5,5,5,2,2,2,2,3,3,2,99,3,3,3,3,3,3,2,3,3,3,3,2,3,4,3,4,2,1,3,2,3,3,3,2,2,12,1,9,3,66,2,3,1,2,2,0,1,0,1,1,1,0
315,10,1,1,1,2,3,0,0,1,1,0,0,0,0,0,0,0,1,2,3,3,3,4,2,2,2,2,2,2,2,1,7,3,6,6,6,3,3,3,1,4,2,2,2,2,3,4,2,2,1,3,4,2,3,2,5,4,1,5,1,1,2,5,1,4,4,1,0,0,1,0,0,0
316,10,2,12,1,3,3,0,0,0,0,0,0,0,0,0,0,1,2,2,2,3,3,3,3,3,3,2,3,2,2,12,1,1,1,1,1,1,2,4,2,5,2,2,5,4,4,3,2,2,3,4,3,3,3,3,5,12,2,5,1,3,2,5,4,4,4,0,1,0,1,0,0,0
317,10,2,2,2,2,3,1,0,0,0,0,0,0,0,0,0,0,3,4,3,2,3,3,2,2,2,3,2,3,2,2,2,6,4,4,3,5,2,3,2,3,3,2,2,2,2,3,2,1,1,2,3,2,2,3,1,1,1,9,1,2,2,3,1,4,5,1,0,0,1,0,0,0
318,10,1,12,99,4,2,0,0,0,0,0,0,0,0,0,0,1,1,1,1,1,1,1,2,3,3,3,2,2,3,12,0,0,0,0,0,0,1,3,2,4,3,3,5,3,5,1,2,2,1,5,5,5,3,3,4,12,2,3,2,1,1,3,1,2,4,0,1,0,1,1,1,0
319,10,1,1,1,2,2,0,0,0,1,0,0,0,0,0,0,0,3,3,3,3,3,3,4,3,2,2,2,3,2,1,99,99,99,99,99,99,1,99,1,1,1,1,1,1,1,1,2,1,3,3,5,3,3,5,1,1,2,14,7,66,2,1,1,3,5,1,1,0,0,0,0,0
320,10,1,12,4,4,4,0,0,0,0,0,0,0,0,0,0,1,4,4,4,4,4,4,4,1,1,1,1,4,2,12,99,99,99,99,99,99,1,1,5,5,1,1,5,1,5,1,1,1,5,1,5,5,5,3,2,12,1,3,1,2,1,3,1,1,5,0,0,0,1,1,1,0
321,10,2,12,11,3,3,0,0,0,0,0,0,0,0,0,0,1,1,1,3,3,3,3,4,3,1,2,2,1,1,12,3,0,0,0,5,2,1,1,1,99,1,1,1,1,5,1,1,1,1,1,5,1,5,5,2,12,1,10,1,2,3,5,1,1,2,1,1,1,1,0,0,0
322,10,1,1,1,2,3,0,1,1,0,0,0,0,0,0,0,0,2,2,3,3,3,3,3,2,2,2,1,3,2,1,3,3,4,4,2,2,3,3,1,4,2,1,4,1,4,3,3,3,3,3,3,1,4,99,9,3,2,13,5,66,2,2,1,3,4,1,1,0,0,0,0,0
323,10,3,12,2,3,2,0,0,0,0,0,0,0,0,0,0,1,2,2,2,2,5,2,5,5,5,2,3,2,3,12,99,99,99,99,99,99,1,5,4,3,3,3,5,3,4,3,4,3,2,3,3,3,3,3,4,99,2,12,5,66,2,2,1,4,4,1,1,0,0,0,0,0
324,10,2,12,99,2,4,0,0,0,0,0,0,0,0,0,0,1,3,4,3,3,4,4,4,3,2,2,1,3,2,12,0,0,0,0,0,0,3,3,3,3,3,2,4,3,3,3,3,3,2,3,3,2,3,4,2,12,2,9,4,66,2,2,1,4,7,0,0,0,0,0,1,0
325,10,2,12,2,3,3,0,0,0,0,0,0,0,0,0,0,1,3,3,3,4,4,4,3,2,2,2,2,3,2,12,5,5,5,5,4,5,1,1,1,3,3,3,5,1,3,1,2,2,1,3,4,3,3,5,4,99,2,9,2,4,3,2,4,2,6,0,1,0,0,0,0,0
326,10,1,4,2,3,2,1,0,1,0,0,0,0,0,0,0,0,3,3,3,3,3,3,3,3,1,2,2,3,2,1,2,3,2,3,5,5,3,3,1,3,1,3,5,1,4,1,1,1,3,2,4,3,3,4,8,2,2,8,1,2,2,2,4,2,5,0,1,0,1,0,0,0
327,10,2,6,6,3,3,0,0,0,0,1,0,0,0,0,0,0,2,2,3,4,4,4,3,3,2,2,2,3,2,6,4,5,5,5,1,5,1,1,3,3,1,1,5,1,2,2,3,3,4,1,2,4,2,3,2,6,1,8,8,66,2,2,1,5,5,1,1,0,0,0,0,0
328,11,2,4,4,2,2,0,1,1,1,0,0,0,0,0,0,0,2,2,2,2,2,2,2,2,3,1,1,2,2,3,4,4,4,6,4,4,2,3,1,4,1,1,2,2,2,4,3,1,1,4,4,2,2,5,4,12,1,11,2,2,1,2,4,1,5,1,1,0,1,0,0,0
329,11,1,2,2,2,3,1,0,0,0,0,0,0,0,0,0,0,2,2,2,2,5,5,2,2,3,3,3,2,2,2,8,8,6,8,8,8,99,99,99,99,99,99,99,1,99,99,99,99,99,99,99,99,99,99,4,2,2,14,8,66,3,2,1,1,99,1,1,1,0,0,0,0
330,11,2,2,2,1,3,0,0,0,0,0,0,0,0,0,0,1,2,3,3,3,4,4,2,3,4,2,1,2,2,2,0,5,3,3,1,1,2,4,1,3,3,2,5,1,5,3,1,1,2,2,5,4,2,5,8,2,2,11,7,66,2,2,1,4,6,1,0,0,1,0,0,0
331,11,1,1,1,3,3,0,0,0,0,0,0,0,0,0,0,1,2,2,2,2,3,3,2,2,3,1,1,2,2,1,8,3,5,3,5,3,4,5,4,4,2,2,2,1,5,1,2,1,2,4,4,4,3,4,2,1,2,11,5,66,2,2,1,2,7,0,1,0,1,0,0,0
332,11,2,9,9,1,3,0,1,1,1,0,0,0,0,0,0,0,2,3,4,2,4,4,2,1,3,1,1,4,2,1,7,6,6,8,3,9,1,2,4,2,4,1,2,1,1,2,3,1,1,1,3,3,1,2,1,1,1,12,7,66,2,5,2,2,1,1,1,0,1,1,0,0
333,11,3,12,99,4,5,0,0,0,0,0,0,0,0,0,0,1,2,2,2,3,3,4,3,1,1,2,2,2,2,12,99,99,99,99,99,99,4,4,1,5,1,3,5,5,5,1,4,1,2,2,5,4,3,5,2,12,2,1,6,66,1,5,4,4,1,0,0,0,1,1,0,0
334,11,1,7,9,2,3,0,0,0,0,0,0,0,0,0,0,1,2,2,3,3,3,3,3,3,1,1,1,3,2,1,7,5,4,3,8,8,2,3,4,3,2,3,2,1,2,5,2,2,1,4,3,4,2,3,5,1,2,6,1,2,3,5,2,2,6,1,1,0,1,0,0,0
335,11,1,1,1,3,2,0,0,0,0,0,0,0,0,0,0,1,2,2,2,2,3,3,2,2,2,3,1,3,3,1,7,3,4,4,6,2,2,3,2,4,2,2,3,3,2,3,2,3,2,3,4,1,3,3,2,12,2,10,2,3,2,4,2,3,4,1,1,0,1,0,0,0
336,11,2,4,4,2,4,0,0,1,0,1,0,0,0,0,0,0,2,3,3,3,3,2,2,2,2,1,1,3,2,6,2,3,7,8,4,6,1,1,2,2,2,1,5,1,3,2,4,4,1,3,4,2,3,5,4,4,1,8,1,2,2,3,1,2,4,0,1,0,1,0,1,0
337,11,1,5,5,1,3,0,0,0,1,0,0,0,0,0,0,0,2,2,3,4,4,4,4,3,2,2,3,3,2,3,2,3,6,2,9,4,1,3,1,4,2,3,5,2,2,2,5,5,1,4,3,2,4,3,4,12,2,12,2,3,2,2,1,3,4,1,1,0,0,0,0,0
338,11,1,4,6,2,2,0,0,1,0,1,0,0,0,0,1,0,2,2,2,2,3,3,2,1,2,2,2,3,2,1,7,7,6,6,8,6,2,2,1,5,1,2,5,1,2,1,3,3,2,4,2,2,3,3,4,12,1,7,2,2,2,2,1,5,3,0,1,0,1,0,1,0
339,11,2,7,7,1,4,0,0,0,0,0,0,0,0,0,0,1,1,1,2,5,5,5,4,3,2,2,2,3,2,7,0,6,4,2,0,3,5,5,1,99,2,1,1,1,4,3,1,1,5,4,2,1,5,5,4,7,1,11,7,66,1,2,4,1,5,1,1,0,0,0,0,0
340,11,1,4,4,2,2,0,0,0,0,0,0,0,0,0,0,1,3,3,3,3,3,3,2,2,2,2,2,2,1,1,3,3,3,8,3,3,4,4,1,1,1,5,5,5,5,5,1,1,4,4,5,4,2,2,2,4,1,7,2,2,3,5,1,5,3,1,1,1,1,0,0,0
341,11,2,12,6,2,3,0,0,0,0,0,0,0,0,0,0,1,3,3,3,3,3,3,4,4,3,2,1,2,2,1,4,1,2,2,1,2,3,2,2,1,1,1,2,1,3,3,5,5,1,3,3,4,4,5,8,12,1,13,2,3,1,7,4,1,5,0,1,0,1,0,0,0
342,11,2,12,99,2,3,0,0,0,0,0,1,0,0,0,0,0,3,3,3,3,3,3,5,2,5,2,2,3,2,12,1,1,1,2,1,2,3,3,3,3,1,3,3,1,3,3,1,1,3,3,1,3,3,5,5,12,2,8,5,66,2,4,1,99,99,1,1,0,1,1,1,0
343,11,1,1,1,2,2,1,0,0,0,0,0,0,0,0,0,0,3,3,3,3,3,3,3,3,3,2,2,3,2,1,99,99,99,99,99,99,99,99,99,99,99,99,99,99,99,99,99,99,2,99,2,2,99,99,1,1,2,15,5,66,2,2,2,2,4,1,1,0,0,0,0,0
344,11,2,5,5,3,3,0,0,0,0,0,0,0,0,0,0,1,2,3,2,2,2,2,2,2,2,2,1,2,1,12,5,5,5,5,5,5,2,2,2,2,2,2,4,2,4,4,3,3,3,3,3,4,3,3,5,12,2,7,2,2,2,2,4,5,4,0,0,0,1,0,1,0
345,11,1,5,5,2,2,0,1,1,1,0,0,0,0,0,0,0,2,2,3,3,4,3,3,3,3,2,2,5,3,5,5,0,0,0,2,2,2,3,1,1,2,1,99,3,3,3,1,1,1,3,2,1,2,2,2,5,2,11,1,3,2,6,2,3,5,1,1,0,1,0,0,0
346,11,1,2,2,2,2,1,0,0,0,0,0,0,0,0,0,0,1,2,2,2,3,3,4,4,2,2,2,2,2,2,2,3,3,2,7,3,4,5,3,3,2,1,5,1,3,1,3,3,2,4,3,4,3,5,4,2,2,12,5,66,2,2,1,2,4,1,1,0,0,0,0,0
347,11,2,6,6,1,4,0,0,0,0,0,0,0,0,0,0,1,1,3,2,1,1,2,1,1,3,2,1,2,2,6,0,0,0,10,0,0,3,1,2,3,2,1,5,1,5,1,1,1,2,3,3,4,2,5,2,6,2,5,7,66,2,2,4,3,7,0,1,0,1,0,0,0
348,11,2,12,2,2,2,1,1,1,0,1,0,0,0,0,0,0,2,2,2,2,2,2,2,2,3,2,3,2,2,12,6,7,7,7,6,6,2,4,2,3,3,3,3,3,3,2,3,3,3,2,3,2,3,3,1,3,2,7,2,3,2,4,1,4,4,0,1,0,0,0,1,0
349,11,1,12,1,1,3,1,0,0,0,0,0,0,0,0,0,0,2,3,3,3,3,3,3,3,3,2,2,3,2,1,8,8,7,8,8,8,3,3,1,4,3,3,3,4,4,4,4,3,2,3,2,3,2,2,5,1,1,8,3,66,4,5,1,5,3,1,1,1,1,0,1,0
350,11,2,6,6,2,3,0,1,1,0,1,0,0,0,0,0,0,3,3,3,4,4,4,2,2,3,2,1,3,2,4,0,0,7,5,0,2,4,3,1,2,5,1,5,1,3,5,3,3,2,1,2,2,3,5,8,6,1,8,1,4,2,2,1,4,6,0,1,0,1,1,1,0
351,11,2,2,4,2,3,0,0,0,0,0,0,0,0,0,0,1,2,2,3,3,3,3,2,2,3,2,2,3,2,4,5,5,4,6,4,3,1,4,1,5,1,2,4,2,3,1,2,1,2,4,5,3,2,1,5,12,2,1,6,66,1,5,4,2,3,0,1,0,0,1,0,0
352,11,2,7,7,1,4,1,0,0,0,0,1,0,0,1,0,0,2,2,2,4,4,4,4,3,3,2,2,4,2,7,0,4,0,0,2,3,5,5,1,4,3,4,2,1,5,5,1,1,5,5,1,1,1,5,4,7,2,12,5,66,2,4,2,2,5,1,1,1,0,0,0,0
353,11,2,4,4,1,3,0,0,1,0,0,0,0,0,0,0,0,3,3,3,3,3,3,2,2,2,2,1,2,1,1,2,0,0,7,0,0,2,3,1,5,1,1,5,5,3,2,2,4,1,1,5,5,1,4,5,4,2,4,1,2,2,5,2,3,4,0,1,0,1,1,0,0
354,11,3,1,99,3,2,0,0,0,0,1,0,0,0,0,0,0,1,1,3,3,4,4,4,4,2,2,2,2,1,1,8,2,4,2,1,2,1,5,1,3,1,1,5,5,3,3,5,5,5,1,3,3,3,1,2,6,1,7,2,2,2,1,1,4,4,0,1,0,1,0,0,0
355,11,2,7,6,1,4,0,0,0,0,0,0,0,0,0,0,1,3,3,5,2,2,2,2,2,3,2,2,3,2,6,0,5,4,5,0,5,2,3,1,4,3,1,5,3,4,3,1,1,2,3,5,4,3,5,2,6,1,12,7,66,2,2,1,2,3,1,1,0,1,0,1,0
356,11,2,4,99,2,4,0,0,0,0,0,0,0,0,0,0,1,3,3,3,3,3,3,5,3,3,3,1,2,1,12,1,2,1,1,1,1,3,2,2,4,2,3,5,1,4,5,2,3,1,3,3,3,3,5,4,12,2,9,5,66,2,2,1,2,5,1,1,0,0,0,0,0
357,11,2,12,99,2,4,0,0,0,0,0,0,0,0,0,0,1,2,4,3,4,3,3,2,2,3,1,1,3,2,12,99,99,99,99,99,99,1,3,3,5,99,2,3,3,3,2,2,2,2,2,3,4,3,3,2,12,2,4,8,66,2,2,1,4,6,0,1,0,1,1,1,0
358,11,1,12,1,2,4,0,0,0,0,0,0,0,0,0,0,1,3,4,4,4,4,4,3,3,3,2,1,3,2,1,1,0,0,0,0,2,3,2,3,4,3,3,3,4,4,4,3,3,3,2,2,3,3,3,2,1,2,9,7,66,2,2,1,2,4,1,1,0,1,0,0,0
359,11,2,4,4,2,3,0,0,0,0,0,0,0,0,0,0,1,2,2,3,3,3,3,3,2,3,2,2,4,1,4,0,0,0,7,0,0,5,1,1,3,1,1,5,3,5,1,3,3,2,3,1,1,3,3,1,4,1,7,2,4,2,1,1,5,3,0,1,0,1,1,0,0
360,11,2,12,11,3,3,0,0,0,0,0,0,0,0,0,0,1,3,3,3,3,3,3,2,2,2,1,1,3,2,12,3,5,5,5,0,5,1,2,2,2,2,1,3,2,2,2,1,1,2,3,3,3,3,3,5,4,2,5,5,66,2,3,1,5,4,0,1,0,1,1,1,0
361,11,1,1,1,2,2,0,1,1,1,0,0,0,0,0,0,0,2,2,3,2,2,2,2,3,2,2,2,2,1,1,8,4,5,6,9,5,2,4,1,4,2,2,4,2,1,2,3,2,3,3,4,3,3,2,4,1,1,14,7,66,3,1,1,3,5,1,1,0,0,0,0,0
362,11,2,12,6,3,3,0,0,0,0,0,0,0,0,0,0,1,3,3,3,3,2,2,3,2,3,3,1,2,2,12,3,3,3,3,0,3,1,3,3,3,1,1,4,2,4,1,2,2,3,3,2,4,3,2,2,12,1,2,8,66,1,2,1,4,4,0,1,0,1,1,1,0
363,11,1,1,1,2,3,0,1,0,0,0,0,0,0,0,0,0,3,3,4,4,4,4,2,2,2,1,1,2,2,1,6,4,5,4,6,3,1,2,3,3,2,3,2,2,2,2,2,2,2,3,5,2,3,5,2,3,1,7,2,3,1,2,1,4,4,0,1,0,1,0,1,0
364,11,2,12,99,4,3,0,0,0,0,0,0,0,0,0,0,1,3,3,4,3,4,4,3,3,3,3,1,3,2,12,99,99,99,99,99,99,99,99,99,99,99,99,99,99,99,99,99,99,99,99,4,3,99,99,2,12,2,99,99,66,4,3,1,99,99,1,1,0,0,0,0,0
365,11,1,1,1,1,2,0,0,0,1,0,0,0,0,0,0,0,2,2,2,2,2,2,3,3,2,1,1,2,2,1,5,1,1,1,6,1,1,3,1,4,1,1,2,1,2,2,3,3,3,4,5,3,5,5,4,12,1,13,7,66,2,1,1,3,3,1,1,1,1,0,0,0
366,11,1,12,1,3,3,1,0,0,0,0,0,0,0,0,0,0,3,3,3,3,3,3,3,2,2,1,2,2,2,1,6,5,3,5,6,5,1,5,1,3,1,1,5,1,5,1,3,3,1,2,3,1,3,3,4,1,1,10,2,2,2,5,1,6,4,0,1,0,1,0,0,0
367,11,2,12,4,3,3,0,0,0,0,0,0,0,0,0,0,1,2,2,3,3,4,4,3,3,3,2,2,3,2,12,99,99,99,99,99,99,2,1,2,3,2,2,3,1,2,2,2,2,3,3,2,3,3,3,9,12,2,13,7,66,2,1,1,3,4,0,1,0,0,0,0,0
368,11,2,12,99,1,4,0,0,0,0,0,0,0,0,0,0,1,3,3,4,3,3,3,2,2,3,1,1,4,2,7,0,1,1,1,0,0,1,3,3,4,1,1,5,1,3,5,5,5,3,3,1,2,5,5,2,12,2,5,2,2,1,2,1,3,4,0,0,0,1,0,0,0
369,11,1,12,1,3,2,0,0,0,0,0,0,0,0,0,0,1,2,2,3,5,5,5,5,2,2,2,2,3,2,12,5,5,5,5,5,5,1,3,3,4,2,3,2,2,4,99,3,3,2,3,2,4,3,3,4,12,2,15,7,66,3,1,1,1,4,1,1,0,0,0,0,0
370,11,2,6,3,1,4,0,1,0,0,1,0,0,0,0,0,0,4,4,4,3,3,3,2,2,3,2,2,3,2,12,2,1,1,1,1,1,1,2,3,1,5,5,3,5,3,2,5,5,1,1,5,5,1,2,3,12,1,5,1,2,2,2,1,2,3,0,0,0,1,1,1,0
371,11,1,3,3,2,2,1,1,0,0,0,0,0,0,0,0,0,2,3,3,2,3,3,2,3,1,1,1,2,2,1,7,5,7,4,7,4,1,1,1,2,2,3,2,1,2,2,4,5,1,2,5,2,4,5,6,3,1,9,2,2,2,5,1,3,5,0,1,0,1,1,1,0
372,11,1,1,1,3,2,0,0,0,0,0,0,0,0,0,0,1,3,3,3,4,4,4,4,3,2,1,1,3,2,1,99,99,99,99,99,99,2,3,2,3,3,3,4,3,4,3,3,3,2,3,3,3,3,4,2,1,1,4,2,2,1,2,1,4,4,0,1,0,0,0,0,0
373,11,3,12,99,4,4,0,0,0,0,0,0,0,0,0,0,1,3,3,3,3,3,3,3,3,3,3,3,3,3,12,5,5,5,5,5,5,3,3,2,3,3,3,3,2,3,3,3,3,2,3,3,3,3,3,4,12,1,8,3,66,2,2,1,3,4,0,1,0,1,0,0,0
374,11,2,6,6,2,2,0,0,0,0,0,0,0,0,0,0,1,2,2,3,3,3,3,2,2,3,2,2,2,2,6,3,3,0,3,3,3,2,3,1,5,1,2,5,2,3,3,3,3,2,3,3,3,3,2,2,6,2,8,1,3,2,4,1,4,6,0,0,0,1,1,0,0
375,11,1,2,1,1,3,1,0,0,0,0,0,0,0,0,0,0,2,2,5,5,5,5,4,3,1,3,3,4,2,1,5,4,3,0,5,4,3,4,3,4,2,2,3,2,4,4,3,3,4,2,5,2,2,3,1,1,1,12,7,66,3,1,2,1,5,1,1,0,0,0,0,1
376,11,1,1,1,2,2,1,0,1,0,0,0,0,0,0,0,0,1,2,4,4,4,4,2,1,2,2,2,2,2,1,7,5,0,0,5,5,3,2,1,5,2,3,5,2,5,4,3,3,2,3,4,3,3,3,3,2,1,12,7,66,2,2,2,2,6,0,1,0,1,0,0,0
377,11,1,1,1,3,3,0,1,0,0,0,0,0,0,0,0,0,2,2,3,3,4,4,3,3,2,2,1,2,1,1,8,5,7,5,5,5,1,3,2,4,1,1,3,2,3,2,2,2,1,2,4,3,2,4,2,1,2,9,1,3,2,4,1,2,4,1,1,0,1,0,0,0
378,11,2,12,4,2,4,0,0,1,0,0,0,0,0,0,0,0,4,4,3,3,2,3,2,2,3,2,2,2,2,4,4,2,4,7,1,1,1,3,2,4,3,2,5,2,4,5,2,1,4,3,4,4,3,4,2,4,1,2,6,66,1,5,4,5,3,0,1,1,0,1,0,0
379,11,3,7,7,2,3,0,0,0,0,0,0,0,0,0,0,1,2,2,3,4,4,4,5,2,2,1,1,3,2,12,2,8,2,6,4,8,1,3,3,3,2,3,3,2,2,3,3,2,2,2,3,2,2,5,5,2,1,11,7,66,2,5,1,2,4,1,1,0,0,0,0,0
380,11,2,4,4,1,3,0,0,1,0,0,0,0,0,0,0,0,2,3,5,2,2,3,1,1,4,3,1,2,1,4,2,1,1,8,0,3,3,4,1,1,3,4,5,1,5,3,2,2,2,4,5,4,1,5,2,4,1,8,2,2,1,2,1,1,4,0,0,0,1,1,1,0
381,11,1,1,1,2,2,1,0,0,0,0,0,0,0,0,0,0,2,2,2,2,3,3,3,3,3,2,2,2,1,1,7,5,3,3,4,3,3,2,1,3,2,3,3,3,2,2,4,3,2,2,1,2,3,2,2,2,1,15,7,66,3,5,1,1,4,0,1,0,0,0,0,0
382,11,2,12,4,2,2,0,0,1,0,0,0,0,0,0,0,0,2,2,2,2,3,3,2,2,3,1,1,2,2,1,6,5,4,6,5,5,3,3,1,4,2,2,3,2,2,2,1,1,2,3,3,2,2,4,2,1,2,6,2,3,2,2,1,4,5,1,1,0,0,0,0,0
383,11,1,2,2,2,2,1,0,1,0,0,0,0,0,0,0,0,1,1,3,3,3,3,2,2,2,2,2,2,2,1,7,8,4,4,7,8,5,5,1,5,1,1,5,1,1,1,5,1,5,5,4,2,5,5,4,2,1,14,7,66,2,1,1,3,4,1,1,1,0,0,0,0
384,11,2,2,2,2,3,1,0,0,0,0,0,0,0,0,0,0,2,2,3,3,4,4,4,3,1,2,1,4,2,1,3,6,0,2,2,5,4,4,1,5,1,3,2,2,2,4,1,5,1,5,4,3,2,2,4,1,2,11,2,3,2,2,1,3,4,1,1,0,0,0,0,0
385,11,2,12,7,3,3,0,0,0,0,0,0,0,0,0,0,1,3,3,3,3,4,4,4,4,3,2,1,3,2,1,4,4,4,3,2,3,4,2,1,3,3,2,2,3,3,2,3,2,2,2,2,3,3,5,2,1,2,9,1,2,1,4,1,1,3,1,1,1,1,1,1,0
386,11,1,1,1,2,2,1,1,0,1,0,0,0,0,0,0,0,2,2,3,3,3,3,3,2,1,2,2,3,2,1,6,5,5,5,4,4,3,2,1,3,2,2,3,2,3,3,1,1,3,3,3,2,2,2,2,3,2,10,2,3,2,4,1,3,4,1,1,0,1,0,0,0
387,11,2,7,7,2,3,0,0,0,0,0,0,0,0,0,0,1,3,3,3,3,3,3,3,3,3,2,2,2,1,12,3,2,3,2,0,2,3,5,1,3,2,1,2,2,3,3,2,1,3,3,4,3,3,3,2,12,2,8,1,3,3,4,3,2,4,0,1,0,0,0,0,1
388,11,1,4,2,2,3,1,1,0,0,0,0,0,0,0,0,0,2,3,3,3,4,4,3,2,2,1,1,2,2,12,99,99,99,99,99,99,2,2,2,4,2,1,3,1,2,1,2,1,2,5,5,2,1,3,2,1,1,6,2,2,1,5,2,2,2,1,0,0,1,0,0,0
389,11,1,2,2,2,2,0,1,0,0,0,0,0,0,0,0,0,2,2,3,3,4,4,3,2,2,2,1,3,2,2,7,8,5,5,7,7,3,5,1,4,2,1,2,2,4,1,1,1,2,2,3,3,2,4,2,2,2,7,1,2,2,3,2,4,4,0,1,0,0,0,0,0
390,11,1,12,3,2,2,0,0,0,0,0,0,0,0,0,0,1,1,1,5,3,3,3,2,2,3,2,1,2,2,12,5,5,5,5,10,5,3,1,1,1,1,1,5,4,2,3,1,1,2,3,1,1,3,1,5,12,1,7,1,2,2,2,1,5,3,1,0,0,0,0,0,0
391,11,3,12,99,2,3,0,0,0,0,0,0,0,0,0,0,1,5,2,5,5,5,5,5,5,5,2,3,5,3,1,99,99,99,99,99,99,3,3,3,3,3,3,4,2,3,3,3,3,3,3,3,3,3,2,4,1,2,15,7,66,3,2,1,2,7,0,1,0,0,0,0,0
392,11,1,2,2,2,3,0,0,0,0,0,0,0,0,0,0,1,2,2,2,2,2,2,3,3,3,2,2,2,2,2,1,5,1,1,8,2,2,2,2,5,2,4,5,1,5,4,5,5,1,2,2,2,2,3,4,12,1,14,7,66,3,5,1,2,4,1,1,1,0,0,0,0
393,11,2,8,2,3,3,0,0,1,0,0,0,0,0,0,0,0,3,3,3,3,4,4,2,1,1,1,1,2,2,7,3,4,4,3,7,7,1,3,4,3,2,1,1,1,1,3,1,1,4,2,4,1,2,5,5,1,1,10,3,66,2,2,1,2,5,1,1,0,1,0,0,0
394,11,1,1,4,2,2,0,0,1,0,0,0,0,0,0,0,0,2,2,3,2,4,4,2,2,2,2,2,3,2,4,6,2,2,8,5,5,1,3,1,1,1,1,5,5,4,1,1,1,1,2,3,3,3,2,4,4,2,6,1,3,2,5,1,5,5,0,1,0,1,1,1,0
395,11,1,1,1,2,2,0,0,0,1,0,0,0,0,0,0,0,2,2,2,2,2,2,2,2,2,1,1,2,1,1,7,5,5,5,7,5,1,3,3,4,2,3,2,3,2,2,2,4,2,2,5,3,3,2,1,1,1,2,6,66,1,2,1,6,4,1,0,0,0,0,0,0
396,11,2,6,10,2,4,0,0,0,0,0,0,0,0,0,0,1,2,2,3,3,3,3,2,2,2,2,2,3,2,12,2,1,1,0,5,2,3,4,1,4,3,4,5,3,5,4,4,4,2,4,3,2,2,4,3,10,2,9,3,66,1,4,1,2,4,1,1,0,1,1,0,0
397,11,1,3,3,2,3,0,0,0,0,0,0,0,0,0,0,1,2,3,4,2,3,3,1,1,2,3,3,3,2,12,0,5,7,5,7,5,2,4,1,5,1,3,5,1,4,4,1,1,3,3,2,1,1,5,5,4,2,8,99,66,2,5,1,4,4,1,0,0,1,0,0,0
398,11,2,4,4,4,4,0,0,1,0,0,0,0,0,0,0,0,3,3,3,4,4,4,3,2,3,2,2,3,2,4,2,0,1,3,1,0,3,2,2,2,2,2,5,1,4,4,3,3,2,3,5,5,2,5,2,4,1,8,1,2,1,5,2,1,7,0,0,0,1,0,0,0
399,11,2,1,1,3,3,1,0,0,0,0,0,0,0,0,0,0,3,3,3,3,4,4,4,2,3,1,2,4,2,1,0,3,2,1,2,1,3,1,3,1,2,2,5,5,3,3,5,5,3,3,4,99,99,99,2,1,2,14,1,2,2,1,1,5,4,1,1,0,0,0,0,0
400,11,2,11,99,2,4,0,0,0,0,0,0,0,0,0,0,1,3,3,3,3,3,3,2,2,2,2,1,3,2,99,2,7,99,99,2,10,5,5,1,2,3,3,4,2,4,4,1,1,5,3,1,1,3,1,9,99,2,7,3,66,2,4,1,5,3,1,0,0,1,1,0,0
401,11,1,5,5,3,3,0,0,0,0,0,0,0,0,0,0,1,3,3,3,3,3,3,2,2,3,2,1,3,2,12,5,5,5,5,8,4,3,3,3,3,3,2,3,3,4,3,3,4,2,2,3,3,4,4,2,12,2,9,5,66,2,2,1,2,3,0,1,0,1,0,0,0
402,11,3,1,1,2,3,0,0,0,0,0,0,0,0,0,0,1,5,5,5,5,5,5,5,5,5,3,3,3,3,1,5,2,2,2,5,1,2,3,2,4,2,3,4,3,3,3,1,3,3,3,4,3,3,3,2,12,2,12,5,66,2,4,1,3,5,1,1,0,0,0,0,0
403,11,2,1,1,2,1,1,0,0,0,0,0,0,0,0,0,0,2,2,3,3,3,3,3,2,2,2,2,3,1,1,8,7,7,6,5,5,2,2,2,2,2,2,5,2,5,3,5,4,2,4,3,3,3,4,1,2,2,13,7,66,2,1,1,2,4,1,1,0,1,0,0,0
404,11,2,12,2,1,4,0,0,0,0,0,0,0,0,0,0,1,1,1,1,1,1,4,1,1,1,2,1,2,2,12,0,3,0,0,0,3,1,5,1,1,1,1,5,5,5,1,1,1,5,5,5,5,5,5,4,2,1,4,1,2,1,5,4,1,5,0,0,0,1,0,0,0
405,11,2,12,9,3,3,0,0,0,0,0,0,0,0,0,0,1,2,2,3,2,2,3,2,3,2,2,2,2,1,12,5,5,5,5,4,5,2,3,3,4,3,3,4,3,3,2,2,2,2,3,3,3,2,3,4,12,2,1,6,66,1,2,1,4,4,0,0,0,1,1,0,0
406,11,1,12,1,2,3,1,1,0,0,1,0,0,0,0,0,0,5,2,2,2,4,4,3,3,2,1,1,2,2,12,5,5,5,3,7,7,1,3,1,5,3,1,5,1,3,3,1,3,2,3,2,3,3,3,4,12,1,11,3,66,2,1,2,2,7,0,1,0,1,0,0,0
407,11,3,12,1,3,3,0,1,0,0,0,0,0,0,0,0,0,2,3,3,5,5,5,3,3,2,2,1,3,2,1,99,99,99,99,99,99,2,2,1,3,1,1,4,2,3,1,3,2,2,2,1,2,2,3,2,1,2,15,7,66,3,1,1,2,5,1,1,0,0,0,0,0
408,11,2,12,7,4,3,0,0,0,1,0,0,0,0,0,0,0,2,2,3,2,3,3,2,2,3,2,2,2,2,2,99,99,99,99,99,99,3,1,3,3,2,1,5,3,5,1,5,3,2,3,5,3,3,5,2,12,2,14,7,66,2,1,4,2,5,0,1,0,0,0,0,0
409,11,2,12,4,2,4,0,0,0,0,0,0,0,0,0,0,1,5,3,5,3,4,4,2,2,2,2,1,3,2,4,0,7,5,7,3,5,1,1,1,1,1,1,2,2,1,2,2,3,1,1,5,4,4,5,5,4,2,4,2,3,2,3,4,5,6,0,0,0,1,1,0,0
410,11,1,3,3,2,3,0,1,0,0,0,0,0,0,0,0,0,2,2,2,3,5,5,3,2,2,1,1,3,2,1,5,3,5,3,5,3,4,2,1,4,2,3,2,2,2,2,4,1,2,4,4,1,4,5,1,1,2,13,7,66,3,5,2,1,4,1,1,0,0,0,0,0
411,11,2,2,2,2,3,0,0,0,0,0,0,0,0,0,0,1,2,2,2,3,3,3,2,3,3,2,1,3,2,2,5,7,0,3,0,3,2,2,1,2,3,1,4,3,4,2,3,1,2,2,4,1,1,5,4,12,2,7,5,66,2,5,1,5,3,1,1,1,1,0,0,0
412,11,2,12,5,3,3,1,1,0,1,0,0,0,0,0,0,0,3,3,3,4,4,3,3,2,2,2,2,3,2,5,5,5,5,5,0,0,2,2,1,5,2,2,3,3,3,2,3,2,3,2,3,3,3,3,5,5,2,3,1,2,2,5,2,3,5,0,1,0,1,1,1,0
413,11,2,2,4,3,3,0,0,0,0,0,0,0,0,0,0,1,3,3,2,2,3,2,1,2,3,1,1,3,2,4,3,4,0,6,0,3,2,1,4,4,4,1,5,1,4,4,5,5,1,5,5,5,2,5,8,12,1,13,7,66,3,4,2,1,4,1,1,1,1,0,1,0
414,11,1,1,1,2,4,0,1,0,0,0,0,0,0,0,0,0,3,3,4,4,4,4,3,2,2,2,1,4,2,1,10,0,10,0,10,0,1,3,1,3,1,3,3,4,4,2,4,1,1,2,4,3,4,3,5,1,2,7,3,66,2,4,2,4,3,1,1,0,0,0,0,0
415,11,2,2,4,1,3,1,0,1,0,0,0,0,0,0,0,0,2,4,4,2,4,3,3,2,2,1,1,3,1,2,1,4,5,5,2,3,2,3,2,4,2,2,4,3,3,3,3,3,2,4,4,4,2,4,8,2,1,6,1,2,2,5,4,4,2,0,1,0,1,0,0,0
416,11,1,12,1,3,3,0,0,0,0,0,0,0,0,0,0,1,2,3,4,3,4,4,3,3,2,2,1,2,3,1,2,2,3,2,5,1,3,2,3,4,2,2,2,1,3,1,1,1,3,3,5,4,3,2,2,12,1,9,8,66,3,3,4,1,6,0,1,0,0,0,0,0
417,11,3,12,99,3,3,0,0,0,0,0,0,0,0,0,0,1,2,3,3,3,4,4,2,2,3,2,1,3,2,12,99,99,99,99,99,99,2,5,2,5,5,4,3,3,4,3,4,4,2,3,2,5,3,4,5,12,2,6,2,2,2,1,1,4,4,0,1,0,1,0,0,0
418,11,2,4,4,2,4,0,0,0,0,0,0,0,0,0,0,1,3,3,3,3,4,4,2,2,1,1,3,3,2,12,1,2,1,5,1,2,3,2,1,1,4,1,5,4,3,2,4,2,1,2,5,4,4,4,2,4,1,7,2,2,1,5,1,3,5,0,1,0,1,0,0,0
419,11,1,1,1,3,2,0,1,1,0,0,0,0,0,0,0,0,4,2,3,4,3,4,3,3,2,1,1,2,2,1,5,1,2,3,5,0,1,4,3,3,1,3,5,5,3,5,5,5,1,1,5,1,99,5,2,1,1,15,7,66,2,1,1,2,3,1,1,0,0,0,0,0
420,11,2,5,5,3,4,0,0,0,1,0,0,0,0,0,0,0,4,4,4,4,4,4,2,4,4,1,1,3,2,5,3,2,1,2,1,1,1,1,3,1,3,3,5,5,5,5,1,1,3,4,3,3,3,3,9,5,2,5,7,66,1,1,4,2,7,0,1,0,1,0,0,0
421,11,1,12,1,2,2,0,0,1,1,0,0,0,0,0,0,0,3,2,3,3,3,3,3,3,2,1,1,2,2,1,4,3,4,3,3,2,1,3,3,3,2,4,5,2,2,2,3,4,1,3,2,3,2,2,4,12,2,10,2,3,2,2,1,4,4,0,1,0,1,1,0,0
422,11,2,12,6,4,4,0,0,0,0,1,0,0,0,0,0,0,3,3,3,2,3,3,3,3,2,1,1,2,2,6,3,2,4,5,3,3,1,2,3,3,2,3,5,1,3,5,3,2,1,3,5,5,3,3,2,6,1,10,3,66,2,1,4,2,4,0,1,0,1,0,0,0
423,11,2,12,6,3,3,0,0,0,0,0,0,0,0,0,0,1,2,3,3,3,3,3,2,2,3,3,3,5,2,12,99,99,99,99,99,99,3,3,2,3,2,2,4,2,3,3,1,2,1,3,3,3,3,3,2,99,2,8,2,3,3,2,4,1,5,0,1,0,1,1,0,0
424,11,2,2,2,2,3,1,0,0,0,0,0,0,0,0,0,0,2,2,3,3,3,3,3,2,2,1,1,3,2,12,7,6,4,5,6,4,2,3,2,2,3,4,2,2,2,2,3,3,2,2,4,2,2,4,1,4,1,12,7,66,2,6,1,2,5,1,1,0,1,0,0,0
425,11,1,4,1,1,2,0,0,1,0,0,0,0,0,0,0,0,2,3,3,3,4,4,3,3,3,1,1,3,2,1,8,0,5,6,4,3,1,4,5,3,2,2,4,2,1,5,5,5,1,3,2,1,3,2,1,1,1,14,7,66,2,2,1,3,7,1,1,1,0,0,0,0
426,11,1,1,1,3,3,0,0,0,0,0,0,0,0,0,0,1,2,2,2,3,3,3,3,3,2,1,2,3,2,12,5,3,3,3,7,2,2,1,2,5,2,3,5,1,4,4,4,5,2,3,3,4,3,3,4,1,2,12,2,3,1,4,1,1,6,0,1,0,0,0,0,0
427,11,2,1,1,1,1,1,0,0,0,0,0,0,0,0,0,0,2,1,1,1,1,1,1,1,1,1,2,1,1,1,10,8,8,4,1,1,1,1,1,1,1,1,1,1,1,1,1,1,1,1,1,1,1,1,4,1,1,2,1,2,1,5,4,1,7,0,1,0,1,1,0,0
428,11,2,12,5,3,4,0,0,0,0,0,0,0,0,0,0,1,2,3,2,4,4,4,5,5,4,2,1,3,1,12,0,3,2,3,0,0,2,5,2,1,2,1,5,1,5,2,3,1,3,5,4,4,1,5,2,6,1,1,6,66,1,3,1,4,5,0,1,0,0,0,0,0
429,11,1,12,2,2,3,1,0,0,0,0,0,0,0,0,0,0,2,2,2,3,3,3,2,2,2,2,2,3,2,2,3,8,3,5,5,8,3,4,2,3,2,4,2,2,3,3,1,1,2,4,2,2,2,2,3,1,2,11,5,66,2,5,1,4,3,1,0,0,1,0,0,0
430,11,3,2,2,2,3,1,0,1,0,0,0,0,0,0,0,0,2,2,3,4,4,4,3,2,2,2,2,3,2,2,0,6,4,5,8,8,2,2,1,3,4,4,2,2,3,2,2,2,2,2,2,2,4,4,4,4,1,8,1,2,2,5,2,2,4,1,1,0,0,0,0,0
431,11,1,1,1,2,2,0,1,0,1,0,0,0,0,0,0,0,2,2,2,2,5,5,2,2,3,1,1,2,2,1,6,0,4,5,3,2,1,2,5,4,1,1,5,3,4,2,5,5,1,2,5,5,5,1,1,4,2,15,5,66,3,5,1,1,4,1,1,0,0,0,0,0
432,11,1,2,2,1,2,0,0,0,0,0,0,0,0,0,0,1,1,2,3,2,3,3,5,3,2,2,3,3,2,12,4,4,1,1,6,7,2,3,2,3,3,3,4,3,4,4,4,3,1,3,2,1,3,4,4,12,1,13,7,66,2,2,1,2,4,1,1,0,1,0,0,0
433,11,2,12,6,3,3,0,0,0,0,0,0,0,0,0,0,1,2,3,4,4,3,3,2,2,2,2,1,2,2,6,2,4,5,3,0,0,1,1,3,2,2,1,4,3,3,2,2,2,4,2,4,1,3,2,2,12,1,2,2,2,1,5,4,2,3,0,0,1,1,1,0,0
434,11,2,1,1,2,3,0,0,0,0,0,0,0,0,0,0,1,2,2,3,2,4,4,3,4,2,1,1,3,2,1,5,4,4,5,2,4,1,2,3,5,2,3,5,5,3,2,1,3,1,2,4,4,3,2,2,1,2,6,1,2,2,5,1,4,4,0,1,0,1,0,0,0
435,11,2,1,1,3,2,0,1,0,0,1,0,0,0,0,0,0,2,4,4,4,4,4,1,2,2,2,1,3,2,1,99,99,99,99,99,99,1,2,1,2,3,4,5,3,5,2,3,2,3,3,2,2,4,2,9,3,2,10,3,66,2,3,1,3,5,0,0,0,1,1,0,0
436,11,1,5,5,1,2,0,0,0,1,0,0,0,0,0,0,0,5,5,5,5,5,5,5,5,5,2,2,3,2,5,7,5,5,4,8,5,1,1,1,2,2,1,5,4,4,5,5,5,4,2,3,2,3,5,2,1,2,13,5,66,4,1,1,1,3,1,0,0,0,0,0,0
437,11,1,5,5,3,3,1,1,1,1,0,1,0,0,0,0,0,2,3,3,3,4,4,3,3,2,2,1,3,2,5,4,4,4,4,7,4,4,5,1,5,3,1,5,3,5,1,1,1,3,4,3,2,3,2,2,4,2,8,2,3,2,2,1,3,4,1,1,0,0,0,0,0
438,11,2,1,1,2,2,0,0,0,0,0,0,0,0,0,0,1,3,4,3,2,2,2,1,1,3,1,1,2,2,1,8,1,1,1,3,1,1,1,3,3,1,1,3,3,2,3,4,5,1,2,5,4,3,4,4,1,1,9,3,66,2,2,1,3,4,0,0,0,1,1,0,0
439,11,1,1,1,2,2,0,1,1,0,0,0,0,0,0,0,0,2,2,2,3,2,2,2,2,2,1,1,3,2,1,7,4,5,6,6,3,1,5,1,3,1,1,2,1,3,1,1,1,4,1,5,2,5,3,4,3,2,14,7,66,2,2,1,3,4,1,1,1,0,0,0,0
440,11,2,2,2,1,2,0,0,0,0,0,0,0,0,0,0,1,2,2,2,2,3,4,3,2,4,3,3,3,3,12,6,7,5,5,6,8,1,1,3,4,1,4,1,5,2,2,3,3,1,3,4,1,3,3,4,12,2,9,5,66,2,4,1,3,4,1,1,0,0,0,0,0
441,11,2,7,7,2,3,0,0,0,0,0,0,0,0,0,0,1,2,4,4,3,3,4,1,1,4,2,2,2,2,1,4,2,2,7,3,2,1,5,1,4,1,1,5,3,4,2,4,1,1,2,5,3,2,4,2,4,2,4,1,2,1,2,1,4,4,1,1,0,1,1,0,0
442,11,1,12,11,2,2,0,0,0,0,0,0,0,0,0,0,1,3,2,2,2,3,3,3,2,2,1,2,2,1,12,99,99,99,99,99,99,2,5,3,3,1,99,5,5,5,4,5,5,5,1,5,3,3,5,4,12,1,14,4,66,2,2,1,2,4,0,1,0,0,0,0,0
443,12,2,12,3,2,4,0,0,0,0,0,0,0,0,0,0,1,2,4,3,4,4,4,3,2,4,1,1,3,1,12,0,1,3,0,1,1,3,2,1,1,4,1,5,4,5,2,3,3,4,1,5,3,3,3,2,12,1,8,1,2,2,5,1,2,2,0,0,0,1,0,0,0
444,12,2,2,2,2,3,1,1,0,0,0,0,0,0,1,0,0,2,2,3,3,4,4,4,4,2,2,1,3,2,2,4,6,3,3,5,6,2,3,1,3,2,3,4,2,3,3,2,1,2,3,3,3,3,4,4,12,2,11,7,66,3,3,2,3,6,1,1,0,1,0,0,0
445,12,2,12,5,2,2,0,0,0,1,0,0,0,0,0,0,0,2,1,5,5,5,5,5,5,5,2,2,2,1,1,5,0,0,3,2,0,3,3,1,1,3,3,5,1,5,1,3,1,1,3,1,5,3,3,4,5,2,15,7,66,3,1,1,3,6,0,1,0,0,0,0,0
446,12,2,4,4,2,3,0,0,0,0,0,0,0,0,0,0,1,4,4,3,3,3,4,2,2,2,2,2,3,2,4,3,0,0,6,1,0,2,4,2,5,2,1,5,4,4,1,2,4,2,2,5,4,3,4,2,4,1,4,1,2,1,3,4,1,5,0,1,0,0,1,0,0
447,12,2,5,5,1,3,0,0,0,0,0,0,0,0,0,0,1,3,3,3,3,3,3,5,2,3,2,2,2,2,5,3,0,3,3,3,3,2,3,1,3,2,3,2,3,2,1,3,1,1,3,3,1,3,3,5,5,2,5,8,66,1,5,1,2,4,1,1,0,0,1,1,0
448,12,2,2,2,2,3,0,0,0,0,0,0,0,0,0,0,1,3,3,3,3,3,4,4,3,2,1,1,3,2,2,3,7,1,3,3,5,2,3,2,4,3,2,5,1,4,2,5,4,2,4,3,3,3,4,4,2,2,12,5,66,2,1,1,2,5,0,1,0,1,0,0,0
449,12,1,1,1,2,2,0,0,0,0,0,0,0,0,0,0,1,2,3,3,3,3,3,2,2,3,3,2,3,2,1,7,2,6,3,8,1,2,2,2,3,3,2,3,3,3,3,1,2,1,3,4,2,3,5,4,1,2,15,7,66,2,1,1,2,3,1,1,0,0,0,0,0
450,12,3,12,99,3,3,99,99,99,99,99,99,99,99,99,99,99,2,2,3,2,3,3,2,1,3,2,3,2,1,99,99,99,99,99,99,99,3,4,1,3,3,1,5,1,4,1,1,3,4,3,3,3,3,2,5,99,2,6,2,3,2,3,1,4,5,0,0,0,1,0,0,0
451,12,2,9,4,2,4,0,0,0,0,0,0,0,0,0,0,1,4,4,3,2,2,2,1,2,4,1,1,2,2,12,1,0,2,7,0,0,1,1,3,5,5,2,5,1,3,2,5,5,4,4,1,5,3,5,4,4,1,12,7,66,2,5,1,2,6,0,1,0,1,0,1,0
452,12,2,1,2,2,2,1,0,0,0,0,0,0,0,0,0,0,2,2,3,2,3,3,2,1,2,1,1,3,2,1,5,7,3,0,3,7,1,3,3,4,1,2,3,2,3,1,2,1,1,2,3,3,2,4,4,2,2,9,1,2,3,2,1,1,4,0,1,0,1,0,1,0
453,12,3,1,1,2,2,0,0,1,0,0,0,0,0,0,0,0,2,2,2,2,2,2,2,2,3,3,3,2,3,1,5,2,5,5,4,5,99,99,99,99,99,99,99,99,99,99,99,99,4,1,5,1,5,1,1,1,2,8,1,3,3,5,1,1,4,1,1,0,1,0,1,0
454,12,2,1,3,3,3,1,1,0,0,1,0,0,0,0,0,0,2,3,3,3,2,2,2,2,2,1,1,2,2,1,0,2,2,1,1,2,2,4,3,4,2,2,4,3,3,2,2,2,2,2,3,3,3,3,5,12,2,7,2,3,2,2,1,4,5,1,1,0,1,0,1,0
455,12,2,1,1,4,4,0,0,0,0,1,0,0,0,0,0,0,3,3,3,3,3,3,3,3,3,2,1,2,2,1,5,4,3,2,1,1,1,3,3,3,1,2,5,1,5,1,3,3,2,4,3,2,3,3,2,1,1,4,1,2,1,3,2,2,5,0,1,0,1,0,0,0
456,12,2,2,2,1,3,1,0,0,0,0,1,0,0,0,0,0,2,2,3,3,3,3,3,3,2,2,2,3,2,2,2,7,1,3,2,9,3,1,1,5,4,2,3,2,2,5,1,1,4,4,2,1,1,5,2,2,1,11,1,2,2,2,1,3,4,1,1,0,0,0,0,0
457,12,1,2,1,2,2,0,0,0,0,0,0,0,0,0,0,1,2,2,3,2,3,3,3,3,2,1,1,3,2,1,6,5,4,3,7,6,3,3,4,3,3,4,2,2,3,4,3,3,3,4,3,3,1,5,1,1,1,13,7,66,2,5,2,2,4,1,1,0,1,0,0,0
458,12,1,3,4,2,2,0,0,0,0,0,0,0,0,0,0,1,4,4,4,3,3,3,1,1,1,3,3,2,2,3,7,0,7,7,7,0,1,1,5,1,2,1,1,5,1,1,5,5,1,1,1,2,2,1,1,1,1,2,6,66,1,5,1,3,6,0,0,0,0,0,0,1
459,12,2,7,4,1,4,0,0,0,0,0,0,0,0,0,0,1,2,3,3,3,3,4,2,2,2,1,1,3,2,4,0,0,0,10,0,0,1,3,1,3,3,3,5,1,1,1,1,1,1,2,2,1,1,3,4,4,2,8,8,66,2,4,2,4,3,1,1,0,1,0,0,0
460,12,2,8,8,2,3,0,0,0,0,0,0,1,0,0,0,0,3,4,4,3,4,4,3,2,2,1,1,3,2,1,7,3,2,5,5,5,1,2,3,2,5,2,1,2,2,2,5,2,2,3,5,5,5,1,4,4,1,8,1,2,2,5,2,4,5,1,1,0,1,0,0,0
461,12,1,1,1,2,3,1,0,0,0,0,0,0,0,0,0,0,2,2,3,3,3,3,3,3,2,2,2,4,2,1,5,1,1,1,5,6,3,1,3,5,1,1,4,2,3,1,1,1,1,3,3,3,3,3,1,1,2,13,5,66,3,2,5,1,4,0,1,0,1,0,1,0
462,12,2,2,2,2,3,1,0,0,0,0,0,0,0,0,0,0,2,2,2,3,3,4,3,2,1,1,1,3,2,7,2,10,5,5,5,10,4,2,1,3,2,3,5,1,3,1,3,2,2,3,3,3,99,4,4,7,2,14,1,4,3,2,3,4,5,1,1,0,0,0,0,0
463,12,2,4,4,2,3,0,0,1,0,0,0,0,0,0,0,0,2,2,2,2,3,3,2,2,2,1,1,2,2,4,1,1,1,5,1,1,2,3,2,4,2,2,5,2,3,2,3,3,2,2,4,3,3,4,2,4,2,12,2,3,3,7,5,99,99,0,0,0,1,0,0,0
464,12,2,3,3,3,3,0,0,0,0,0,0,0,0,0,0,1,2,3,3,3,3,3,2,3,2,2,1,3,2,3,5,4,7,5,3,4,3,3,2,3,2,3,4,3,3,2,3,2,4,4,4,2,2,4,5,4,2,6,1,2,2,5,1,4,5,0,1,0,1,1,0,0
465,12,1,7,7,2,3,1,1,0,0,0,0,0,0,0,0,0,2,2,3,4,4,4,4,3,3,2,3,3,2,1,5,2,4,1,8,1,3,3,2,2,2,3,4,2,3,3,5,4,2,3,4,3,4,2,4,1,1,13,99,66,1,2,4,1,4,0,1,0,0,0,0,0
466,12,3,12,5,5,5,0,1,0,1,0,0,0,0,0,0,0,2,2,2,2,3,3,1,1,1,2,2,2,2,5,5,3,6,3,99,99,3,3,1,5,2,2,4,3,4,2,1,3,2,3,2,2,1,5,5,5,2,3,1,2,1,5,4,1,4,0,0,0,1,0,0,0
467,12,1,2,2,2,2,1,0,0,0,0,0,0,0,0,0,0,2,2,3,3,4,4,3,2,2,1,1,3,2,1,6,5,1,2,5,4,2,3,2,2,3,2,3,2,2,4,5,1,2,2,1,1,2,2,2,1,2,15,7,66,3,2,1,99,5,0,1,0,1,0,0,0
468,12,2,12,1,3,3,0,0,0,0,0,0,0,0,0,0,1,3,3,3,3,3,3,2,2,3,2,1,2,2,1,5,5,5,5,7,5,3,5,1,5,2,2,5,3,5,2,1,2,3,3,3,3,3,5,4,12,2,12,5,66,2,2,1,3,5,0,1,0,0,0,0,0
469,12,2,1,3,3,3,0,0,0,0,0,0,0,0,0,0,1,2,2,3,2,2,3,2,2,3,1,3,3,2,1,6,99,99,99,3,5,1,2,2,3,2,99,2,3,4,3,4,1,2,2,3,2,3,99,1,12,2,10,5,66,2,5,1,5,2,0,1,0,1,0,0,0
470,12,1,2,4,1,2,0,0,1,0,0,0,0,0,0,0,0,2,2,2,3,3,4,3,3,2,2,2,3,2,4,4,5,5,8,10,8,2,4,1,2,3,4,4,2,2,3,4,2,3,3,2,2,4,4,6,4,2,13,5,66,2,2,1,2,4,1,1,0,0,0,0,0
471,12,1,12,1,3,2,1,0,0,0,0,0,0,0,0,0,0,2,3,3,3,3,3,4,2,1,1,1,3,2,1,8,8,4,2,9,5,1,1,3,4,1,3,1,1,1,3,4,3,1,3,5,1,1,4,5,4,1,10,1,2,2,5,1,3,5,0,0,0,1,0,1,0
472,12,2,12,1,3,3,0,0,1,0,1,0,0,0,0,0,0,3,3,3,3,3,3,3,3,3,2,1,2,1,1,5,3,0,4,5,4,2,3,1,1,3,3,2,1,2,2,5,2,2,3,4,4,3,5,8,6,2,6,2,3,2,2,4,3,4,0,1,0,1,1,0,0
473,12,1,1,1,1,3,0,0,0,0,0,0,0,0,0,0,1,2,4,2,3,4,4,4,3,2,1,2,3,2,1,7,5,2,4,6,6,1,1,2,4,4,4,4,4,4,4,5,1,5,2,5,5,2,5,3,1,1,10,1,2,2,5,1,3,3,1,0,1,1,1,1,0
474,12,2,1,1,2,3,0,0,0,0,0,0,0,0,0,0,1,2,3,2,2,2,2,1,2,3,1,1,2,2,1,8,99,99,99,0,99,1,1,4,2,4,5,5,5,5,5,1,2,1,1,4,1,5,2,2,1,1,8,1,2,2,5,4,5,5,0,0,0,1,1,1,0
475,12,2,6,99,4,3,0,0,0,0,0,0,0,0,0,0,1,2,2,3,3,4,4,3,2,2,2,2,2,2,12,3,4,5,5,1,8,2,3,1,5,3,2,2,2,2,2,2,1,2,3,3,3,1,5,8,4,1,2,1,2,1,5,1,5,4,0,1,0,0,1,0,0
476,12,1,12,1,2,2,1,0,0,0,0,0,0,0,0,0,0,2,2,4,4,4,4,5,4,2,2,1,2,2,1,7,5,6,6,7,7,3,1,3,4,3,2,5,1,2,1,4,4,1,4,1,1,3,3,4,1,2,15,7,66,3,2,1,1,4,0,1,0,0,0,0,0
477,12,2,2,5,2,3,1,0,0,1,0,0,0,0,0,0,0,2,4,3,4,4,3,1,1,2,2,1,3,2,5,3,5,3,4,1,5,3,4,2,2,3,1,5,1,5,4,1,1,3,4,4,2,2,1,3,2,99,2,1,1,1,2,1,3,5,0,1,0,1,0,1,0
478,12,2,2,4,1,4,0,0,0,0,0,0,0,0,0,0,1,2,2,3,4,4,4,1,2,2,2,1,4,2,4,1,3,2,4,2,4,2,4,1,3,2,1,4,1,2,1,5,2,2,4,4,4,3,5,5,4,1,2,1,2,1,3,1,3,4,0,1,1,1,0,0,0
479,12,1,1,1,1,2,0,0,0,0,0,0,0,0,0,0,1,2,2,3,2,3,3,3,3,2,1,1,3,2,1,7,3,5,5,5,5,1,2,5,3,3,2,2,1,2,3,4,2,1,2,5,2,2,3,1,1,1,13,3,66,3,6,1,4,2,1,1,0,1,0,0,0
480,12,2,9,9,1,4,0,0,0,0,0,0,0,1,0,0,0,4,4,4,4,2,2,1,1,3,1,1,1,2,9,99,99,99,99,99,99,1,1,2,2,1,3,5,4,3,2,5,5,1,2,5,5,3,5,2,9,2,5,1,2,2,3,1,2,4,0,0,0,1,1,1,0
481,12,2,2,3,3,3,0,0,0,0,0,0,0,0,0,0,1,2,2,3,3,4,4,5,2,3,2,3,2,2,12,5,5,5,5,5,5,2,3,2,3,2,3,3,3,3,2,3,3,1,3,3,3,3,4,4,12,1,7,1,2,1,4,1,1,4,0,1,0,0,0,0,0
482,12,2,12,3,4,3,1,1,1,0,0,0,0,0,0,0,0,2,2,2,2,2,3,2,2,2,2,1,3,2,1,5,5,5,5,3,3,2,3,2,4,2,3,3,1,3,3,2,2,2,4,3,1,3,3,4,12,1,10,7,66,1,6,5,1,7,0,1,0,0,0,0,0
483,12,3,12,7,3,3,0,0,0,0,0,0,0,0,0,0,1,2,2,2,2,3,3,3,3,3,1,2,3,2,1,5,5,2,0,5,5,3,4,1,5,3,3,1,5,1,1,5,5,99,99,99,99,99,99,3,1,99,14,7,66,2,1,1,3,4,0,1,0,0,0,0,0
484,12,2,2,2,1,3,0,0,0,0,0,0,0,0,0,0,1,1,1,1,3,4,4,4,2,2,2,2,2,2,2,3,7,0,5,0,10,5,5,1,5,1,1,5,1,5,3,5,5,5,5,1,1,1,5,4,2,1,12,7,66,1,4,1,2,4,1,1,0,0,0,0,0
485,12,2,4,4,3,4,0,0,0,0,0,0,0,0,0,0,1,5,3,3,3,3,3,3,3,2,2,3,3,2,4,3,5,0,5,3,4,1,3,1,3,3,2,4,1,3,1,3,1,2,4,5,3,3,5,4,12,1,4,2,3,1,2,1,3,4,0,0,0,1,0,1,0
486,12,2,8,8,2,3,0,0,0,0,0,0,1,0,0,0,0,3,4,4,4,4,2,2,2,1,1,1,2,2,7,1,3,4,3,0,5,1,1,2,5,1,1,5,1,5,1,5,3,1,5,3,5,1,1,3,7,1,8,3,66,1,5,1,3,3,1,0,0,0,1,1,0
487,12,2,12,4,2,3,0,0,0,0,0,0,0,0,0,0,1,2,2,3,3,3,3,2,2,2,2,1,2,1,12,4,3,3,4,1,4,2,4,1,4,2,2,5,3,4,3,2,2,1,3,4,3,5,4,8,1,2,8,99,66,1,3,1,4,5,0,1,1,1,0,0,0
488,12,2,9,9,2,3,0,0,0,0,0,0,0,1,0,0,0,3,3,3,3,3,3,3,3,3,1,1,2,2,9,1,1,1,1,3,2,2,4,3,4,3,3,4,2,4,2,4,4,1,3,4,4,3,3,4,9,2,10,2,3,2,2,1,3,4,0,1,0,1,0,0,0
489,12,2,2,2,2,3,0,0,0,0,0,0,0,0,0,0,1,2,2,3,3,4,4,3,2,2,2,2,4,2,2,0,6,2,4,6,6,3,5,1,5,3,4,5,4,4,5,2,2,4,3,3,1,3,5,1,2,2,12,8,66,3,5,1,1,5,1,1,0,0,0,0,0
490,12,1,10,10,1,4,0,0,0,0,0,0,0,0,0,0,1,1,2,3,3,4,4,3,2,2,2,1,3,2,2,1,5,1,2,8,5,3,4,1,4,2,2,3,1,3,2,1,1,1,5,3,2,3,5,2,12,2,7,2,2,2,2,1,3,3,0,1,0,0,0,0,0
491,12,1,1,1,2,2,0,1,0,1,0,0,0,0,0,0,0,2,2,3,3,3,3,3,3,2,1,1,2,1,1,10,1,3,2,5,5,1,2,3,3,3,3,2,2,1,2,5,3,1,2,5,2,2,1,1,1,1,12,3,66,3,2,1,1,3,1,1,0,0,0,0,0
492,12,1,5,5,2,2,0,0,0,1,0,0,0,0,0,0,0,3,3,3,3,3,3,3,3,2,2,3,3,2,5,4,2,3,2,5,4,2,5,1,4,2,3,5,3,5,1,2,3,2,3,2,2,3,4,2,5,2,8,2,2,3,2,1,1,5,0,1,0,0,0,0,0
493,12,3,2,2,2,2,1,0,1,0,0,0,0,0,0,0,0,2,2,3,2,3,3,3,3,2,2,2,2,2,2,5,6,3,5,5,6,3,2,1,3,2,2,4,2,4,2,3,3,1,5,4,1,3,4,4,2,1,14,1,3,2,4,1,4,4,1,1,0,0,0,0,0
494,12,2,1,4,1,4,0,0,1,0,0,0,0,0,0,0,0,3,3,3,3,3,3,5,2,2,2,1,3,2,1,2,0,1,7,1,0,1,5,5,3,3,1,1,1,4,2,5,4,3,2,5,4,4,1,2,1,1,8,1,2,2,2,1,5,3,0,1,0,1,1,1,0
495,12,2,1,1,2,2,0,0,0,0,0,0,0,0,0,0,1,1,2,3,4,4,4,4,2,2,2,2,3,1,1,7,6,5,3,5,6,2,3,1,4,2,3,1,1,1,5,1,1,1,1,5,2,2,3,9,4,2,5,1,1,1,5,1,3,4,1,1,0,0,0,0,0
496,12,2,1,1,1,2,0,0,0,0,0,0,0,0,0,0,1,2,3,3,4,4,3,3,3,2,1,1,2,2,1,8,1,3,1,3,5,1,1,3,2,3,2,2,2,2,3,4,5,1,2,5,2,4,1,3,1,1,13,4,66,2,2,1,2,3,1,1,0,0,0,0,0
497,12,1,1,1,2,2,0,0,0,0,0,0,0,0,0,0,1,2,2,2,5,5,5,5,5,2,1,1,2,1,1,99,99,99,99,99,99,1,5,5,1,3,3,5,5,5,5,5,5,2,1,5,4,3,1,2,1,2,14,7,66,1,2,1,1,4,1,1,1,0,0,0,0
498,12,2,3,4,1,3,0,1,1,0,0,0,0,0,0,0,0,2,3,3,2,3,3,4,2,3,1,1,2,1,3,4,4,8,8,3,3,1,1,5,3,3,5,2,2,2,2,4,1,1,2,3,2,3,5,1,12,1,15,7,66,3,2,1,1,4,1,1,0,0,0,0,0
499,12,1,1,1,2,2,0,1,0,1,0,0,0,0,0,0,0,2,2,2,4,4,4,5,2,1,1,1,3,2,1,10,0,10,0,10,5,1,1,1,5,1,1,4,1,3,4,4,1,1,5,3,3,3,3,4,1,2,14,4,66,3,2,1,1,4,1,1,0,0,0,0,0
500,12,2,1,1,2,3,1,1,1,1,0,0,0,0,0,0,0,3,3,3,3,2,3,2,2,2,2,1,2,2,1,8,3,3,3,2,0,3,3,1,1,1,1,4,3,4,3,3,3,1,3,5,3,3,5,2,1,1,9,1,2,2,3,1,5,4,0,1,0,1,0,0,0
501,12,2,12,6,3,4,0,0,0,0,0,0,0,0,0,0,1,4,4,4,4,4,4,5,3,3,2,1,3,2,6,0,0,0,0,0,0,5,1,1,1,5,2,5,1,5,5,5,5,1,3,4,1,3,5,3,6,1,7,1,2,2,2,1,3,5,0,0,0,1,0,0,0
502,12,1,7,7,2,2,0,0,0,0,0,0,0,0,0,0,1,2,2,2,2,2,2,1,2,4,1,3,2,2,1,6,5,5,4,6,6,1,2,3,2,3,3,3,3,1,3,4,4,1,4,5,2,3,4,1,1,1,11,1,2,2,5,1,3,5,0,1,0,1,0,1,0
503,12,1,1,1,2,3,0,0,1,0,0,0,0,0,0,0,0,3,3,3,3,3,3,4,2,1,2,2,3,2,12,5,4,4,4,3,2,1,5,1,3,2,3,4,3,4,3,3,4,2,3,3,2,3,4,1,1,2,9,5,66,2,2,1,3,4,1,1,1,1,1,1,0
504,12,3,99,99,2,3,99,99,99,99,99,99,99,99,99,99,99,2,2,3,3,3,3,3,2,2,2,2,2,2,99,99,99,99,99,5,5,3,5,1,3,3,3,4,2,4,1,3,3,3,5,3,2,3,5,5,99,2,6,1,3,1,4,1,4,7,1,1,0,0,0,0,0
505,12,2,2,2,1,3,0,0,0,0,0,0,0,0,0,0,1,2,2,2,3,4,3,4,3,2,2,2,4,2,2,0,9,2,0,3,8,4,4,99,5,5,4,5,1,4,4,1,1,2,4,1,2,2,5,3,2,1,13,7,66,2,5,1,2,3,1,1,1,0,0,0,0
506,12,1,5,5,2,2,1,0,0,1,0,0,0,0,0,0,0,1,2,3,4,4,4,4,3,2,2,2,3,2,2,7,5,3,5,8,8,5,5,1,3,3,3,5,5,3,4,3,2,2,3,3,2,3,3,2,1,2,13,7,66,3,2,1,2,5,1,1,1,0,0,0,0
507,12,2,2,2,2,2,0,0,0,0,0,0,0,0,0,0,1,1,1,3,4,4,4,4,2,2,2,2,3,1,2,4,8,3,5,4,9,3,4,1,4,2,3,3,2,3,2,2,1,3,2,4,2,4,4,4,2,1,10,2,2,2,2,2,2,5,1,1,0,0,0,0,0
508,12,2,3,4,3,4,0,0,1,0,0,0,0,0,0,0,0,4,4,4,4,4,4,2,2,2,2,1,3,2,4,0,0,6,6,0,0,2,4,2,4,2,1,5,1,5,4,5,2,2,4,3,4,4,5,2,4,2,5,1,2,1,2,4,1,5,0,0,0,1,1,1,0
509,12,3,12,99,3,3,0,0,0,0,0,0,0,0,0,0,1,2,2,3,3,4,4,3,3,3,1,1,3,2,12,99,99,99,99,99,99,2,2,3,4,2,4,3,1,3,3,3,3,1,3,3,3,3,3,3,12,2,11,2,3,2,4,1,2,3,1,1,0,0,0,0,0
510,12,2,1,1,3,4,0,0,0,0,0,0,0,0,0,0,1,2,2,2,2,2,3,2,2,2,2,2,3,2,1,5,3,3,3,0,0,3,3,3,4,3,3,1,2,2,2,2,3,3,3,3,3,3,3,4,4,2,2,1,2,1,3,1,4,5,0,1,0,1,1,0,0
511,12,2,4,4,3,3,0,0,0,0,0,0,0,0,0,0,1,2,2,2,2,3,3,2,2,2,2,2,2,1,4,5,4,5,8,6,8,3,5,2,5,2,2,3,2,2,3,2,1,3,4,4,3,3,3,4,4,2,8,2,4,2,3,1,4,3,0,1,0,1,0,0,0
512,12,1,2,2,2,2,0,0,0,0,0,0,0,0,0,0,1,2,2,3,2,3,3,3,2,2,2,3,3,2,2,5,6,3,5,6,6,3,2,1,3,2,2,2,2,4,4,2,1,1,1,4,3,2,5,2,12,2,9,2,4,2,4,1,4,4,1,1,0,1,0,0,0
513,12,1,5,5,2,2,0,0,1,1,0,0,0,0,0,0,0,2,2,3,3,3,3,3,3,2,2,3,3,2,5,6,5,4,6,6,6,4,4,1,5,2,2,4,3,3,3,3,3,4,4,4,2,4,2,1,5,1,7,1,2,2,5,2,3,4,1,1,0,1,0,0,0
514,12,1,12,4,3,3,0,0,1,0,0,0,0,0,0,0,0,2,2,2,3,4,4,2,2,2,1,1,2,1,4,7,5,3,6,4,99,2,2,2,3,2,2,4,2,2,3,3,4,2,1,4,2,4,4,2,4,1,8,1,2,2,5,2,3,4,0,1,0,1,0,0,0
515,12,1,12,1,2,2,0,0,0,0,0,0,0,0,0,0,1,1,2,2,3,4,3,1,1,2,2,1,2,1,12,5,4,4,4,5,7,1,4,2,4,1,3,3,2,2,1,2,1,2,4,4,3,4,4,2,2,1,2,6,66,1,5,2,4,3,1,1,0,0,0,0,0
516,12,2,5,2,1,3,0,0,0,1,0,0,0,0,0,0,0,3,3,3,3,3,3,4,4,1,1,1,3,2,1,7,6,0,2,2,5,1,1,1,2,2,2,3,4,3,3,5,5,3,3,4,4,2,4,1,1,1,15,3,66,3,2,1,5,2,0,1,0,0,0,0,0
517,12,1,12,1,2,3,0,0,0,0,0,0,0,0,0,0,1,2,3,3,3,4,2,3,2,2,2,2,3,2,1,6,2,0,2,8,8,2,3,1,3,3,3,1,5,3,3,3,1,3,2,2,2,3,5,1,1,2,12,3,66,2,4,1,3,3,1,1,0,0,0,1,0
518,12,2,12,99,3,3,0,0,0,0,0,0,0,0,0,0,1,3,2,3,3,3,3,2,2,3,2,1,2,2,12,6,6,7,5,6,6,2,3,2,3,2,3,4,2,4,2,2,2,3,3,4,4,3,3,2,12,2,3,2,3,1,3,1,5,5,0,1,0,1,1,1,0
519,12,3,1,1,3,2,0,0,1,1,0,0,0,0,0,0,0,2,3,2,2,3,3,3,2,3,2,2,2,2,99,5,3,3,5,5,3,3,2,2,5,1,2,4,1,3,3,5,3,1,3,2,3,2,2,4,1,1,12,1,2,1,3,2,1,4,1,1,0,1,0,0,0
520,12,2,4,4,3,4,0,0,0,0,0,0,0,0,0,0,1,2,3,3,3,3,3,3,2,2,2,1,2,2,99,2,2,3,8,1,5,1,4,1,4,2,2,4,2,2,2,2,2,2,3,2,2,2,2,5,4,1,5,2,2,2,6,1,3,3,0,0,0,1,0,0,0
521,12,1,2,2,2,3,0,0,0,0,0,0,0,0,0,0,1,2,2,3,3,3,3,3,3,3,2,2,3,2,2,1,8,1,1,4,8,3,5,1,4,3,3,5,2,3,3,3,3,2,3,3,2,3,4,4,12,2,13,7,66,2,2,1,2,7,1,1,0,1,0,0,0
522,12,2,1,1,3,4,0,0,0,0,0,0,0,0,0,0,1,3,3,3,3,4,4,2,2,2,2,1,2,2,1,6,6,5,5,2,2,1,4,3,2,3,3,5,1,2,1,1,1,1,4,4,2,3,3,5,4,1,3,1,1,2,2,1,4,5,0,0,0,1,1,0,0
523,12,2,4,4,2,2,0,0,1,0,0,0,0,0,0,0,0,3,3,3,3,3,3,2,2,3,1,1,2,2,4,5,5,3,8,3,3,2,2,3,3,3,2,3,2,3,3,3,2,3,3,3,4,2,4,2,4,2,9,5,66,2,2,1,4,3,0,0,0,1,1,0,0
524,12,2,6,6,2,3,0,0,0,0,1,0,0,0,0,0,0,2,2,2,2,3,3,1,1,2,2,2,2,2,6,3,3,3,3,3,3,4,4,1,4,1,1,4,1,4,3,1,1,3,4,2,2,2,5,5,6,2,6,1,3,2,5,2,5,5,1,1,0,1,1,0,0
525,12,1,1,1,4,3,0,0,1,0,0,0,0,0,0,0,0,2,2,2,2,2,2,2,2,2,2,1,2,2,1,6,3,3,3,1,2,2,3,1,5,1,2,3,1,3,4,2,1,2,3,2,1,2,2,4,1,1,11,7,66,1,2,4,1,6,0,1,0,0,0,0,0
526,12,2,4,99,2,3,99,99,99,99,99,99,99,99,99,99,99,2,3,2,2,2,2,2,2,3,2,2,5,3,99,1,2,0,3,99,5,3,3,1,3,2,2,5,4,4,5,3,3,2,4,3,3,3,4,2,99,1,8,99,66,2,2,5,99,99,0,1,1,1,1,1,0
527,12,1,5,5,2,2,0,0,0,1,0,0,0,0,0,0,0,2,2,3,2,2,3,2,3,2,2,2,2,1,5,5,0,0,0,5,0,1,3,3,2,2,2,5,2,5,3,3,3,3,3,3,3,3,3,4,5,1,4,2,2,1,1,4,1,4,0,0,0,1,0,0,0
528,12,1,1,1,2,2,0,1,0,0,0,0,0,0,0,0,0,2,2,2,2,2,2,2,2,2,2,2,2,2,1,8,0,2,2,8,0,2,2,2,3,2,2,5,2,2,2,4,1,2,2,3,3,3,3,2,1,2,3,2,2,1,5,4,1,4,0,0,0,1,0,1,0
529,12,2,12,4,2,4,0,0,0,0,0,0,0,0,0,0,1,3,3,3,2,4,4,3,2,2,1,1,4,2,4,3,2,0,8,0,1,1,3,2,1,2,2,3,5,2,4,5,5,1,1,5,4,4,4,5,4,2,4,1,2,1,5,4,1,3,0,1,0,1,1,0,0
530,12,3,99,99,3,2,99,99,99,99,99,99,99,99,99,99,99,2,2,2,2,3,3,2,2,2,3,3,5,2,99,99,99,99,99,99,99,99,99,99,99,99,99,99,99,99,99,2,2,3,2,4,3,3,4,2,99,2,3,1,1,1,5,4,1,4,1,1,0,1,1,0,0
531,12,1,1,1,2,2,0,0,0,0,0,0,0,0,0,0,1,2,2,3,3,3,3,3,3,3,2,2,3,2,1,5,99,99,99,99,99,5,5,1,3,4,5,5,1,4,5,3,3,2,3,3,2,2,4,1,1,1,12,7,66,2,5,1,3,5,0,1,0,0,0,0,0
532,12,2,2,2,2,3,0,0,0,0,0,0,0,0,0,0,1,2,2,2,2,2,3,3,2,2,2,2,2,1,2,3,5,3,3,7,7,2,1,1,1,2,3,3,2,3,3,2,2,2,3,3,3,2,4,8,2,1,9,2,2,1,2,1,1,5,0,1,0,1,0,0,0
533,12,1,2,4,2,2,0,0,1,0,0,0,0,0,0,0,0,1,2,3,3,4,4,4,2,2,3,3,3,2,4,5,5,5,8,7,5,2,5,1,3,4,3,3,1,2,4,1,1,1,2,1,3,3,5,2,4,2,12,4,66,2,2,1,5,4,1,1,0,0,0,0,0
534,12,2,3,3,2,2,0,0,0,0,0,0,0,0,0,0,1,1,2,2,3,3,3,3,2,2,3,3,3,3,1,7,3,5,3,3,2,2,3,2,4,2,3,3,3,3,2,3,3,3,4,3,2,3,3,4,5,2,11,7,66,2,3,1,4,4,1,1,1,0,0,0,0
535,12,2,4,4,2,3,0,1,1,1,1,0,0,0,0,0,0,2,2,2,3,3,3,2,2,2,2,3,2,2,4,5,3,8,9,3,5,2,4,1,3,2,2,3,2,3,1,2,2,2,3,3,3,3,3,4,4,2,8,1,2,2,3,1,4,4,1,1,1,1,0,1,0
536,12,1,1,1,1,2,0,0,1,0,0,0,0,0,0,0,0,2,2,3,2,3,2,3,2,2,2,1,2,2,1,8,3,3,5,8,3,4,3,2,2,2,2,2,3,2,2,2,2,2,2,2,2,3,3,2,1,2,15,7,66,2,1,1,2,6,1,1,0,0,0,0,0
537,12,2,12,1,2,2,0,1,0,1,0,0,0,0,0,0,0,2,2,3,5,3,3,3,3,2,3,1,2,1,5,6,4,5,99,4,4,1,1,1,5,99,3,4,1,1,1,5,5,1,1,1,3,3,3,9,3,2,14,7,66,3,2,1,1,4,1,1,0,0,0,0,0
538,12,2,2,2,2,3,1,0,0,0,0,0,0,0,0,0,0,3,3,3,3,3,3,3,4,4,2,2,3,2,2,99,99,99,99,99,99,3,3,3,3,4,4,3,3,3,5,3,3,1,1,2,2,2,2,3,2,1,15,4,66,2,2,1,2,4,1,1,1,0,0,0,0
539,12,1,5,5,1,2,0,0,0,1,0,0,0,0,0,0,0,2,2,3,2,3,4,2,2,3,2,2,2,2,5,6,4,5,4,5,1,4,4,1,5,3,2,3,2,4,5,2,1,4,4,1,1,2,2,4,5,1,10,1,1,2,2,1,3,5,1,1,0,1,0,0,0
540,13,2,12,99,4,4,0,0,0,0,0,0,0,0,0,0,1,3,3,4,2,3,4,3,2,3,1,1,3,2,12,0,0,0,0,0,0,2,2,1,3,2,4,5,2,4,2,5,3,3,3,3,3,2,2,5,1,1,2,6,66,1,5,2,4,2,0,1,0,1,0,0,0
541,13,1,2,3,2,2,0,1,0,0,0,0,0,0,0,0,0,2,2,2,3,4,4,3,2,2,2,2,3,2,1,6,5,5,1,6,6,3,5,1,5,3,3,5,1,5,5,3,5,1,3,1,3,3,5,4,3,2,14,5,66,2,2,2,2,5,1,1,0,0,0,0,0
542,13,1,2,2,3,2,0,0,0,0,0,0,0,0,0,0,1,2,3,3,4,4,4,4,2,2,2,2,3,2,1,5,6,5,0,5,6,3,5,1,3,3,4,3,3,3,2,2,1,4,2,3,2,2,5,3,2,1,8,1,2,2,5,2,3,3,1,1,0,0,0,0,0
543,13,1,6,6,2,2,1,0,0,0,0,0,0,0,0,0,0,2,3,3,3,3,3,3,5,2,2,2,2,2,6,99,99,99,99,99,99,3,3,3,3,1,3,4,99,3,3,3,3,1,5,1,3,3,3,4,1,2,14,7,66,2,3,1,5,6,1,1,0,0,0,0,0
544,13,2,4,4,1,4,0,0,1,0,0,0,0,0,0,0,0,4,4,4,4,4,4,3,2,2,2,2,3,2,4,4,4,2,8,3,3,1,4,1,5,2,1,1,3,1,1,1,1,3,5,5,2,3,3,2,4,2,2,1,2,1,3,4,3,3,0,0,0,1,1,1,0
545,13,2,4,4,2,3,0,1,1,0,0,0,1,0,0,0,0,2,2,2,2,2,2,2,1,2,1,1,2,1,4,3,3,3,5,2,2,2,2,2,2,4,4,4,2,2,5,2,5,2,2,5,4,2,5,1,1,1,1,6,66,1,2,2,4,3,0,1,0,1,1,1,0
546,13,2,4,1,1,5,0,0,0,0,0,0,0,1,0,0,0,3,4,2,2,2,2,1,2,4,1,1,3,3,1,3,0,2,3,2,2,1,1,3,5,2,3,4,2,3,2,3,5,1,2,5,5,5,2,1,1,1,10,3,66,2,5,2,2,3,1,1,1,1,1,1,0
547,13,2,2,2,2,3,0,0,0,0,0,0,0,0,0,0,1,2,3,3,3,4,2,3,2,2,2,1,3,2,12,2,6,5,5,6,6,1,1,1,4,2,1,3,3,3,4,2,1,2,3,5,4,4,4,5,1,1,3,1,1,1,5,5,3,3,0,1,0,1,1,1,0
548,13,1,2,2,2,2,1,0,0,0,0,0,0,0,0,0,0,2,2,3,2,3,3,3,3,2,1,1,3,2,2,5,5,0,5,5,5,3,3,3,4,2,2,5,2,2,4,3,3,2,3,3,3,3,3,1,2,1,13,7,66,2,2,2,2,4,0,1,0,1,0,0,0
549,13,2,12,1,3,3,0,1,0,1,0,0,0,0,0,0,0,3,2,5,2,3,4,3,3,2,2,3,2,3,1,8,0,5,0,5,0,2,4,2,4,2,2,4,1,3,2,2,5,1,4,3,3,3,4,4,1,2,11,2,3,2,4,1,3,4,0,1,0,0,0,0,0
550,13,2,2,2,2,3,0,0,0,0,0,0,0,0,0,0,1,2,2,2,2,3,3,2,2,2,2,3,2,2,12,5,6,5,5,5,5,3,3,2,4,2,2,2,2,4,4,1,1,2,3,4,2,2,3,2,99,2,6,1,2,1,4,4,1,4,0,1,0,1,1,0,0
551,13,1,4,4,2,3,0,0,0,0,0,1,0,0,0,0,0,2,2,2,3,3,3,4,4,1,1,2,2,2,4,4,5,3,6,7,99,4,4,3,3,2,1,5,5,5,5,2,5,3,3,1,1,2,2,1,4,2,14,7,66,3,2,1,2,4,0,1,1,0,0,0,0
552,13,2,1,4,1,3,0,0,1,0,0,0,0,0,0,0,0,2,4,4,3,3,4,2,2,3,2,1,2,2,4,5,0,0,7,1,1,1,3,1,4,2,1,5,4,3,3,2,5,1,2,5,3,4,2,2,1,1,8,1,2,2,2,1,6,4,1,1,0,1,1,0,0
553,13,2,12,5,3,3,0,0,0,0,0,0,0,0,0,0,1,2,2,3,3,3,3,3,3,2,2,3,3,2,12,5,5,5,5,5,5,3,4,2,3,3,3,4,2,3,4,3,3,2,3,2,4,3,4,4,12,2,12,5,66,2,4,1,6,4,1,1,0,0,1,0,0
554,13,2,1,4,1,4,0,0,1,0,0,0,0,0,0,0,0,4,4,3,3,2,1,1,1,2,1,1,4,2,4,1,2,1,6,1,2,1,1,99,2,3,1,3,2,5,4,3,3,2,2,3,4,4,3,3,4,2,7,5,66,2,2,1,4,3,0,0,0,1,0,1,0
555,13,1,12,1,2,2,1,1,1,1,0,0,0,0,0,0,0,2,2,3,3,3,3,2,2,3,2,2,3,2,1,5,5,5,5,5,5,3,4,2,3,2,3,3,3,4,3,2,2,4,3,2,2,2,3,3,1,1,6,3,66,1,3,2,3,4,0,1,0,1,1,1,0
556,13,2,4,4,1,4,0,0,0,0,0,0,0,0,0,0,1,4,4,4,3,3,3,2,2,4,2,2,3,3,4,0,0,0,5,0,0,2,1,5,1,2,1,5,1,5,5,5,5,1,5,5,4,2,5,8,4,1,11,7,66,3,7,4,1,7,0,0,0,0,0,0,1
557,13,2,2,4,2,4,0,0,0,0,0,0,0,0,0,0,1,4,4,4,4,3,2,1,1,2,1,1,3,3,12,0,5,1,6,3,3,1,2,2,3,4,1,5,2,3,3,2,2,1,2,5,5,2,3,6,12,1,9,3,66,3,2,1,3,3,0,0,0,1,0,1,0
558,13,2,5,5,2,3,0,0,0,1,0,0,0,0,0,0,0,2,2,3,3,4,4,2,2,4,2,3,3,2,5,3,3,3,3,6,5,2,2,1,3,4,4,1,1,3,5,2,1,1,2,4,3,4,5,8,12,2,3,1,2,1,3,1,5,4,0,0,0,1,1,1,0
559,13,1,2,2,2,2,1,1,0,0,0,0,0,0,0,0,0,2,2,3,2,2,3,1,2,2,2,1,3,2,1,7,8,7,6,9,0,5,5,1,5,1,5,5,1,5,1,2,1,2,2,1,4,1,4,4,2,1,7,2,2,2,2,2,4,3,0,1,0,1,0,0,0
560,13,2,2,2,2,3,0,0,0,0,0,0,0,0,0,0,1,3,3,3,3,2,2,2,2,2,2,1,2,2,2,5,7,5,5,3,5,3,3,2,4,2,3,4,2,3,2,1,1,2,3,2,2,3,4,5,12,2,5,3,66,4,5,3,2,3,0,1,0,0,1,1,0
561,13,2,3,3,1,4,0,1,0,0,0,0,0,0,0,0,0,2,4,4,4,4,4,4,4,2,1,1,4,2,12,0,0,7,5,1,0,1,1,2,3,5,2,4,3,2,1,5,5,5,1,5,4,1,5,7,1,1,7,1,2,2,5,1,3,3,0,1,0,1,0,0,0
562,13,2,12,10,1,4,0,0,0,0,0,0,0,0,0,0,1,2,4,4,4,4,4,2,2,2,2,1,2,2,12,0,0,0,0,0,0,3,5,2,2,3,3,1,1,1,1,1,1,1,1,5,5,4,5,5,12,1,4,1,2,2,5,4,2,5,1,1,1,1,1,1,0
563,13,1,1,1,2,3,0,1,0,0,0,0,0,0,1,0,0,2,2,3,2,3,3,3,2,2,2,1,2,2,1,7,5,6,6,7,6,99,4,1,3,2,2,4,2,4,2,2,3,2,3,1,3,3,4,4,1,2,9,5,66,2,2,2,2,4,0,1,0,1,0,0,0
564,13,3,11,1,3,2,0,0,0,0,0,0,0,0,0,0,1,2,4,2,1,4,2,1,1,3,2,1,1,2,4,8,5,5,5,3,3,1,2,2,2,1,2,1,3,4,2,5,1,3,2,4,3,4,3,2,1,1,5,2,2,1,2,1,2,6,0,1,0,1,0,0,0
565,13,2,2,4,2,3,0,0,0,0,0,0,0,0,0,0,1,2,2,2,2,4,4,3,3,2,3,3,3,2,7,0,5,5,7,0,7,2,5,1,3,1,1,5,1,3,4,3,5,2,3,1,3,3,5,5,4,2,13,1,3,2,2,2,2,6,1,1,0,0,0,0,0
566,13,2,12,4,2,3,0,0,0,0,0,0,0,0,0,0,1,2,2,2,2,3,3,2,2,2,2,1,2,1,12,2,2,3,6,1,2,2,4,2,2,2,2,5,2,5,2,3,2,2,3,4,3,2,3,2,12,1,1,6,66,1,3,4,5,5,0,1,0,1,1,1,0
567,13,2,4,4,2,3,0,1,1,0,0,0,0,0,0,0,0,2,2,2,2,3,3,3,3,1,2,1,3,2,1,6,2,5,5,5,5,2,2,3,3,2,2,2,2,3,3,2,1,3,2,4,3,3,2,2,4,1,10,1,2,2,2,4,2,4,0,1,0,1,0,0,0
568,13,2,4,4,2,3,0,0,0,0,0,0,0,0,0,0,1,2,3,3,3,3,3,2,2,2,2,2,2,3,12,1,5,3,5,0,5,3,3,3,3,3,3,4,3,4,3,1,1,3,3,3,3,3,3,2,4,2,9,5,66,2,2,4,5,5,1,0,0,0,1,0,0
569,13,2,99,99,3,3,0,1,0,0,0,0,0,0,0,0,0,2,3,3,4,4,4,2,2,3,1,1,3,2,1,3,2,6,2,3,1,2,5,1,2,2,2,4,2,5,1,2,1,1,3,1,2,3,5,1,1,2,11,3,66,2,2,1,3,5,1,1,0,1,0,0,0
570,13,3,12,99,3,3,0,0,0,0,0,0,0,0,0,0,1,5,5,5,2,2,3,2,2,2,2,2,2,3,12,99,99,99,99,99,99,3,3,3,4,3,3,4,3,4,2,2,2,3,3,3,4,3,3,2,99,2,3,2,2,1,3,4,1,6,0,0,0,1,1,0,0
571,13,2,2,2,3,4,0,0,0,0,0,0,0,0,0,0,1,4,4,4,4,4,2,1,2,3,2,2,2,2,6,3,4,4,4,4,6,3,1,1,4,2,4,4,1,3,5,1,1,3,4,1,2,3,1,8,3,2,3,2,3,1,5,4,2,5,0,0,0,1,0,0,0
572,13,3,11,11,2,3,0,0,0,0,0,0,0,0,0,0,1,3,3,3,3,3,3,2,2,2,2,1,2,2,12,5,5,5,5,5,5,3,3,3,3,3,3,3,3,3,3,3,3,3,3,3,3,3,3,2,12,2,8,1,2,1,5,4,4,4,1,1,0,1,0,0,0
573,13,2,12,4,3,4,0,0,0,0,0,0,0,0,0,0,1,3,3,3,3,2,2,2,2,3,2,1,3,2,99,6,6,6,6,6,6,1,4,3,4,3,1,4,4,3,4,3,3,3,1,5,3,3,3,1,2,1,2,2,2,2,5,4,2,4,0,1,0,0,0,1,0
574,13,3,2,7,3,3,0,0,0,0,0,0,0,0,0,0,1,2,2,5,3,4,4,3,3,1,2,2,4,2,12,2,3,0,2,2,3,2,2,1,3,2,4,4,1,3,3,4,3,2,4,2,2,1,5,4,12,1,13,7,66,2,2,1,5,5,0,1,0,1,0,0,0
575,13,2,2,2,2,2,0,0,0,0,0,0,0,0,0,0,1,1,2,3,3,3,3,3,3,2,1,2,2,2,2,3,5,1,1,3,3,2,4,1,3,3,3,2,2,3,1,2,2,2,2,2,2,2,4,2,1,1,11,7,66,3,5,3,1,4,1,1,0,1,0,0,0
576,13,1,5,5,1,3,0,0,1,1,0,0,0,0,0,0,0,2,2,2,3,3,3,3,2,2,2,2,3,2,5,99,99,99,99,99,99,1,4,1,1,3,4,4,1,5,2,5,2,2,3,4,4,4,5,8,5,1,13,7,66,3,2,1,6,6,1,1,1,1,0,0,0
577,13,2,2,2,2,3,1,1,1,0,0,0,0,0,0,0,0,2,2,2,3,3,3,3,2,2,2,2,3,2,10,2,6,5,5,2,6,5,5,1,3,2,2,5,2,5,5,3,2,3,3,3,3,2,3,2,1,1,14,7,66,2,2,2,2,5,1,1,0,0,0,0,0
578,13,2,12,99,2,3,0,0,1,0,0,0,0,0,0,0,0,2,2,3,3,3,3,1,1,2,2,2,2,1,12,99,99,99,99,2,99,1,2,1,4,2,2,2,3,2,1,5,1,2,1,5,4,1,5,5,12,2,4,1,2,2,5,4,2,3,0,0,0,1,0,0,0
579,13,1,2,2,2,2,0,1,0,0,0,0,0,0,0,0,0,1,1,3,3,3,3,3,3,1,2,2,3,2,2,99,99,99,99,99,99,2,1,1,2,2,4,2,2,2,3,5,2,2,1,5,2,1,4,1,1,1,14,3,66,2,5,1,2,3,1,1,0,0,0,0,0
580,13,2,12,2,2,4,0,1,0,0,0,0,0,0,0,0,0,3,3,3,3,3,3,2,1,3,2,1,2,2,1,3,5,5,4,2,4,4,4,1,5,1,1,5,4,2,2,1,1,2,4,5,2,4,4,4,2,1,3,1,2,1,5,3,1,6,0,0,0,1,0,0,0
581,13,1,3,3,2,2,0,1,0,1,0,0,0,0,0,0,0,2,2,3,2,3,3,2,2,3,2,1,3,2,3,6,5,8,5,8,4,3,3,2,4,2,2,3,2,3,3,2,2,3,3,3,2,3,4,2,1,2,14,7,66,2,2,2,4,4,0,1,0,1,0,1,0
582,13,1,3,3,2,2,0,1,0,1,0,0,0,0,0,0,0,2,2,2,3,3,3,2,1,3,1,1,3,2,3,5,3,7,3,5,3,1,5,1,2,1,5,5,5,1,1,1,1,1,1,4,3,1,1,5,3,1,3,2,2,2,5,4,2,5,0,1,0,1,0,1,0
583,13,2,2,2,2,3,1,0,0,0,0,0,0,0,0,0,0,2,2,3,3,3,3,3,2,2,2,1,2,1,2,3,5,1,3,5,7,2,2,2,3,3,3,3,2,3,3,3,2,2,3,3,2,3,4,4,2,1,11,7,66,2,3,1,2,5,0,1,0,1,0,0,0
584,13,2,3,3,3,3,0,1,0,0,1,0,0,0,0,0,0,2,2,3,2,3,3,2,3,3,2,1,3,2,3,3,3,5,4,3,3,2,3,1,2,1,2,5,3,4,4,1,1,4,3,4,3,3,3,2,12,2,7,2,3,2,2,2,4,4,1,1,0,1,0,0,0
585,13,1,4,1,1,1,1,1,1,1,1,1,1,1,1,0,0,2,3,4,2,4,4,2,1,1,1,1,3,1,4,7,3,5,8,7,7,1,2,2,2,1,1,1,2,1,5,2,1,3,2,5,4,1,2,1,1,1,2,6,66,1,5,1,4,2,1,1,0,1,1,0,0
586,13,3,1,1,2,2,0,0,0,0,0,0,0,0,0,0,1,4,3,3,4,4,4,4,4,1,1,1,2,2,1,99,99,99,99,99,99,1,1,5,1,4,3,5,5,3,3,5,5,1,1,5,5,1,3,1,1,1,13,1,4,2,5,1,2,3,1,1,0,0,0,0,0
587,13,2,2,2,2,3,0,0,0,0,0,0,0,0,0,0,1,2,2,3,3,3,3,3,3,2,2,2,3,2,2,5,6,4,4,6,6,3,4,1,4,2,3,3,2,3,3,2,2,3,4,2,2,2,4,4,2,2,3,1,1,1,6,1,3,3,1,1,0,1,0,0,0
588,13,1,1,99,2,2,0,0,0,0,0,0,0,0,0,0,1,3,3,3,3,3,3,2,2,3,1,1,3,2,1,5,3,1,3,5,2,1,2,1,5,1,1,5,3,3,4,1,1,4,2,2,2,3,2,4,1,2,9,3,66,2,2,2,3,5,0,1,0,1,0,0,0
589,13,2,1,4,2,3,0,0,0,1,0,0,0,0,0,0,0,2,4,3,3,3,3,2,2,3,2,1,3,2,4,1,5,5,7,0,6,3,2,1,3,3,1,3,2,2,1,2,2,4,2,3,3,3,3,2,4,2,7,5,66,2,3,1,4,3,0,1,0,1,0,1,0
590,13,2,12,4,1,4,0,0,0,0,0,0,0,0,0,0,1,3,3,4,3,2,4,2,1,3,2,1,1,2,1,4,5,1,7,0,1,2,2,1,3,1,1,5,2,3,5,3,3,2,1,5,4,2,5,2,4,2,4,1,2,1,5,4,1,4,0,1,0,1,1,0,0
591,13,1,4,7,2,3,0,0,0,0,0,0,0,0,0,0,1,2,2,2,2,4,4,4,3,3,2,1,2,2,12,5,5,3,5,5,5,1,2,1,3,2,3,4,2,3,4,2,2,1,2,4,3,3,3,4,2,1,9,2,2,2,2,3,3,6,1,1,0,1,0,0,0
592,13,1,12,99,4,4,0,0,0,0,0,0,0,0,0,0,1,2,2,3,2,3,3,2,2,2,2,2,3,3,1,3,3,4,4,6,4,2,2,2,4,3,2,5,3,1,3,1,1,1,2,3,4,1,5,5,12,1,6,1,2,2,5,1,4,2,0,1,0,1,1,1,0
593,13,2,4,4,2,3,0,0,1,0,0,0,0,0,0,0,0,2,2,2,3,3,3,2,3,3,2,2,3,2,4,2,2,2,8,0,0,2,3,1,3,2,2,3,2,2,2,2,2,1,2,2,4,2,5,2,4,2,3,1,2,1,5,4,1,3,0,0,0,1,0,0,0
594,13,2,6,6,2,4,1,0,0,0,1,0,0,0,0,0,0,2,3,3,2,3,2,2,1,3,2,2,3,2,6,3,5,2,1,5,5,5,3,1,4,2,3,3,4,4,4,2,1,4,2,2,3,3,4,5,6,2,4,3,66,2,5,3,2,3,0,0,0,1,0,1,0
595,13,1,1,1,2,2,0,0,1,1,0,0,0,0,0,0,0,2,3,3,2,3,3,2,2,3,2,2,2,1,1,99,99,99,99,99,99,3,3,2,4,3,4,3,1,3,4,5,2,2,4,5,3,4,5,4,1,1,13,2,2,2,2,1,5,4,1,1,0,0,0,0,0
596,13,3,2,2,2,3,0,0,0,0,0,0,0,0,0,0,1,1,2,2,5,4,4,4,3,1,2,1,3,2,2,2,5,0,0,4,5,3,3,1,2,4,2,5,3,5,5,3,2,1,5,3,3,3,5,2,12,1,8,1,2,2,6,1,4,4,1,1,0,1,0,0,0
597,13,2,2,2,2,2,1,0,0,0,0,0,0,0,0,0,0,2,2,3,3,3,3,3,3,2,2,2,3,2,2,3,7,3,5,3,3,3,3,3,3,3,3,4,4,4,99,3,3,3,3,3,3,3,3,4,2,2,11,2,4,2,4,2,3,5,0,1,0,0,0,0,0
598,13,2,1,1,2,4,0,0,0,0,0,0,0,0,0,0,1,2,4,3,3,4,4,1,1,3,1,1,4,2,12,5,4,5,5,5,5,1,2,2,3,1,4,5,2,1,4,3,3,1,1,5,5,3,4,2,1,1,7,7,66,1,3,2,3,5,1,1,0,0,0,0,0
599,13,2,12,99,4,4,0,0,0,0,0,0,0,0,0,0,1,3,3,3,3,3,3,2,2,2,2,1,2,1,12,5,5,5,5,5,5,1,1,3,3,3,3,3,1,5,1,3,3,2,3,3,3,3,3,4,12,2,9,1,2,1,2,4,2,3,0,1,0,1,0,1,0
600,13,1,1,1,3,2,0,0,0,0,0,0,0,0,0,0,1,4,3,4,3,4,4,3,2,2,2,2,1,2,1,7,5,3,4,6,2,5,4,2,2,4,3,5,1,4,2,3,2,3,5,3,5,2,2,2,1,1,3,1,1,2,5,4,2,5,0,1,0,0,0,0,0
601,13,1,2,2,3,3,1,0,0,0,0,0,0,0,0,0,0,2,2,2,2,2,2,2,2,2,3,3,4,2,99,99,99,99,99,99,99,5,5,1,5,1,1,5,1,5,99,5,5,99,99,99,99,99,99,4,2,2,13,5,66,2,1,1,3,5,0,1,0,0,0,0,0
602,13,3,12,1,2,3,0,0,0,0,0,0,0,0,0,0,1,2,2,3,3,3,4,3,3,2,2,2,3,2,1,4,3,0,1,4,2,3,3,1,3,2,3,4,3,4,2,3,2,2,3,2,2,3,5,2,1,2,7,1,3,1,4,1,2,4,1,1,0,0,1,0,0
603,13,2,2,6,2,3,0,0,0,0,1,0,0,0,0,0,0,3,3,3,3,3,3,2,2,3,1,1,3,2,6,3,3,3,3,4,3,3,2,3,2,2,2,4,2,4,2,3,3,2,3,3,4,3,4,4,6,1,11,3,66,2,3,1,2,4,0,1,0,1,0,1,0
604,13,2,6,6,2,4,0,0,0,0,0,0,0,0,0,0,1,2,3,4,3,4,4,2,2,4,2,1,2,2,12,0,1,1,1,0,0,4,5,1,5,1,1,5,2,4,5,2,1,2,5,1,2,4,2,2,12,2,8,3,66,2,3,2,3,6,1,1,0,1,0,0,0
605,13,1,1,1,2,2,1,1,0,0,0,0,0,0,0,0,0,2,2,2,3,3,3,3,2,2,2,1,3,2,1,7,6,5,5,6,6,2,3,1,4,2,2,3,3,2,4,2,2,2,4,4,2,3,2,2,1,1,9,1,2,2,5,2,3,2,1,1,1,1,0,0,0
606,13,2,6,6,2,3,0,0,0,0,0,1,0,0,0,0,0,2,3,3,3,2,5,2,2,2,2,3,4,2,6,0,3,0,1,3,3,3,2,1,5,5,4,5,2,5,3,1,1,3,5,1,1,3,5,5,12,2,6,3,66,1,5,1,2,5,1,0,0,1,1,0,0
607,13,2,12,4,3,4,0,0,0,0,0,0,0,0,0,0,1,2,2,2,2,4,4,2,2,3,2,3,2,2,12,5,5,5,5,5,5,1,5,2,4,1,3,5,5,5,1,2,1,3,3,2,4,3,3,5,4,2,4,5,66,2,4,4,4,3,0,1,0,0,0,0,0
608,13,3,1,4,1,2,0,1,1,1,0,0,0,0,0,0,0,1,2,2,2,3,3,3,2,2,1,1,3,2,1,10,6,7,7,7,9,1,3,3,4,2,2,3,3,3,2,2,2,2,2,5,1,3,1,4,1,2,4,1,3,1,5,5,3,3,1,1,1,0,0,0,0
609,13,1,1,1,3,3,1,1,0,0,0,1,0,0,0,0,0,2,2,3,3,4,4,3,2,2,1,1,3,2,7,99,99,99,99,99,99,99,5,1,3,1,2,5,1,5,3,3,3,1,4,1,5,3,5,7,2,2,13,7,66,3,2,2,1,7,1,1,0,0,0,0,0
610,13,1,12,3,3,4,1,1,0,0,0,0,0,0,0,0,0,2,3,3,3,4,4,4,4,2,2,1,3,2,12,0,1,5,0,5,4,4,5,1,5,1,5,2,2,4,3,2,2,1,2,1,3,3,4,3,1,2,12,8,66,3,7,2,2,5,1,1,0,1,0,0,0
611,13,2,12,4,2,3,0,0,1,0,0,0,0,0,0,0,0,3,4,4,4,4,4,2,2,2,2,3,3,2,1,4,4,3,5,4,4,3,2,2,4,2,2,4,3,3,2,1,1,2,2,5,2,3,4,2,12,1,5,1,2,2,5,4,3,4,0,1,0,1,1,1,0
612,13,1,12,4,3,3,0,0,1,0,0,0,0,0,0,0,0,2,3,2,2,3,3,2,2,2,2,2,2,2,4,5,5,5,7,5,5,2,3,1,4,2,2,3,2,3,2,1,1,4,3,4,2,2,3,2,1,2,3,1,2,1,5,1,2,4,0,1,0,1,1,0,0
613,13,2,1,1,1,2,0,0,0,0,0,0,0,0,0,0,1,2,2,2,2,3,3,2,2,1,2,2,2,1,1,8,2,5,2,2,1,3,4,2,4,3,2,5,2,4,1,1,1,2,2,1,3,3,3,2,1,1,10,1,2,2,5,2,3,4,0,1,0,1,0,0,0
614,13,1,7,4,2,3,0,0,0,0,0,0,0,0,0,0,1,1,3,3,3,3,3,5,2,2,2,2,3,2,12,6,5,5,6,6,5,3,2,1,3,3,2,2,3,3,3,2,1,2,2,3,4,3,3,5,1,2,7,5,66,2,4,2,5,3,1,1,0,0,0,0,0
615,13,3,2,2,2,3,1,0,0,0,0,0,0,0,0,0,0,2,2,2,3,4,3,3,3,2,2,2,3,2,2,4,9,4,0,4,9,4,4,1,5,1,3,3,1,4,5,1,1,4,4,1,2,2,4,5,2,2,11,1,3,2,5,1,2,3,0,1,0,0,0,0,0
616,13,2,2,2,2,3,0,0,0,0,0,0,0,0,0,0,1,2,2,3,2,3,3,2,2,3,2,2,3,2,1,5,5,5,2,6,4,2,4,1,4,4,2,3,3,2,2,2,2,1,1,3,2,2,4,5,12,2,6,1,2,2,5,4,3,3,1,1,0,1,1,0,0
617,13,1,1,1,2,2,0,1,1,1,0,0,0,0,0,0,0,2,3,4,3,4,4,4,2,2,1,1,2,1,1,9,0,8,7,7,3,2,2,2,2,2,3,2,1,3,2,4,2,1,4,4,2,3,2,5,3,1,12,7,66,2,6,2,2,3,1,1,0,0,0,0,0
618,13,2,8,8,2,2,0,0,0,0,0,0,0,0,0,0,1,2,2,2,2,3,3,2,2,3,1,1,3,2,4,3,5,6,7,3,7,2,2,2,3,4,2,4,2,4,2,4,4,2,2,4,4,4,3,8,4,1,7,1,2,2,5,2,4,4,1,1,1,1,1,1,0
619,13,2,2,2,2,3,1,0,0,0,0,0,0,0,0,0,0,2,3,3,3,4,4,3,3,1,1,1,2,2,2,3,6,0,1,3,5,2,2,1,4,3,2,4,2,3,4,4,1,1,4,1,3,1,4,2,2,1,10,1,2,2,5,4,1,6,0,0,1,1,0,0,0
620,13,1,1,1,4,4,0,0,0,0,0,0,0,0,0,0,1,1,2,2,2,3,3,3,3,2,2,2,3,2,1,8,2,0,2,8,0,1,1,1,2,3,2,5,3,5,1,3,3,1,3,5,2,3,3,1,1,2,5,1,2,1,5,2,2,4,0,1,0,1,1,0,0
621,13,2,6,6,2,3,0,0,0,0,0,0,0,0,0,0,1,2,2,2,2,3,4,2,2,2,2,1,3,2,6,1,6,0,3,5,7,3,4,2,4,3,1,5,1,3,4,1,1,1,3,1,2,3,5,2,1,2,9,3,66,2,6,2,2,5,1,1,1,1,0,0,0
622,13,2,12,99,1,1,0,0,0,0,0,0,0,0,0,0,1,4,4,4,2,2,2,1,1,3,2,2,3,2,12,0,0,0,0,0,0,3,3,2,3,2,2,4,2,4,5,1,1,2,3,3,3,2,4,8,12,1,9,1,2,2,5,2,3,4,0,0,0,0,0,1,0
623,13,1,8,8,2,3,0,0,0,0,0,0,0,0,0,0,1,2,2,3,3,2,2,2,2,2,2,2,2,2,12,5,4,5,5,5,5,2,4,1,3,1,2,5,3,5,3,1,2,1,2,4,3,3,4,3,12,1,7,3,66,2,3,2,4,3,0,1,0,1,0,0,0
624,13,1,1,1,2,2,0,1,0,0,0,0,0,0,0,0,0,2,3,3,3,4,4,2,1,1,2,2,1,1,1,10,3,8,2,10,10,1,3,3,3,1,3,1,5,3,2,1,2,3,3,5,3,3,2,4,1,2,6,5,66,2,3,2,2,3,0,1,0,0,0,0,0
625,13,1,4,4,2,2,0,1,1,0,0,0,0,0,0,0,0,2,2,3,3,3,3,3,3,2,2,1,3,2,1,4,3,5,6,5,5,2,3,1,3,3,3,3,4,3,3,3,2,3,2,3,3,3,3,4,1,2,8,1,3,2,5,4,4,2,0,1,0,1,0,0,0
626,13,2,6,6,4,4,0,0,0,0,0,0,0,0,0,0,1,3,3,3,3,3,3,2,2,3,2,1,3,1,12,0,0,0,0,0,0,4,2,1,5,3,3,4,1,3,4,1,1,3,4,3,4,3,5,5,12,1,8,1,2,3,5,1,3,7,0,1,0,0,0,0,0
627,13,2,2,4,2,2,1,1,1,0,0,0,0,0,0,0,0,2,2,2,3,3,3,2,2,3,1,1,2,2,12,1,1,1,1,1,1,2,5,1,3,2,2,2,3,2,2,3,2,3,3,2,3,3,3,4,12,2,10,2,3,2,3,1,3,5,0,1,0,1,0,0,0
628,13,2,4,4,3,3,0,1,1,0,0,0,0,0,0,0,0,3,3,3,2,2,3,2,2,3,1,1,1,2,1,5,6,6,7,5,3,1,3,3,1,1,3,4,1,2,2,2,2,2,2,4,2,3,4,1,1,1,11,1,3,2,5,1,2,3,0,1,0,1,0,1,0
629,13,2,6,6,2,4,0,0,0,0,0,0,0,0,0,0,1,2,3,3,3,3,3,1,1,3,2,1,2,1,12,0,0,0,0,0,0,1,2,3,2,3,1,5,1,5,5,3,4,1,5,5,5,1,5,2,6,1,2,2,2,1,5,4,1,6,0,0,0,1,1,1,0
630,13,1,1,1,2,2,0,0,0,1,0,0,0,0,0,0,0,1,3,4,4,4,4,3,3,3,1,1,2,2,1,6,3,3,1,8,4,1,3,1,4,2,2,5,1,3,2,5,1,1,2,4,2,4,5,4,1,2,13,5,66,2,1,1,2,4,1,1,0,0,0,0,0
631,13,1,4,4,3,2,0,0,0,0,0,0,0,0,0,0,1,1,2,3,3,4,4,4,3,3,2,2,2,2,4,0,3,3,7,5,3,1,2,3,5,2,2,3,4,2,1,5,3,2,2,4,4,3,2,4,4,2,2,6,66,1,5,4,5,4,0,1,0,1,1,0,0
632,13,1,12,3,2,2,0,0,0,0,0,0,0,0,0,0,1,2,2,2,2,3,4,3,2,3,3,1,3,2,12,7,7,8,8,8,7,1,3,2,3,2,3,4,2,2,2,3,4,1,3,4,2,2,3,9,3,2,10,5,66,2,4,1,3,4,1,1,0,1,0,0,0
633,13,2,12,1,3,3,0,0,0,0,0,0,0,0,0,0,1,2,3,3,2,3,3,2,2,3,2,1,2,2,1,6,2,2,0,1,1,3,4,1,1,2,2,2,3,4,3,2,2,2,2,2,3,4,2,5,12,2,3,7,66,1,3,1,4,4,0,1,0,1,0,0,0
634,13,2,2,2,2,4,1,0,1,0,0,0,0,0,0,0,0,4,4,4,3,4,3,2,2,3,2,1,3,2,1,5,5,1,5,1,5,1,1,3,5,2,2,4,1,2,3,1,3,2,3,5,3,3,5,3,5,2,12,3,66,3,2,1,99,99,0,0,0,0,0,1,0
635,13,1,12,8,3,3,0,0,0,0,0,0,0,0,0,0,1,3,3,3,2,2,2,1,1,1,1,1,3,2,8,6,6,8,6,6,6,2,4,2,4,1,2,3,3,4,1,2,1,2,3,3,2,3,2,2,3,2,3,3,66,1,5,1,4,3,0,1,0,0,1,1,0
636,13,2,12,4,3,3,0,1,0,0,1,0,0,0,0,0,0,2,2,2,2,2,2,2,2,2,2,1,2,1,1,10,3,5,8,1,0,2,2,3,2,2,2,2,2,2,1,3,3,3,3,4,3,3,3,2,1,2,7,5,66,2,3,4,2,4,1,1,0,1,0,0,0
637,13,2,2,9,2,3,0,0,0,0,0,0,0,0,0,0,1,2,3,3,4,3,3,2,2,2,1,1,2,2,12,4,4,2,3,5,5,3,4,2,3,3,4,4,3,3,4,2,1,2,3,3,2,2,3,2,12,2,6,5,66,2,5,4,4,3,1,1,0,1,0,0,0
638,13,2,1,4,1,3,0,0,1,0,0,0,0,0,0,0,0,4,4,4,4,3,3,5,2,4,1,1,5,2,1,5,0,0,5,0,0,1,5,5,5,3,1,5,2,3,1,5,5,1,3,5,3,4,3,2,1,1,10,3,66,2,4,1,2,5,0,0,0,0,1,1,0
639,13,2,12,3,2,3,0,0,0,0,0,0,0,0,0,0,1,3,3,3,3,3,3,2,3,3,1,1,2,2,3,99,99,99,99,99,99,3,3,1,3,3,3,5,3,3,3,2,3,3,3,3,3,3,3,2,3,2,5,2,1,2,3,1,4,5,0,1,0,1,0,0,0
640,13,2,12,4,3,4,0,0,1,0,0,0,1,1,0,0,0,4,4,4,4,4,4,1,1,4,1,1,2,2,8,1,1,5,10,1,1,1,1,1,1,4,1,4,1,4,1,4,1,1,3,3,5,3,3,9,8,2,1,2,3,1,2,2,4,7,0,1,0,1,1,1,0
641,13,2,6,6,2,4,0,0,0,0,0,0,0,0,0,0,1,2,4,3,3,4,3,2,2,2,2,3,3,2,12,2,5,0,5,5,0,3,5,1,3,2,2,3,3,5,4,3,3,3,3,2,3,2,3,9,6,2,3,1,2,1,3,1,3,4,1,0,0,1,0,1,0
642,13,2,2,2,2,2,0,0,0,0,0,0,0,0,0,0,1,2,2,3,3,4,4,3,3,2,2,2,3,2,2,4,5,2,3,4,5,3,3,1,3,3,3,2,2,3,3,2,2,2,3,2,2,3,3,3,12,2,9,5,66,2,5,1,2,3,1,1,0,0,0,0,0
643,13,1,1,1,1,2,0,0,0,0,0,0,0,0,0,0,1,2,2,2,2,3,3,5,3,3,1,1,4,2,1,7,3,5,2,7,2,1,5,4,5,2,3,4,1,4,2,4,4,2,2,5,2,3,3,4,1,1,9,1,2,2,6,1,3,3,0,1,1,1,0,0,0
644,13,3,3,3,2,3,0,0,0,0,0,0,0,0,0,0,1,1,5,5,5,5,5,5,4,4,2,2,3,2,12,99,99,99,99,99,99,3,3,2,3,2,3,3,3,4,3,2,2,2,3,3,3,3,3,8,12,2,13,7,66,2,2,4,1,7,1,1,1,0,0,0,0
645,13,2,12,6,3,3,0,0,0,0,1,0,0,0,0,0,0,2,2,3,2,2,2,2,2,3,2,2,2,2,6,99,99,99,99,99,99,3,2,1,5,2,2,4,2,3,1,1,1,2,2,4,4,3,3,5,99,2,4,1,2,2,5,1,3,3,0,1,0,1,1,0,0
646,13,2,6,7,1,4,0,0,0,0,0,0,0,0,0,0,1,5,3,3,3,3,4,5,2,2,3,1,3,2,7,1,2,0,2,1,0,2,3,1,3,4,1,5,2,4,4,1,2,3,5,2,1,3,5,5,12,1,8,3,66,1,5,4,2,4,1,1,0,1,1,0,0
647,13,1,1,1,2,2,1,0,0,1,0,0,0,0,0,0,0,2,2,2,3,3,2,2,2,2,2,2,2,2,1,8,6,6,5,8,5,3,2,2,3,2,2,4,2,4,4,3,3,4,3,3,3,3,3,4,1,2,13,5,66,2,5,1,2,6,1,1,0,1,0,0,0
648,13,3,1,99,2,2,0,0,0,0,0,0,0,0,0,0,1,2,2,3,3,3,3,3,3,2,2,3,3,2,12,5,5,5,5,5,5,3,3,3,3,3,3,4,2,3,3,3,3,3,3,3,3,3,3,2,12,2,12,5,66,2,2,1,2,5,1,1,0,0,0,0,0
649,13,3,6,6,2,4,0,0,0,0,1,0,0,0,0,0,0,3,4,4,3,3,3,1,1,3,1,1,2,2,6,0,0,5,0,0,0,1,5,5,3,3,3,5,4,2,1,5,1,4,1,5,4,3,5,5,6,1,5,1,2,2,5,1,4,4,1,1,0,1,1,1,0
650,13,2,6,6,2,3,1,0,0,0,1,0,0,0,0,0,0,3,3,3,4,3,3,2,2,2,2,1,4,2,6,3,6,2,2,4,4,2,5,1,4,2,3,4,4,4,4,1,1,2,4,5,2,2,4,5,6,99,99,99,66,4,7,5,99,99,0,0,0,0,0,0,1
651,13,2,12,1,3,3,0,0,0,1,0,0,0,0,0,0,0,1,2,2,2,2,3,1,1,3,2,2,2,2,1,6,4,5,4,2,2,5,2,1,4,1,4,5,3,4,1,1,1,2,5,1,3,2,2,5,6,2,2,1,2,1,4,1,5,3,0,1,0,1,1,0,0
652,13,2,12,1,2,3,0,0,0,0,0,0,0,0,0,0,1,2,3,3,3,3,3,2,2,2,3,3,2,2,12,99,99,99,99,99,99,2,3,2,3,3,3,3,3,3,3,3,3,2,3,3,3,3,3,2,12,1,2,6,66,1,5,1,4,2,1,1,0,1,1,1,0
653,13,1,2,2,2,3,1,1,1,0,0,0,0,0,0,0,0,2,2,3,3,3,3,1,1,2,2,3,2,2,12,6,6,7,7,9,10,3,4,1,2,1,1,5,5,1,1,1,1,4,1,5,1,3,5,5,2,1,5,3,66,2,5,1,5,3,0,1,0,1,0,1,0
654,13,1,4,4,2,3,0,0,0,0,0,0,0,0,0,0,1,2,3,3,2,3,2,2,3,2,2,1,2,2,12,4,2,5,8,7,4,2,3,3,2,1,1,5,2,1,5,1,1,3,1,5,2,1,5,2,4,1,7,3,66,2,3,1,5,5,0,1,0,1,0,1,0
655,13,1,2,4,2,2,1,0,1,0,0,0,0,0,0,0,0,2,2,2,3,3,3,3,5,2,3,3,3,2,1,6,5,1,7,6,5,1,5,2,5,3,3,3,1,3,4,1,3,2,4,4,2,4,3,1,1,1,14,7,66,2,5,2,2,4,1,1,1,0,0,0,0
656,13,1,7,7,2,2,1,0,0,0,0,0,0,0,0,0,0,2,2,3,3,3,4,3,2,2,3,3,3,2,7,5,7,0,3,7,4,2,1,2,3,1,1,4,1,4,1,3,4,2,3,1,4,5,4,4,1,1,8,8,66,1,2,1,3,3,0,1,0,1,0,1,0
657,13,2,1,4,2,3,0,0,0,0,0,0,0,0,0,0,1,2,2,3,2,3,3,2,2,3,1,1,4,2,12,4,3,3,5,5,3,1,1,3,4,4,2,5,3,2,3,4,2,1,2,5,4,3,4,4,4,1,9,7,66,2,5,1,2,5,1,1,0,1,0,0,0
658,13,1,12,1,2,2,0,0,0,1,0,0,0,0,0,0,0,2,2,3,2,3,3,3,3,2,1,1,3,2,1,6,1,1,1,6,5,2,1,3,3,1,2,1,2,1,1,4,5,3,2,2,2,3,2,1,1,1,14,7,66,2,5,1,2,3,1,1,1,0,0,0,0
659,13,3,7,7,2,3,0,0,0,0,0,0,0,0,0,0,1,2,2,3,5,5,5,3,3,2,2,2,4,2,7,3,1,1,1,3,1,4,3,2,3,3,3,5,2,3,2,2,1,1,3,1,1,2,3,7,12,2,15,7,66,3,5,3,3,7,1,1,0,0,0,0,0
660,13,1,1,1,2,2,0,1,0,0,0,1,0,0,1,0,0,2,2,2,2,3,3,3,2,2,2,2,2,2,1,8,7,7,6,6,6,2,2,2,4,2,4,5,2,3,2,3,3,2,4,3,2,3,3,4,1,2,9,1,2,1,4,4,2,6,0,1,0,1,1,1,0
661,13,1,2,2,2,3,0,0,0,0,0,0,0,0,0,0,1,2,2,3,3,3,3,3,3,1,2,2,3,2,2,0,5,0,4,5,5,4,3,99,3,3,3,2,3,3,5,2,2,2,4,4,3,3,3,1,12,2,7,1,3,1,3,1,3,5,1,1,0,1,1,0,0
662,13,2,7,7,2,3,0,0,0,0,0,0,0,0,0,0,1,2,2,3,3,3,3,2,2,2,2,2,3,2,7,2,4,0,3,1,4,5,4,1,4,2,2,5,1,4,4,2,1,4,4,1,3,2,5,1,12,1,9,7,66,1,5,4,2,7,1,1,1,0,0,0,0
663,13,3,5,99,2,2,99,99,99,99,99,99,99,99,99,99,99,2,2,3,5,5,3,5,2,5,3,3,5,3,12,99,99,99,99,99,99,1,3,2,4,99,2,4,3,4,1,1,1,3,3,3,2,3,99,2,99,2,8,1,3,1,2,4,1,5,0,1,0,1,0,0,0
664,13,2,11,99,4,3,0,0,0,0,0,0,0,0,0,0,1,3,3,3,3,3,3,5,3,5,3,3,4,2,12,0,0,0,0,0,0,3,3,3,4,99,2,5,2,2,3,3,3,3,3,3,3,3,3,4,12,2,14,5,66,2,1,4,3,6,0,1,0,0,0,0,0
665,13,1,5,5,1,2,0,0,0,1,0,0,0,0,0,0,0,2,2,2,3,3,2,3,3,2,2,2,2,2,5,8,0,5,5,10,0,3,4,2,4,2,3,4,2,3,3,5,3,4,4,3,2,3,2,1,5,1,13,8,66,2,3,2,2,4,1,1,0,0,0,1,0
666,13,2,12,7,3,3,0,0,0,0,0,0,0,0,0,0,1,2,2,2,2,3,3,3,3,2,2,1,3,2,1,6,3,3,3,5,2,3,3,1,3,2,2,4,3,3,4,1,1,2,4,3,3,3,4,2,12,2,15,7,66,3,1,1,3,5,0,1,0,0,0,0,0
667,13,2,8,8,2,3,0,0,0,0,0,0,1,0,0,0,0,2,3,3,3,2,2,2,2,2,2,1,2,2,1,1,0,0,0,1,0,3,3,2,1,2,1,1,5,1,4,2,1,2,1,5,2,1,1,2,8,1,3,8,66,2,5,4,2,2,1,0,1,1,1,1,0
668,13,1,1,4,1,2,0,0,1,0,0,0,0,0,0,0,0,2,2,2,3,3,3,2,2,2,2,1,2,1,1,7,1,4,6,7,6,1,3,1,2,2,1,3,4,2,3,5,3,3,2,5,3,4,1,2,4,1,7,1,2,2,6,1,2,3,0,1,1,1,0,0,0
669,13,3,4,4,1,3,0,0,1,0,0,0,0,0,0,0,0,1,3,4,4,4,4,4,1,1,3,2,1,2,4,1,5,5,8,5,8,5,5,1,5,5,1,5,1,5,3,1,1,3,1,1,4,3,5,2,4,2,5,1,2,2,5,4,2,5,0,1,0,0,0,0,0
670,13,1,1,1,3,3,1,1,0,1,0,0,0,0,0,0,0,3,3,3,3,5,5,5,4,2,1,1,2,2,1,99,99,99,99,99,99,3,2,3,3,2,3,4,3,3,2,2,2,2,3,3,3,3,5,4,1,2,13,7,66,3,2,1,2,3,1,1,0,1,0,0,0
671,13,1,5,5,2,2,0,0,0,1,0,0,0,0,0,0,0,2,2,2,2,3,3,2,2,2,2,1,2,2,5,5,5,5,5,5,5,4,4,1,4,3,2,4,2,5,3,2,2,2,4,4,2,2,5,2,12,1,9,2,2,1,2,2,1,5,0,1,0,1,0,0,0
672,13,1,5,5,1,2,0,0,0,1,0,0,0,0,0,0,0,2,2,2,2,2,3,3,3,2,2,1,2,2,5,5,2,1,3,5,0,1,5,1,5,1,1,3,1,5,1,5,5,2,3,3,4,5,5,2,5,1,11,1,2,2,5,1,3,4,1,1,0,1,0,0,0
673,13,1,1,1,3,2,0,0,0,0,0,0,0,0,0,0,1,2,3,3,2,3,4,3,2,2,2,2,3,2,1,99,99,99,99,99,99,3,3,3,3,3,3,3,3,3,3,4,4,3,3,2,2,3,3,4,12,2,3,1,2,1,5,1,4,3,0,1,0,1,1,0,0
674,13,1,3,3,2,3,0,0,0,0,0,0,0,0,0,0,1,2,3,3,3,3,4,2,3,3,2,2,4,2,12,5,5,6,4,7,4,3,3,1,4,3,4,4,4,4,3,2,1,2,4,2,2,2,2,4,5,2,8,5,66,2,2,1,4,3,0,1,0,1,0,0,0
675,13,2,12,5,2,3,0,1,0,0,1,0,0,0,0,0,0,2,2,3,2,3,3,3,3,2,1,1,2,1,12,4,6,6,6,2,5,3,3,4,5,1,1,5,1,5,4,1,1,2,4,3,5,5,2,2,6,1,1,6,66,1,3,5,2,5,0,1,0,1,0,0,0
676,13,2,4,4,1,3,0,0,0,0,0,0,0,0,0,0,1,4,4,4,4,5,5,1,1,1,1,1,1,1,4,5,0,8,10,7,2,1,5,1,3,3,1,5,5,1,5,3,1,3,3,5,3,3,1,6,4,1,6,1,4,1,5,2,1,3,0,0,0,1,0,1,0
677,13,2,4,4,3,3,0,0,0,0,0,0,0,0,0,0,1,2,2,2,2,3,3,2,2,3,2,2,2,2,12,4,5,4,5,2,5,3,3,2,4,2,1,2,3,2,2,2,1,4,3,3,3,3,3,2,4,2,4,1,2,1,5,4,1,5,0,1,0,0,1,0,0
678,13,2,12,99,3,3,0,0,0,0,0,0,0,0,0,0,1,3,3,3,3,3,3,3,2,2,2,1,3,2,12,5,5,5,5,5,5,2,3,2,3,2,2,4,2,4,2,2,2,2,3,3,4,3,3,2,12,1,2,7,66,1,2,4,3,4,0,0,0,1,1,1,0
679,13,2,12,4,2,4,0,0,0,0,0,0,0,0,0,0,1,3,4,3,3,1,2,1,1,3,1,1,2,2,99,0,0,7,7,0,0,1,3,4,4,2,2,4,1,2,3,2,1,1,4,4,4,2,3,2,4,2,3,3,66,1,5,4,1,4,0,0,0,0,1,1,0
680,13,2,4,4,2,4,0,0,0,0,0,0,0,0,0,0,1,4,4,4,4,4,4,4,3,1,1,1,4,2,12,1,0,0,3,1,2,1,3,5,5,1,1,5,5,5,3,5,5,1,2,5,5,1,3,2,1,1,4,1,2,1,5,2,2,3,0,1,0,1,1,0,0
681,13,2,9,4,1,4,0,0,0,0,0,0,0,0,0,0,1,3,4,3,3,2,4,2,2,3,2,1,2,2,9,0,0,0,8,0,0,1,3,2,3,4,4,5,99,4,4,4,5,1,4,2,5,4,4,8,4,1,7,2,2,2,3,2,4,4,0,0,0,1,1,0,0
682,13,2,4,4,2,3,0,0,0,0,0,0,0,0,0,0,1,2,3,3,3,4,3,2,1,2,1,1,3,2,12,2,1,3,7,1,1,1,3,3,2,4,2,2,2,2,2,4,4,3,2,4,4,1,4,5,4,1,5,1,2,2,5,2,4,5,1,1,0,1,1,0,0
683,13,1,1,3,2,3,0,1,0,0,0,0,0,0,0,0,0,2,3,2,2,2,3,2,2,3,3,3,1,1,12,5,0,5,0,6,5,1,2,1,4,2,2,2,4,3,2,3,1,2,2,3,3,2,3,5,12,2,6,1,2,2,5,2,4,3,1,1,0,1,1,0,0
684,13,1,1,1,2,2,0,0,0,0,0,0,0,0,0,0,1,2,2,4,3,3,3,5,2,3,1,1,3,2,1,6,5,5,5,8,5,3,2,2,5,2,3,3,4,4,3,2,2,4,3,5,3,5,3,9,1,2,9,1,2,2,3,2,2,4,1,1,1,1,0,0,0
685,13,2,12,99,2,2,0,0,0,0,0,0,0,0,0,0,1,3,3,3,3,4,3,3,3,3,2,2,2,2,12,5,5,5,5,4,7,4,4,4,3,1,2,4,1,4,4,3,1,3,3,1,3,3,2,4,12,1,13,7,66,2,1,1,5,4,0,1,0,0,0,0,0
686,13,2,8,8,3,4,0,0,0,0,0,0,0,0,0,0,1,3,4,3,3,3,3,2,3,3,1,1,2,2,8,0,0,0,5,0,0,2,2,3,2,2,2,3,3,2,2,3,3,1,1,5,5,3,3,8,8,1,9,2,3,2,2,4,2,5,0,0,0,0,0,0,1
687,13,2,12,1,3,3,0,0,0,0,0,0,0,0,0,0,1,5,3,5,5,3,2,1,1,2,2,1,2,1,1,3,3,3,3,1,1,2,3,2,5,2,2,4,1,2,1,4,4,3,4,4,3,3,5,5,1,1,4,1,2,2,5,4,3,4,0,0,0,0,1,1,0
688,13,2,1,1,2,2,0,1,0,0,0,0,0,0,0,0,0,2,3,3,3,3,3,3,3,2,2,1,2,2,1,7,3,7,1,5,3,5,3,1,1,5,5,5,5,5,5,3,1,2,1,5,2,3,1,3,12,2,3,2,2,1,5,2,2,4,0,0,0,1,0,0,0
689,13,2,1,1,1,3,0,0,1,0,0,0,0,0,0,0,0,3,4,3,2,2,3,2,2,2,1,1,2,2,1,5,2,3,5,0,0,1,1,5,2,2,3,5,5,3,3,5,5,1,1,5,5,3,1,8,1,1,6,1,2,2,5,1,6,2,0,0,0,1,1,1,0
690,13,2,1,1,2,2,0,0,1,0,0,0,0,0,0,0,0,3,3,3,4,4,4,4,4,2,2,2,3,2,1,5,2,2,2,3,2,5,5,1,5,2,5,2,4,5,4,5,1,1,5,1,1,1,5,5,1,1,15,1,2,2,6,1,4,2,1,1,0,0,0,0,0
691,13,3,12,99,4,3,0,0,0,0,0,0,0,0,0,0,1,3,3,3,3,4,3,5,3,3,2,2,3,3,12,99,99,99,99,99,99,3,3,2,3,3,3,4,2,3,3,2,2,3,3,3,3,3,3,9,99,2,9,7,66,1,2,4,1,4,0,0,0,0,0,1,0
692,13,2,4,11,1,3,0,0,0,0,0,0,0,0,0,0,1,3,3,3,4,4,4,5,5,5,3,3,4,2,12,1,0,2,3,0,1,3,3,1,3,4,3,5,1,5,3,5,5,1,4,3,5,3,5,2,12,2,7,1,3,2,5,4,2,6,0,1,0,1,0,1,0
693,13,3,11,6,4,2,0,0,0,0,1,0,0,0,0,0,0,4,4,4,4,3,3,5,2,3,2,2,2,2,12,1,5,8,5,5,5,3,3,3,5,2,4,5,3,3,2,3,3,3,2,1,2,3,3,5,12,2,5,99,66,2,3,2,4,4,0,1,0,1,1,1,0
694,13,2,1,2,2,3,1,1,0,0,0,0,0,0,0,0,0,2,2,2,2,3,3,2,2,2,2,1,3,2,1,5,6,6,5,6,5,2,1,2,4,3,2,5,4,4,3,4,3,1,3,3,3,3,5,4,12,2,8,1,2,1,5,1,4,3,0,1,0,0,0,0,0
695,13,2,12,6,4,3,0,0,0,0,0,0,0,0,0,0,1,3,4,2,2,2,3,2,2,2,1,1,2,2,12,5,5,5,5,5,5,2,3,1,2,99,1,5,5,1,3,2,2,2,4,5,4,3,1,6,12,1,3,8,66,1,2,4,3,4,0,1,0,1,0,1,0
696,13,2,2,2,1,4,1,1,0,0,1,0,0,0,0,0,0,2,2,3,2,4,4,3,3,2,3,1,3,2,2,2,7,5,4,0,7,5,3,2,5,2,3,5,3,5,4,1,1,1,4,5,1,1,5,4,6,1,11,7,66,2,4,1,3,4,0,1,0,1,0,0,0
697,13,2,6,6,2,3,0,0,0,0,0,0,0,0,0,0,1,3,4,3,4,4,4,5,3,2,1,1,3,2,6,1,1,0,0,7,0,1,1,2,3,3,2,1,1,4,5,3,1,1,2,3,2,1,5,8,12,1,8,2,2,1,3,1,4,4,0,1,0,1,0,0,0
698,13,2,7,7,1,3,1,0,0,0,0,0,0,0,0,0,0,2,2,4,3,3,3,3,3,3,2,2,2,2,7,0,4,0,0,1,4,5,5,1,3,1,3,3,2,3,3,3,3,3,3,2,3,3,3,3,2,2,12,7,66,3,5,2,1,4,1,1,1,1,0,0,0
699,13,2,2,2,3,3,0,0,0,0,0,0,0,0,0,0,1,3,3,3,3,3,3,2,2,3,2,2,3,2,12,0,5,0,5,5,5,2,4,1,4,2,3,3,3,4,4,1,1,3,2,2,4,3,2,5,2,1,4,1,2,2,5,4,4,3,0,0,0,0,1,1,0
700,13,2,12,2,2,3,0,0,0,0,0,0,0,0,0,0,1,2,4,2,4,3,4,2,2,2,2,2,2,2,2,5,5,5,5,5,5,1,3,1,3,2,2,2,2,2,3,1,1,1,3,4,3,3,3,2,12,2,6,3,66,1,4,4,1,5,1,0,0,0,0,0,0
701,13,1,1,1,2,3,1,1,1,0,0,0,0,0,0,0,0,2,5,2,5,2,3,2,1,2,1,1,2,3,1,5,5,5,5,2,3,1,2,1,4,2,2,2,3,4,2,3,2,1,2,3,2,3,4,1,1,2,8,3,66,2,5,2,3,2,0,1,0,1,1,0,0
702,13,2,2,4,1,3,0,0,0,0,0,0,0,0,0,0,1,3,4,4,4,4,4,2,2,3,3,2,2,3,4,1,5,1,7,0,3,3,4,1,2,1,1,4,1,3,5,1,1,2,3,1,1,2,5,3,1,2,9,1,2,1,6,4,1,4,1,0,0,0,0,0,1
703,13,2,5,5,2,2,0,0,0,0,0,0,0,0,0,0,1,2,3,2,3,3,2,2,2,2,2,2,3,1,12,6,4,4,4,3,3,3,4,1,3,2,3,4,5,5,2,3,3,1,4,2,2,3,3,4,1,2,7,1,2,2,2,3,4,3,0,1,0,1,1,1,0
704,13,1,1,1,2,2,0,1,1,1,0,0,0,0,0,0,0,2,2,3,3,3,3,3,2,2,1,1,3,1,1,7,4,5,5,7,3,3,4,1,3,1,2,3,3,3,4,2,1,2,3,5,1,1,2,5,5,1,11,1,2,2,6,2,2,2,1,1,0,0,0,0,0
705,13,1,1,1,1,3,0,1,0,0,0,0,0,0,0,0,0,2,2,2,2,2,2,2,2,2,1,1,1,2,1,10,0,5,0,10,0,1,1,1,1,4,4,4,5,4,2,1,1,1,1,5,3,5,1,2,1,1,8,1,2,2,5,3,4,2,0,1,0,0,0,0,0
706,13,2,5,4,3,2,0,0,0,0,0,0,0,0,0,0,1,1,2,2,3,4,5,1,1,1,1,1,2,2,4,6,5,1,8,3,5,3,4,2,4,2,3,2,4,3,4,1,1,3,1,4,3,3,2,2,4,2,1,6,66,1,5,1,4,3,0,1,0,1,1,0,0
707,13,2,4,4,2,3,0,0,1,0,0,0,0,0,0,0,0,2,2,2,2,2,3,2,2,3,2,2,3,2,4,1,2,3,3,1,2,2,2,1,3,2,4,5,4,4,4,2,3,1,2,4,2,2,4,3,1,2,6,1,2,3,5,1,3,4,1,1,1,1,1,0,0
708,13,2,1,1,1,2,0,0,0,1,0,0,0,0,0,0,0,1,2,3,3,4,4,4,3,1,1,1,3,1,1,7,2,3,3,4,6,1,3,1,3,1,4,1,1,1,3,5,5,1,1,5,1,4,1,2,1,1,12,7,66,2,2,1,4,4,1,1,1,1,0,0,0
709,13,1,1,1,2,2,0,0,0,0,0,0,0,0,0,0,1,1,2,2,2,4,4,5,5,2,1,1,2,2,1,10,3,5,3,5,5,1,1,1,4,4,4,1,4,1,3,5,3,2,1,5,4,5,1,6,1,1,9,1,2,2,5,1,4,2,1,1,0,1,0,0,0
710,13,3,2,2,2,2,0,0,0,1,0,0,0,0,0,0,0,2,2,3,4,4,4,1,1,1,2,3,1,2,12,0,6,5,5,2,2,1,99,1,4,1,4,3,1,5,4,5,3,1,5,5,4,3,4,2,12,1,7,1,2,2,2,1,5,3,0,0,0,1,0,1,0
711,13,3,2,2,3,2,0,0,1,1,0,0,0,0,0,0,0,2,2,5,3,4,4,3,2,3,2,1,4,2,12,5,5,5,5,4,6,2,4,2,4,2,3,3,2,3,3,2,2,3,3,3,3,3,3,4,1,2,9,5,66,2,5,1,4,3,0,1,0,0,0,0,0
712,13,2,1,1,2,2,0,0,0,0,0,0,0,0,0,0,1,2,2,2,2,3,3,2,2,2,1,1,2,2,1,8,6,6,6,6,6,1,3,1,3,2,2,3,3,2,2,4,3,3,2,5,5,2,3,5,12,1,4,1,2,2,6,4,3,4,1,1,0,1,1,1,0
713,13,1,1,1,2,2,0,0,0,0,0,0,0,0,0,0,1,2,2,5,5,5,5,1,1,2,2,1,1,1,1,10,5,5,5,8,5,1,3,2,1,3,1,5,1,1,2,3,1,3,3,5,2,4,3,4,1,2,15,7,66,3,1,1,1,5,1,1,0,0,0,0,0
714,13,2,7,7,2,4,0,0,0,0,0,0,0,0,0,0,1,3,3,3,3,4,4,3,3,1,1,1,4,2,12,0,1,0,2,0,0,2,1,1,3,3,2,5,3,4,2,1,1,2,3,2,3,1,5,4,12,2,10,5,66,2,1,1,2,5,0,1,0,1,0,0,0
715,13,1,1,1,2,3,1,1,0,0,0,0,0,0,0,0,0,2,2,3,3,3,3,4,4,2,1,1,2,2,1,5,3,4,2,4,3,1,1,3,4,4,4,3,4,4,3,4,2,2,2,4,3,3,5,2,1,1,13,3,66,2,5,1,2,3,0,1,0,1,0,1,0
716,13,2,4,4,3,4,0,0,0,0,0,0,0,0,0,0,1,2,4,4,2,4,4,4,2,2,1,1,3,2,12,0,0,0,7,0,0,1,1,5,5,5,2,5,1,5,4,5,5,2,3,4,4,1,5,5,4,2,5,1,2,2,5,4,3,4,0,0,0,1,0,0,0
717,13,2,12,99,2,4,0,0,0,0,0,0,0,0,0,0,1,2,3,3,3,4,4,3,3,2,2,3,3,2,12,99,99,99,99,99,99,3,3,3,3,3,3,3,1,3,3,3,3,1,3,3,2,3,3,4,12,2,14,7,66,2,2,1,1,6,1,1,0,0,0,0,0
718,13,2,4,4,1,3,0,0,0,0,0,0,0,0,0,0,1,3,4,4,3,3,4,3,2,1,1,1,2,2,4,6,2,2,7,5,2,1,1,3,3,2,2,5,4,2,2,3,3,1,2,5,4,3,3,3,4,1,2,2,2,1,3,4,1,6,0,1,0,1,1,0,0
719,13,1,5,5,2,2,0,0,0,1,0,0,0,0,0,0,0,3,3,3,3,3,3,3,5,1,2,2,3,2,5,6,4,4,5,10,3,1,3,2,2,2,2,4,2,3,1,3,1,1,99,3,3,3,5,4,1,2,13,7,66,1,2,2,1,6,0,1,0,1,0,0,1
720,13,2,6,6,2,3,0,0,1,0,1,0,0,0,0,0,0,2,2,2,3,4,4,2,2,3,3,1,3,2,6,6,5,6,6,5,3,3,4,2,4,1,3,2,1,1,2,1,2,2,4,3,2,2,2,2,6,1,6,1,2,2,5,3,2,5,0,1,1,1,0,1,0
721,13,1,1,1,1,2,0,1,0,0,0,0,0,0,0,0,0,2,2,4,5,5,5,5,1,1,2,2,1,1,1,5,0,5,0,10,10,3,3,1,3,2,3,3,3,3,3,5,3,1,3,3,3,5,2,1,1,1,11,8,66,1,2,4,1,4,0,1,0,0,0,0,0
722,13,1,3,99,2,2,0,1,1,1,0,0,0,0,0,0,0,2,2,3,2,3,3,2,2,3,2,1,4,2,3,5,3,8,5,8,3,3,4,2,4,2,3,5,1,4,1,3,2,2,3,1,2,2,4,4,2,2,11,2,3,2,5,1,2,4,0,1,0,1,0,0,0
723,13,2,3,8,1,4,0,0,0,0,0,0,0,0,0,0,1,3,3,3,2,2,2,2,1,2,2,1,3,2,12,0,5,5,2,0,3,2,3,2,3,3,2,2,2,3,2,1,1,1,3,5,3,4,5,2,8,2,12,7,66,2,3,2,2,4,0,0,0,1,0,0,0
724,13,2,11,11,2,3,0,0,0,0,0,0,0,0,0,0,1,4,4,4,4,4,4,1,3,2,1,1,1,1,12,0,0,0,0,0,0,1,1,3,3,3,3,3,3,3,3,3,3,1,1,3,3,3,3,9,12,1,10,99,66,2,2,1,2,5,1,0,1,1,1,0,0
725,13,2,8,4,1,4,0,0,1,0,1,0,0,1,0,0,0,3,4,3,2,1,1,1,1,4,1,1,4,2,4,99,99,99,99,99,99,1,2,5,5,1,1,5,5,5,5,5,5,1,1,5,5,3,5,3,9,2,13,1,3,2,2,4,2,6,0,0,0,1,1,1,0
726,13,2,10,10,1,4,0,0,0,0,0,0,0,0,0,0,1,3,2,3,3,4,4,2,3,3,2,1,2,2,12,1,4,4,4,0,4,5,1,1,5,5,3,5,5,5,1,4,1,3,1,4,1,1,5,2,10,1,2,6,66,1,5,1,5,5,0,1,0,0,0,0,0
727,13,2,2,2,2,3,0,0,1,0,0,0,0,0,0,0,0,3,3,3,3,4,4,3,3,2,2,2,3,2,2,2,4,4,4,6,3,3,3,2,5,2,3,4,2,4,3,2,2,1,3,3,4,3,2,4,3,2,9,1,2,2,3,1,2,3,0,1,0,0,0,0,0
728,13,2,1,99,3,4,0,0,0,0,0,0,0,0,0,0,1,3,3,3,3,4,4,5,2,2,2,3,5,2,12,3,3,3,3,2,2,3,3,1,3,2,3,5,5,3,2,1,3,3,3,3,3,3,3,2,12,2,7,5,66,2,2,1,3,5,0,1,0,0,0,0,0
729,13,3,12,99,4,4,0,0,0,0,0,0,0,0,0,0,1,4,4,4,3,2,3,2,4,4,3,2,1,2,12,0,0,0,0,0,0,3,1,1,4,3,1,1,5,5,1,2,1,3,2,4,5,3,3,2,12,1,3,2,3,1,5,4,4,4,0,0,0,0,1,0,0
730,13,1,12,1,2,2,0,0,1,0,0,0,0,0,0,0,0,2,3,3,3,3,3,3,2,2,1,1,2,2,1,8,5,5,6,8,10,2,2,1,4,2,2,4,2,2,1,3,3,2,4,3,3,3,3,2,1,1,15,7,66,3,1,1,2,5,1,1,0,0,0,0,0
731,13,3,3,3,2,2,0,1,1,0,0,0,0,0,0,0,0,1,1,2,3,3,3,3,4,2,1,1,3,2,3,5,0,5,0,5,0,1,1,5,1,3,3,5,3,2,3,5,5,1,3,3,3,3,3,9,1,99,11,7,66,4,2,5,3,6,0,1,0,0,0,0,0
732,13,2,4,4,1,4,0,0,0,0,0,0,0,0,0,0,1,2,2,2,2,2,3,2,2,2,2,2,3,2,4,0,5,0,10,0,5,5,5,1,5,3,2,5,1,5,3,3,2,3,3,3,3,3,5,2,4,2,9,1,2,3,2,4,3,5,0,0,0,1,0,1,0
733,13,2,7,7,2,4,0,0,0,0,0,0,0,0,0,0,1,2,2,3,2,3,2,2,2,3,2,2,3,2,7,0,3,2,2,99,3,3,4,1,2,2,1,4,1,5,4,2,1,2,5,4,3,3,5,5,7,1,11,1,3,1,2,4,1,5,1,0,0,1,0,1,0
734,14,2,4,4,2,3,0,1,1,0,0,0,0,0,0,0,0,4,4,4,4,4,4,2,2,3,1,1,2,2,4,5,0,7,9,5,0,2,3,3,2,2,3,2,5,2,2,3,2,2,3,4,5,1,3,2,4,1,3,1,2,2,5,4,2,3,0,0,0,1,0,0,0
735,14,2,4,4,1,4,0,0,0,0,0,0,0,0,0,0,1,2,2,3,3,4,4,4,3,2,1,1,3,2,12,0,2,3,5,0,2,3,1,1,2,4,3,5,4,5,4,2,1,1,2,2,2,2,5,2,4,2,10,1,2,2,2,2,2,4,1,1,0,1,0,0,0
736,14,1,12,1,3,2,0,0,0,0,0,0,0,0,0,0,1,2,3,3,2,3,3,2,2,3,2,1,3,2,12,5,5,3,3,4,3,1,1,2,2,2,1,3,2,3,3,3,3,2,2,5,3,4,3,6,12,1,2,6,66,1,5,2,4,3,0,0,0,0,1,1,0
737,14,1,4,4,2,2,0,0,1,1,0,0,0,0,0,0,0,2,2,3,2,3,4,3,2,2,2,1,3,3,1,6,2,3,9,7,5,1,2,2,4,2,2,2,2,2,3,3,4,4,3,5,4,3,2,5,4,1,3,1,1,1,5,4,2,3,0,1,0,1,0,0,0
738,14,2,7,7,3,3,0,1,0,0,0,0,0,0,0,0,0,2,2,3,3,4,4,4,3,1,1,2,2,2,7,2,3,6,2,3,6,1,1,1,3,1,3,2,1,2,2,4,4,1,2,4,1,4,4,3,2,1,13,7,66,2,3,1,2,5,0,1,0,0,0,0,0
739,14,2,4,4,2,4,1,1,1,0,0,0,0,0,0,0,0,3,4,3,3,4,4,3,4,2,2,1,3,2,12,2,4,2,6,0,3,2,4,2,3,2,4,3,1,4,3,3,2,1,4,4,3,2,4,2,4,1,7,1,2,3,5,2,1,4,0,0,0,1,0,0,0
740,14,1,12,2,2,3,0,0,0,0,0,0,0,0,0,0,1,3,3,3,3,4,4,3,2,2,3,3,4,2,12,5,4,2,2,2,2,2,3,3,3,4,3,2,2,3,4,2,2,2,3,2,2,3,3,2,12,1,6,1,2,2,5,4,4,3,1,0,0,1,0,0,0
741,14,2,11,10,2,3,0,0,0,0,0,0,0,0,0,0,1,2,2,2,3,3,3,3,3,2,2,2,3,2,12,5,5,0,0,3,3,2,2,1,4,2,2,3,2,3,2,3,3,2,4,3,3,3,3,4,1,1,12,7,66,2,5,1,4,4,1,1,1,0,0,1,0
742,14,1,1,1,2,2,0,0,0,0,0,0,0,0,0,0,1,2,2,2,2,3,3,2,2,2,1,1,2,1,1,8,4,6,4,7,6,2,3,1,4,2,2,3,3,2,2,1,2,4,4,4,2,4,3,2,1,2,6,1,1,2,5,2,4,3,0,1,0,1,0,0,0
743,14,1,1,1,3,3,0,0,0,1,0,0,0,0,0,0,0,2,2,2,2,2,3,2,2,2,2,2,3,2,12,5,3,3,3,8,2,2,4,1,4,2,2,2,2,4,1,3,3,2,4,4,2,4,3,2,12,1,2,1,2,1,5,1,5,3,0,0,0,1,1,1,0
744,14,2,2,2,3,2,0,0,0,0,0,0,0,0,0,0,1,2,2,2,2,3,3,3,3,2,1,1,3,1,12,3,5,0,3,4,4,3,3,1,1,99,1,4,3,5,3,1,1,2,3,3,3,1,3,3,99,2,12,7,66,2,3,1,2,4,1,1,0,0,0,0,0
745,14,3,2,2,2,3,0,0,0,0,0,0,0,0,0,0,1,2,2,3,3,3,2,5,2,2,2,2,2,2,12,4,5,3,5,5,5,2,4,1,4,2,2,5,2,4,4,3,2,2,4,1,3,2,5,2,12,2,10,1,3,1,5,2,1,4,1,1,0,0,0,0,0
746,14,2,7,7,3,4,0,0,0,0,1,1,0,0,0,0,0,2,2,3,2,3,3,4,3,2,2,1,3,2,99,99,99,99,99,99,99,99,99,99,99,99,99,99,99,99,99,99,99,2,4,1,3,4,5,4,12,2,12,5,66,2,1,4,2,5,1,1,1,0,0,0,0
747,14,2,2,2,2,2,1,0,0,0,0,1,0,0,0,0,0,2,4,4,3,4,3,1,2,2,2,2,2,2,2,5,8,7,6,5,6,1,4,1,3,2,1,4,1,3,1,1,1,1,1,3,5,3,1,5,2,2,3,1,2,2,4,4,2,5,0,1,0,1,0,1,0
748,14,2,2,2,2,3,1,0,0,0,0,0,0,0,0,0,0,2,3,3,3,3,3,2,2,3,2,2,2,2,2,3,6,4,5,3,5,3,2,2,4,2,2,4,2,4,2,3,3,2,4,2,2,2,3,5,2,2,11,5,66,2,4,2,3,5,1,1,0,0,0,0,0
749,14,2,2,4,3,2,1,0,1,0,0,0,0,0,0,0,0,2,2,3,3,3,3,2,3,2,2,2,2,2,12,3,6,2,6,4,6,4,4,1,3,3,4,3,2,3,2,3,1,4,4,2,2,2,4,4,4,2,14,1,1,1,2,5,4,4,0,1,0,0,0,0,0
750,14,3,5,5,2,3,99,99,99,99,99,99,99,99,99,99,99,3,4,4,4,4,4,2,2,2,2,2,3,2,1,99,99,99,99,99,99,2,3,2,3,2,2,3,3,2,2,2,1,1,2,3,2,3,3,5,99,2,3,1,2,2,4,1,2,5,0,1,0,1,1,0,0
751,14,1,1,1,2,3,0,0,0,1,0,0,0,0,0,0,0,1,1,2,2,3,4,3,3,2,2,2,5,2,1,10,0,0,0,5,0,2,4,1,3,1,5,2,1,3,2,5,5,2,4,3,2,3,5,3,1,2,9,1,2,3,5,4,1,5,1,1,0,0,0,0,0
752,14,1,1,1,1,2,0,0,1,1,0,0,0,0,0,0,0,2,2,2,3,3,3,3,2,2,2,1,3,1,1,7,2,2,3,8,4,1,2,2,3,2,3,1,1,2,2,3,2,1,2,5,1,1,1,6,1,1,12,1,3,2,6,1,3,3,0,1,1,1,1,0,0
753,14,1,12,1,3,2,0,0,0,0,0,0,0,0,0,0,1,3,2,5,5,5,5,3,3,2,2,1,2,2,1,6,3,4,3,6,4,3,2,1,3,2,3,3,2,2,3,3,2,1,3,3,4,3,4,3,1,2,15,7,66,3,2,4,4,4,0,1,0,0,0,0,0
754,14,2,2,2,2,4,0,0,0,0,0,0,0,0,0,0,1,3,3,3,3,3,4,2,3,4,2,1,2,1,2,2,5,3,4,2,5,3,3,3,3,4,5,3,1,5,2,3,2,3,4,1,3,3,3,8,12,1,8,1,2,1,3,4,2,5,1,1,0,0,0,0,0
755,14,2,5,5,2,2,0,0,0,1,1,0,0,0,0,0,0,3,3,3,3,3,3,2,2,2,1,2,2,1,99,8,6,8,6,6,6,1,4,2,5,3,2,5,5,3,4,2,3,3,4,2,2,2,4,2,5,2,7,2,3,2,3,1,4,5,0,0,0,1,0,0,0
756,14,2,12,4,3,3,0,0,0,0,0,0,0,0,0,0,1,2,2,3,3,4,3,3,3,2,2,1,3,2,12,3,3,2,3,0,0,2,3,2,3,2,2,4,3,2,3,3,3,2,3,4,3,3,3,2,12,1,9,3,66,2,2,4,5,4,1,1,0,1,0,0,0
757,14,3,99,99,5,5,0,0,0,0,0,0,0,0,0,0,1,2,2,2,2,2,3,2,2,2,3,3,5,2,99,3,3,3,3,3,3,2,3,3,3,3,2,3,3,4,3,2,2,3,2,3,4,3,3,2,99,2,2,1,2,1,5,2,3,4,0,1,0,1,1,0,0
758,14,2,3,7,2,3,0,0,0,0,0,0,0,0,0,0,1,2,2,3,2,4,4,3,3,3,2,2,5,2,99,5,7,7,6,5,6,3,2,2,3,2,2,4,3,3,3,2,2,2,3,3,2,3,4,4,3,2,9,5,66,2,4,1,3,4,0,1,0,1,0,0,0
759,14,2,12,1,2,3,0,1,0,1,0,0,0,0,0,0,0,2,2,2,3,3,3,3,2,3,2,2,2,2,1,10,7,8,7,5,6,1,3,2,3,5,4,1,5,3,4,5,3,2,2,3,3,3,3,2,1,1,14,3,66,2,5,1,2,4,1,1,0,1,0,0,0
760,14,1,5,5,1,2,0,0,0,1,0,0,0,0,0,0,0,3,3,3,3,3,4,3,2,2,3,3,3,2,5,3,3,1,0,3,1,1,2,1,3,1,1,1,1,1,2,1,1,2,99,3,99,99,4,1,5,2,13,5,66,3,1,1,2,5,0,1,0,0,0,0,0
761,14,1,1,1,2,3,0,0,0,0,0,0,0,0,0,0,1,2,2,3,2,2,3,3,1,1,1,1,4,2,1,6,0,1,5,3,0,1,1,3,5,1,2,2,1,2,3,2,1,1,1,5,1,1,5,2,1,1,8,1,2,2,3,4,2,5,0,1,0,1,0,0,0
762,14,2,12,99,3,4,99,99,99,99,99,99,99,99,99,99,99,2,2,2,2,3,2,2,2,5,2,3,2,2,7,0,0,0,0,0,0,2,3,3,3,3,1,4,4,5,1,1,1,1,3,3,3,3,3,2,12,2,3,2,2,2,3,4,2,7,0,1,0,1,0,1,0
763,14,1,2,99,2,3,99,99,99,99,99,99,99,99,99,99,99,2,2,3,3,5,5,3,3,2,3,3,3,2,1,6,3,3,3,6,3,1,2,3,3,3,4,2,2,2,3,4,3,2,2,4,2,2,4,8,1,1,10,1,2,3,6,1,2,3,1,1,0,1,0,0,0
764,14,2,1,4,1,2,0,0,0,0,0,0,0,0,0,0,1,4,4,4,2,3,3,2,1,2,1,1,3,2,1,10,0,5,10,0,5,1,1,3,4,2,1,1,2,1,1,1,1,2,2,2,5,5,2,2,4,1,10,1,2,2,5,2,3,3,1,0,0,1,0,0,0
765,14,1,1,1,2,2,1,0,0,1,0,0,0,0,0,0,0,2,2,2,2,3,3,2,2,3,2,2,2,1,1,9,3,2,2,4,2,2,3,2,3,3,3,3,3,4,2,3,1,2,3,5,4,3,3,1,1,1,15,7,66,3,5,2,2,2,1,1,0,0,0,0,0
766,14,2,4,99,3,2,0,0,0,0,0,0,0,0,0,0,1,1,2,3,1,2,3,1,1,3,2,2,2,2,12,5,5,6,5,5,5,1,2,1,5,3,2,4,2,2,2,1,1,2,3,3,3,3,1,5,12,2,6,1,2,2,5,4,3,4,0,1,0,1,1,1,0
767,14,3,12,99,4,4,0,0,0,0,0,0,0,0,0,0,1,3,3,3,3,5,4,5,5,3,1,1,3,2,12,5,5,5,5,5,0,2,2,2,2,2,3,4,4,4,3,3,3,2,2,3,3,3,2,3,12,1,7,2,2,1,3,4,1,3,0,0,0,1,0,0,0
768,14,2,1,1,4,4,0,0,0,0,0,0,0,0,0,0,1,2,2,2,2,3,3,4,4,2,1,2,3,2,1,5,3,0,0,4,2,1,5,1,5,1,3,1,1,1,2,5,1,2,4,4,3,3,5,5,12,1,6,1,2,3,3,2,1,5,0,1,0,1,0,0,0
769,14,1,12,1,3,3,1,0,0,0,0,0,0,0,0,0,0,2,2,2,3,3,3,3,2,2,2,1,2,2,1,5,5,5,5,5,5,3,3,1,2,2,3,4,1,2,2,1,1,2,4,3,3,3,4,5,8,2,3,1,2,1,6,4,1,3,0,1,0,1,0,0,0
770,14,2,5,6,1,4,0,0,0,0,0,0,0,0,0,0,1,2,2,2,2,2,2,2,1,3,1,1,3,2,6,0,0,0,2,0,0,2,5,1,2,2,1,5,1,5,2,1,1,2,3,4,2,3,2,2,6,1,7,3,66,2,3,2,4,6,0,1,0,1,0,1,0
771,14,2,12,7,2,3,0,0,0,0,0,0,0,0,0,0,1,2,2,3,3,4,4,3,3,2,2,1,3,2,12,3,4,4,4,3,3,3,2,1,3,3,3,4,2,3,4,2,1,2,3,2,2,3,4,4,12,2,10,1,2,1,2,2,1,4,0,1,0,1,0,0,0
772,14,1,2,2,2,3,1,0,0,0,0,0,0,0,0,0,0,2,2,3,3,3,3,2,1,3,2,1,2,2,1,5,5,1,3,7,5,3,1,1,4,1,1,4,1,3,1,1,4,2,5,3,3,4,3,4,2,2,8,1,2,1,3,2,3,6,1,1,0,0,0,0,0
773,14,2,7,7,3,2,0,0,0,0,0,0,0,0,0,0,1,1,2,3,2,3,2,3,2,1,1,1,1,1,12,0,0,0,0,0,5,2,1,5,5,1,1,5,1,2,5,5,1,4,1,1,2,5,5,2,1,1,11,7,66,2,5,2,2,4,1,1,0,0,0,0,0
774,14,1,12,6,1,3,0,0,0,0,0,0,0,0,0,0,1,3,3,3,3,4,3,3,2,3,1,1,3,2,12,6,6,5,5,6,6,1,3,4,2,3,1,3,3,1,2,3,3,2,2,5,2,3,2,8,12,1,8,99,66,2,7,5,6,6,1,0,0,0,0,0,0
775,14,2,2,4,3,4,0,0,0,0,0,0,0,0,0,0,1,2,3,2,3,4,4,2,2,3,1,1,3,2,3,99,99,99,99,99,99,1,2,3,2,4,1,4,1,5,5,1,1,1,2,5,3,2,4,3,3,1,9,1,2,2,2,1,4,5,0,0,0,1,0,1,0
776,14,2,7,2,2,3,1,1,0,0,1,1,0,0,0,0,0,5,2,5,2,2,2,2,2,2,2,2,1,3,2,0,5,2,0,1,5,2,3,1,3,2,2,5,2,2,1,1,1,2,4,3,2,2,4,5,2,2,5,5,66,2,5,4,4,5,0,1,0,1,0,0,0
777,14,3,1,2,3,3,1,0,1,0,0,0,0,0,0,0,0,2,2,3,5,5,5,2,2,2,2,2,3,2,2,9,8,6,3,5,5,5,1,2,2,1,1,5,2,5,1,3,2,1,3,1,2,1,2,4,4,2,14,7,66,2,2,1,3,5,1,1,0,0,0,0,0
778,14,2,12,4,3,3,0,0,0,0,0,0,0,0,0,0,1,2,2,3,3,3,4,3,3,2,2,2,3,3,12,3,4,1,5,4,6,3,3,3,4,2,2,2,1,3,4,2,1,2,4,3,3,2,5,4,4,1,9,7,66,1,3,1,3,4,0,1,0,0,0,0,0
779,14,2,12,1,2,3,0,1,0,0,1,0,0,0,0,0,0,2,3,3,3,3,3,2,2,2,1,1,3,2,1,6,5,5,5,5,5,2,4,1,4,2,3,5,2,3,3,2,2,1,3,5,2,3,3,4,1,2,11,3,66,3,4,4,1,5,1,1,0,1,0,1,0
780,14,1,12,1,3,2,1,1,1,0,0,0,0,0,0,0,0,2,2,3,3,3,3,2,2,2,2,2,3,2,1,5,3,4,4,4,3,2,3,1,3,3,3,2,3,2,2,2,2,3,2,4,3,3,2,2,1,2,7,1,2,2,2,1,3,3,1,1,0,1,0,0,0
781,14,2,1,1,2,2,0,0,0,0,0,0,0,0,0,0,1,1,2,2,2,3,3,5,5,5,2,3,2,3,1,7,5,5,5,5,5,3,5,1,5,3,3,4,2,4,3,3,3,3,4,3,2,3,3,4,1,2,6,1,2,2,5,1,5,4,0,1,0,1,0,0,0
782,14,1,5,5,1,3,0,0,0,1,0,0,0,0,0,0,0,3,3,3,4,4,3,3,3,2,2,2,4,3,5,99,99,99,99,99,99,2,5,1,5,1,3,4,1,3,1,4,2,1,3,5,2,1,5,2,5,2,11,1,2,2,2,1,3,4,1,1,0,0,0,0,0
783,14,2,4,4,2,4,0,0,1,0,0,0,0,0,0,0,0,2,2,2,2,3,3,2,2,3,1,1,3,2,1,99,99,99,99,99,99,1,99,2,4,2,1,5,1,5,5,1,1,1,3,4,5,3,5,4,4,1,13,3,66,2,2,1,3,4,1,1,0,1,0,1,0
784,14,3,99,1,3,3,0,1,0,0,0,0,0,0,0,0,0,2,2,2,2,5,5,3,3,2,2,1,3,2,1,3,1,3,0,3,1,3,4,1,3,4,4,3,3,3,4,1,1,1,2,1,2,3,5,4,12,2,10,1,2,2,4,1,2,4,1,1,0,1,0,0,0
785,14,2,12,1,3,2,0,0,0,0,0,0,0,0,0,0,1,3,3,3,3,4,4,3,2,2,2,3,2,1,12,99,99,99,99,99,99,3,3,1,3,1,1,4,4,4,5,1,1,3,4,4,2,4,3,4,12,2,7,1,2,2,2,1,2,3,0,1,0,1,0,0,0
786,14,2,7,7,2,4,0,0,0,0,0,0,0,0,0,0,1,3,4,4,4,4,4,2,2,3,2,2,3,2,12,0,0,0,0,0,0,5,5,1,4,3,2,2,3,3,4,1,1,5,2,3,1,1,3,8,12,2,2,6,66,1,5,2,6,3,0,1,0,1,1,1,0
787,14,1,4,4,2,2,0,0,1,0,0,0,0,0,0,0,0,3,3,4,3,4,4,3,3,1,1,1,3,1,1,6,3,0,8,5,4,2,3,2,4,1,3,3,4,2,2,2,2,2,4,4,2,5,1,2,1,2,11,5,66,2,2,1,5,4,1,1,0,1,0,0,0
788,14,2,4,4,2,4,0,0,1,0,0,0,0,0,0,0,0,3,4,3,3,3,2,1,1,3,1,1,3,1,4,1,1,2,8,0,1,1,3,3,3,4,1,4,5,5,2,4,3,1,1,4,2,2,4,2,4,1,1,6,66,1,5,1,5,3,0,1,0,0,1,1,0
789,14,1,2,2,2,3,0,0,0,0,0,0,0,0,0,0,1,2,3,3,3,4,3,3,4,2,1,1,3,2,2,0,4,3,3,8,9,3,2,2,4,3,3,3,1,3,3,5,3,1,3,2,2,3,5,2,12,1,7,7,66,3,5,1,4,5,1,1,0,1,0,0,0
790,14,1,1,1,2,2,1,0,0,0,0,0,0,0,0,0,0,2,2,2,2,2,2,2,2,3,2,2,2,2,1,8,7,5,5,8,5,1,2,1,3,1,2,2,2,2,2,5,5,3,4,4,4,4,4,1,12,1,15,7,66,4,4,5,1,5,0,1,0,0,0,0,0
791,14,3,2,2,2,2,1,0,0,0,0,0,0,0,0,0,0,2,2,2,3,3,3,3,3,2,2,1,3,2,2,5,10,5,5,5,10,3,2,1,3,3,1,3,3,3,3,3,3,1,2,2,3,3,3,4,2,2,13,7,66,3,4,1,1,3,1,1,0,0,0,0,0
792,14,1,2,2,2,3,0,0,1,1,0,0,0,0,0,0,0,1,2,3,3,3,3,4,2,1,1,1,4,2,2,6,8,5,4,6,7,2,4,2,3,2,3,2,2,2,2,3,3,1,2,4,2,3,4,1,2,1,12,7,66,1,2,1,2,5,1,1,0,0,0,0,0
793,14,1,1,1,2,2,0,0,0,0,0,0,0,0,0,0,1,3,3,3,3,3,4,3,3,2,2,2,3,2,1,6,5,5,4,6,5,2,1,1,1,2,2,3,3,3,3,3,3,1,2,3,2,3,4,3,1,2,13,7,66,3,2,1,1,5,1,1,0,0,0,0,0
794,14,2,2,2,2,4,0,0,0,0,0,0,0,0,0,0,1,2,2,4,3,4,4,3,2,2,2,2,4,2,1,5,5,1,0,3,1,3,5,1,3,1,3,5,2,5,2,1,2,1,3,4,3,3,4,3,2,1,7,3,66,1,5,1,3,4,1,1,0,0,0,0,0
795,14,3,11,99,2,5,1,0,0,0,0,0,0,0,0,0,0,2,3,2,2,5,5,2,3,2,3,3,5,2,12,6,4,3,3,5,5,3,3,3,4,2,2,3,2,4,5,3,3,2,3,3,3,3,3,3,12,2,9,2,3,2,5,2,2,4,0,0,0,1,1,1,0
796,14,2,5,5,1,3,0,0,0,1,0,0,0,0,0,0,0,2,3,5,4,5,5,4,3,3,2,2,3,2,5,10,5,0,3,0,1,4,5,99,3,3,3,3,3,4,3,5,3,99,99,99,5,5,5,1,5,2,14,7,66,3,1,1,1,3,1,1,0,0,0,0,0
797,14,1,5,5,1,2,0,0,0,1,0,0,0,0,0,0,0,2,2,3,3,4,4,3,3,1,1,3,2,1,5,5,2,2,2,5,2,1,5,1,5,1,1,1,1,2,5,5,1,5,1,5,5,1,1,5,5,1,15,7,66,3,5,4,1,6,1,1,0,0,0,0,1
798,14,1,1,1,2,2,0,0,0,0,0,0,0,0,0,0,1,3,3,3,3,4,4,3,3,2,1,2,3,2,1,8,2,4,3,5,2,3,4,1,5,3,3,3,2,3,3,3,4,3,2,5,3,3,2,2,1,1,10,3,66,2,2,3,3,5,1,1,0,0,0,0,0
799,14,2,12,1,2,2,0,0,0,0,0,0,0,0,0,0,1,1,2,3,3,3,5,4,4,1,2,2,3,1,1,5,5,5,3,5,3,2,5,1,5,3,1,3,3,5,5,3,3,2,3,2,4,3,4,4,2,2,14,7,66,2,2,1,3,4,0,1,0,0,0,0,0
800,14,2,7,6,1,2,0,0,1,0,0,0,0,0,0,0,0,2,2,3,3,3,3,3,2,2,2,2,2,2,6,3,6,3,7,3,6,4,3,1,3,3,2,4,2,4,4,2,1,2,3,4,3,1,5,2,6,1,11,7,66,1,2,1,2,4,1,1,0,0,0,0,0
801,14,2,3,3,1,3,0,1,1,0,0,0,0,0,0,0,0,3,3,3,4,4,4,4,4,1,1,1,4,2,12,2,0,5,2,2,0,2,3,1,3,4,5,5,1,2,4,3,4,1,2,3,2,2,4,9,3,1,13,1,4,2,5,1,2,3,1,1,1,0,0,0,0
802,14,1,12,1,2,3,1,0,0,0,0,0,0,0,0,0,0,2,2,3,5,5,5,5,2,2,2,2,3,3,1,8,6,99,99,10,8,3,5,1,4,3,3,5,1,3,3,5,3,2,5,1,3,3,5,4,1,2,15,7,66,3,3,3,2,6,0,1,0,0,0,0,0
803,14,2,3,3,2,3,0,1,0,0,0,0,0,0,0,0,0,4,4,4,4,4,4,4,2,1,1,3,4,3,12,0,0,0,0,0,0,1,1,1,3,4,4,2,3,2,3,5,3,1,3,5,3,2,5,8,3,2,10,2,2,2,5,4,2,4,1,1,0,1,0,0,0
804,14,3,12,4,3,4,0,0,0,0,0,0,0,0,0,0,1,3,3,3,3,3,3,3,2,2,3,2,3,2,1,3,3,3,3,3,3,2,4,1,4,1,1,1,1,3,2,1,1,2,2,2,2,3,5,2,12,2,8,2,3,2,2,1,6,4,0,1,0,1,0,0,0
805,14,1,7,7,1,2,1,0,0,0,0,0,0,0,0,0,0,2,3,2,3,3,3,5,2,5,2,2,3,2,99,5,5,3,3,5,5,4,5,1,2,1,1,1,1,2,5,1,1,3,5,1,1,1,5,8,2,2,13,3,66,2,5,1,2,4,1,1,1,0,0,0,0
806,14,2,1,4,2,3,0,1,1,0,0,0,0,0,0,0,0,2,2,3,3,4,3,2,2,3,2,1,2,1,3,5,0,7,8,1,0,2,1,1,3,1,1,4,1,3,1,3,1,3,3,3,3,4,5,4,1,2,10,2,3,2,2,3,3,5,1,1,0,1,0,0,0
807,14,2,2,2,4,4,1,0,1,0,0,0,0,0,0,0,0,2,2,3,2,2,3,2,2,2,2,2,2,2,2,5,8,5,6,5,8,2,2,1,3,2,2,3,2,3,2,2,2,2,4,4,2,3,3,5,2,2,4,5,66,2,5,1,3,3,0,1,0,1,1,0,0
808,14,2,4,4,3,3,0,0,0,0,0,0,0,0,0,0,1,2,2,2,3,3,3,2,2,4,1,1,2,2,1,5,5,5,5,3,3,4,5,1,2,4,2,1,1,4,1,2,1,2,1,5,4,2,4,2,4,1,6,1,2,2,5,2,3,3,0,1,0,1,1,0,0
809,14,1,2,2,2,3,0,0,0,0,0,0,0,0,0,0,1,2,2,3,3,5,5,5,2,2,2,2,2,2,12,5,5,3,2,5,3,3,3,2,2,3,4,4,3,4,3,3,2,3,3,3,3,3,2,2,12,1,12,7,66,2,2,2,2,5,0,1,0,1,0,0,0
810,14,2,2,4,3,3,0,0,1,0,0,0,0,0,0,0,0,2,2,2,3,3,3,3,3,3,3,3,3,2,12,5,3,5,5,3,3,3,3,3,3,3,2,4,3,4,3,3,3,3,3,3,3,3,3,4,12,2,13,7,66,2,4,1,3,4,1,1,0,0,0,0,0
811,14,2,5,5,2,3,0,1,0,0,0,0,0,0,0,0,0,2,2,3,3,3,4,2,2,3,1,1,3,2,12,4,3,6,3,3,5,2,1,1,4,3,2,2,3,3,3,3,2,1,2,2,3,1,2,2,1,1,9,2,2,2,2,1,4,5,1,1,0,1,0,0,0
812,14,1,1,1,3,2,0,1,0,0,0,0,0,0,0,0,0,1,1,2,2,3,3,2,2,3,2,2,2,1,1,5,5,5,5,6,6,2,3,2,4,3,2,2,2,2,2,2,2,2,3,3,3,2,4,2,1,2,6,1,2,2,5,1,4,4,1,1,1,1,1,0,0
813,14,2,12,6,2,3,0,0,0,0,1,0,0,0,0,0,0,2,3,2,3,3,3,2,2,2,2,2,3,2,6,5,1,5,1,6,1,1,2,1,4,2,2,3,1,3,2,1,1,2,3,5,2,3,4,2,6,1,8,1,2,2,5,1,4,4,0,1,0,1,0,1,0
814,14,2,1,1,2,3,0,0,0,0,0,0,0,0,0,0,1,2,2,3,2,2,2,2,2,3,2,1,2,1,1,5,0,0,0,1,1,3,2,2,3,2,2,5,3,5,2,1,1,2,3,3,3,3,3,4,99,1,9,3,66,2,2,1,4,6,0,1,0,1,0,0,0
815,14,2,12,4,2,4,0,0,0,0,0,0,0,0,0,0,1,2,2,3,3,3,2,5,2,2,1,2,5,2,1,4,3,1,5,0,2,1,2,1,3,2,2,5,3,3,4,3,2,1,4,5,2,3,4,2,4,1,5,7,66,1,5,2,2,5,1,1,0,0,0,1,0
816,14,2,2,2,2,4,0,0,0,0,0,0,0,0,0,0,1,2,1,3,4,3,3,2,1,2,2,1,3,2,99,4,8,6,5,5,5,2,4,1,4,3,1,2,4,2,2,2,1,3,2,4,2,2,5,2,3,2,2,6,66,1,5,1,4,4,1,1,0,0,1,0,0
817,14,3,2,1,1,2,0,0,0,1,0,0,0,0,0,0,0,2,2,2,2,2,2,2,2,2,2,3,2,3,5,6,5,4,5,6,6,1,3,1,5,3,3,2,2,2,4,2,1,3,3,4,1,2,4,1,1,1,11,1,2,2,5,1,5,4,1,1,1,1,0,0,0
818,14,2,3,6,2,4,0,0,0,0,0,0,0,0,0,0,1,2,2,4,3,3,3,5,2,5,2,3,2,2,6,0,2,2,2,2,3,2,3,2,4,2,1,5,2,4,4,4,3,3,4,2,2,3,4,4,6,1,8,1,2,2,2,1,4,4,1,0,0,1,0,0,0
819,14,2,4,4,2,3,0,0,0,0,0,0,0,0,0,0,1,2,2,2,2,3,3,2,1,2,1,1,3,2,4,2,5,4,8,2,5,3,3,2,2,2,2,4,3,4,3,1,1,2,3,4,2,3,4,2,4,2,7,1,2,1,5,2,1,5,0,1,0,1,0,0,0
820,14,2,12,4,1,4,0,0,0,0,0,0,0,0,0,0,1,2,4,2,2,2,2,2,1,3,2,1,2,1,4,0,0,5,7,0,5,3,4,1,1,5,1,5,1,5,1,5,1,3,1,5,3,2,2,2,12,1,6,1,2,2,1,1,5,4,0,1,0,1,1,1,0
821,14,1,1,1,1,2,1,0,0,0,0,0,0,0,0,0,0,3,3,3,4,4,4,3,3,2,2,2,3,2,1,5,4,4,3,6,5,1,2,1,4,2,1,1,1,1,3,4,1,2,1,3,2,1,1,2,1,1,11,1,2,3,6,1,3,4,1,1,1,1,0,0,0
822,14,1,1,1,2,2,0,1,0,1,0,0,0,0,0,0,0,2,2,2,2,4,4,2,2,2,1,1,2,2,1,6,4,6,4,6,4,2,3,4,3,2,2,3,3,2,2,2,2,4,2,4,3,3,2,2,1,1,11,1,3,2,5,2,5,3,1,0,1,1,0,0,0
823,14,2,2,4,2,4,0,0,0,0,0,0,0,0,0,0,1,3,4,4,3,2,2,1,1,1,2,1,2,2,4,0,4,4,7,0,2,2,3,1,2,3,2,5,3,4,5,5,5,1,2,4,4,4,5,2,4,1,7,1,2,2,5,2,3,4,0,0,0,1,1,1,0
824,14,1,5,5,2,2,0,0,0,1,0,0,0,0,0,0,0,1,1,1,2,2,3,3,2,2,1,1,2,2,5,99,99,99,99,99,99,2,3,2,3,1,1,5,1,2,3,5,4,2,2,3,3,5,5,4,5,1,15,7,66,2,3,2,3,5,1,1,1,0,0,0,0
825,14,2,2,9,2,3,0,0,1,0,0,0,0,1,0,0,0,3,3,3,3,3,2,2,2,3,3,3,3,1,12,0,1,0,5,0,1,1,2,1,2,3,3,4,1,4,4,1,3,2,2,4,4,2,5,4,12,2,11,7,66,3,5,5,1,4,0,0,0,1,0,1,0
826,14,2,2,2,2,3,0,0,0,0,0,0,0,0,0,0,1,3,3,5,3,5,5,2,2,3,2,1,3,2,99,99,99,99,99,99,99,2,1,1,99,1,3,1,1,1,1,3,1,1,2,1,1,1,2,3,5,2,9,1,3,2,2,1,3,4,0,1,0,0,0,0,0
827,14,2,4,4,4,3,0,0,0,0,0,0,0,0,0,0,1,3,3,4,3,3,3,3,3,3,3,1,3,3,12,0,0,0,0,0,0,2,1,2,3,2,1,1,1,4,2,2,1,2,2,5,3,3,3,2,12,1,8,8,66,3,4,4,1,4,0,1,0,1,0,0,0
828,14,2,3,3,2,3,0,1,0,0,0,0,0,0,0,0,0,3,2,3,5,5,5,4,2,3,1,1,4,2,3,1,2,10,1,3,2,1,1,5,2,4,99,2,1,1,2,1,1,1,2,5,1,3,3,4,3,1,11,7,66,3,5,4,1,5,0,1,0,0,0,0,0
829,14,3,2,2,3,3,0,0,0,0,0,0,0,0,0,0,1,3,3,4,4,4,4,3,4,4,2,3,4,2,12,2,2,2,2,2,1,3,4,1,2,99,3,5,1,3,5,3,1,3,3,4,2,1,5,4,12,2,11,5,66,2,3,1,3,5,1,1,0,0,0,0,0
830,14,1,1,1,2,2,0,0,0,0,0,0,0,0,0,0,1,2,2,3,2,5,2,3,2,3,1,1,2,1,1,99,99,99,99,99,99,1,3,3,3,2,2,2,2,2,3,4,2,3,2,5,2,2,1,2,1,1,14,7,66,2,5,1,2,5,1,1,0,1,0,0,0
831,14,1,3,99,2,2,99,99,99,99,99,99,99,99,99,99,99,2,2,2,3,4,4,3,3,2,2,2,3,2,1,99,99,99,99,99,99,2,3,1,4,2,2,2,2,3,4,2,2,2,2,4,2,4,3,2,12,2,12,7,66,2,5,1,2,5,1,1,1,0,0,0,0
832,14,2,1,1,2,3,0,0,1,0,0,0,0,0,0,0,0,3,4,4,4,4,4,3,2,4,1,1,2,1,1,5,0,1,1,0,0,1,2,4,4,4,1,2,5,2,2,2,4,1,1,5,3,2,2,2,1,2,2,7,66,1,7,1,5,4,0,1,0,1,0,0,0
833,14,2,12,6,3,3,0,0,0,0,0,0,0,0,0,0,1,2,2,2,3,3,3,3,3,2,2,1,3,2,12,99,99,99,99,99,99,2,2,1,4,2,2,4,2,4,1,2,2,2,4,1,4,3,2,5,12,2,6,1,2,2,4,4,3,4,0,1,0,1,0,0,0
834,14,2,1,1,2,3,0,0,0,0,0,0,0,0,0,0,1,2,3,2,2,2,3,2,2,3,1,1,2,2,1,99,99,99,99,99,99,1,2,1,3,2,3,3,2,2,2,5,4,2,1,4,1,3,3,2,1,2,8,5,66,2,4,4,5,2,1,1,1,1,1,1,0
835,14,2,12,1,3,3,0,0,0,0,0,0,0,0,0,0,1,2,2,2,3,3,3,2,3,3,1,1,3,2,1,7,5,5,3,7,3,1,3,5,3,1,2,2,2,2,2,2,2,1,3,4,2,3,4,2,12,1,8,3,66,1,2,1,2,3,0,1,1,1,0,1,0
836,14,2,7,7,3,3,0,0,0,0,0,1,0,0,1,0,0,2,5,2,3,3,3,2,2,3,1,2,2,2,1,5,5,5,5,4,5,4,4,1,2,3,2,5,4,3,2,3,3,2,3,4,2,3,3,1,1,1,14,3,66,2,2,1,4,4,1,1,1,0,0,0,0
837,14,3,1,10,2,2,0,0,0,0,0,0,0,1,0,0,0,2,5,2,2,2,3,3,2,2,1,1,2,1,1,99,99,99,99,99,99,3,3,2,3,2,3,4,1,3,2,3,3,99,3,5,3,2,4,4,3,2,14,7,66,2,1,1,5,3,1,1,0,0,0,0,0
838,14,2,7,9,2,3,0,0,0,0,0,0,0,0,0,0,1,2,2,2,2,3,3,3,2,3,2,2,2,2,7,5,7,7,7,3,7,2,2,2,4,2,2,4,1,4,3,2,2,2,4,2,2,2,2,4,6,2,10,2,3,2,5,4,3,6,1,1,0,0,0,0,0
839,14,2,7,7,4,4,0,0,0,0,0,0,0,0,0,0,1,4,4,4,4,4,4,4,4,2,2,2,3,2,7,0,5,0,2,0,2,5,5,1,4,5,5,5,1,4,4,5,5,4,4,5,2,4,5,8,7,1,13,7,66,2,2,1,2,6,0,1,0,0,0,0,0
840,14,3,2,2,2,2,1,0,0,0,0,0,0,0,0,0,0,5,5,5,3,5,5,2,3,2,3,3,2,1,2,5,5,3,3,6,6,1,3,1,3,3,3,5,2,3,3,3,3,3,3,3,3,3,3,2,2,2,15,7,66,3,2,5,3,6,0,1,0,0,0,0,0
841,14,2,4,4,2,3,0,0,0,0,0,0,0,0,0,0,1,2,3,3,3,3,3,2,2,3,2,2,3,3,4,1,0,4,5,0,0,2,2,2,1,3,4,2,4,3,3,3,2,3,2,4,2,2,3,2,4,2,6,1,1,1,5,4,1,4,1,1,0,1,1,0,0
842,14,2,1,2,1,2,1,0,0,0,0,0,0,0,0,0,0,3,3,3,3,3,3,3,2,2,1,1,3,2,1,5,5,3,3,2,2,1,1,3,4,4,2,5,1,2,2,2,2,1,5,5,2,2,2,2,2,1,7,2,3,1,5,2,2,6,0,1,0,1,0,0,0
843,14,2,12,2,3,3,0,0,0,0,0,0,0,0,0,0,1,2,2,2,2,3,3,3,2,2,1,1,2,2,12,5,8,2,7,3,8,1,1,5,3,1,1,1,1,2,2,5,1,1,2,2,2,3,5,2,2,1,9,1,2,1,3,1,2,5,1,0,0,1,0,0,0
844,14,1,5,5,2,3,0,0,0,1,0,0,0,0,0,0,0,2,4,4,2,3,3,3,3,2,1,1,4,2,5,5,1,1,1,6,2,1,5,1,3,2,1,2,1,2,5,3,2,3,3,4,2,3,5,1,5,1,6,3,66,1,2,1,3,5,1,0,0,1,0,0,0
845,14,2,1,1,3,2,0,0,0,0,0,1,0,0,0,0,0,2,2,3,3,3,3,3,1,2,2,2,1,1,12,7,6,6,5,4,5,2,5,2,3,4,2,4,1,4,1,2,1,4,2,2,4,2,4,5,12,1,2,6,66,1,5,1,3,3,0,1,0,1,0,1,0
846,14,3,2,2,3,3,1,0,0,0,0,0,0,0,0,0,0,2,2,3,3,3,3,2,2,2,3,3,3,2,12,2,2,2,2,7,8,2,3,1,3,4,3,2,2,2,3,2,1,2,3,2,2,3,3,1,1,2,11,5,66,2,3,1,2,3,0,1,1,1,0,0,0
847,14,1,1,2,3,3,1,1,0,0,0,0,0,0,0,0,0,2,2,2,2,4,4,3,2,4,3,1,2,2,12,3,5,5,3,3,3,3,3,1,2,1,2,3,3,2,2,3,2,3,2,4,3,3,3,4,2,2,9,1,2,2,4,2,3,2,0,1,0,1,0,0,0
848,14,2,12,99,3,3,0,0,0,0,0,0,0,0,0,0,1,2,2,2,2,3,3,3,2,3,2,1,3,2,12,99,99,99,99,99,99,3,3,1,3,2,3,4,2,4,3,2,2,2,4,3,3,3,3,2,12,2,5,1,2,1,4,4,1,6,0,1,0,1,0,0,0
849,14,2,2,2,2,3,1,0,1,0,1,0,1,0,0,0,0,2,2,2,2,3,2,2,2,1,1,1,3,2,2,5,8,7,7,6,8,2,3,3,4,3,3,4,1,3,4,3,3,1,2,2,3,3,5,2,2,1,9,1,2,2,6,1,4,4,1,1,0,1,0,1,0
850,14,2,1,4,2,3,0,1,1,0,1,0,0,0,0,0,0,2,2,2,2,2,2,2,1,3,2,1,3,2,1,5,6,6,7,0,4,2,5,1,5,1,3,2,2,3,3,1,2,4,3,2,2,3,3,3,3,2,8,2,3,2,3,1,4,4,0,1,0,1,1,0,0
851,14,2,4,6,2,3,0,0,1,0,1,0,0,0,0,0,0,2,3,3,3,3,3,2,2,3,1,1,3,2,4,5,5,6,8,5,6,2,4,4,2,2,1,5,1,2,2,3,2,1,2,5,3,4,2,2,4,1,8,1,2,2,5,2,4,4,1,0,0,1,0,0,0
852,14,3,12,11,3,3,0,0,0,0,0,0,0,0,0,0,1,3,3,3,3,3,3,3,3,2,2,2,3,3,12,99,99,99,99,99,99,4,4,1,3,3,3,4,1,5,5,2,2,3,3,4,2,3,4,4,12,1,12,1,2,2,2,1,3,99,0,1,0,0,0,0,0
853,14,2,1,1,2,2,1,0,1,0,0,0,0,0,0,0,0,1,2,3,2,3,2,2,2,3,1,1,2,1,1,7,5,4,6,5,5,2,2,3,4,3,2,4,2,2,2,3,2,2,2,4,4,4,2,4,1,1,10,8,66,2,5,1,3,3,1,1,0,0,0,0,0
854,14,2,2,4,2,3,0,0,0,0,0,0,0,0,0,0,1,2,2,4,2,4,4,3,2,2,1,1,3,2,1,3,5,0,6,3,6,3,3,1,4,5,4,2,4,4,2,2,1,2,2,4,3,1,5,4,4,1,11,7,66,2,5,1,2,3,1,1,0,1,0,0,0
855,14,3,99,99,3,2,0,0,0,0,0,0,0,0,0,0,1,2,2,2,5,5,5,2,2,3,2,2,2,1,1,8,7,8,7,8,8,2,3,1,4,2,3,4,2,3,3,5,4,2,3,4,2,3,2,4,12,2,13,7,66,2,5,1,2,3,1,1,1,0,0,0,0
856,14,2,12,4,3,3,0,0,0,0,0,0,0,0,0,0,1,2,2,2,2,2,2,2,2,2,2,2,3,2,4,4,5,5,6,3,5,3,4,1,4,2,3,4,4,4,2,2,2,3,3,2,2,4,3,2,12,2,2,6,66,1,5,1,4,5,0,0,0,1,0,0,0
857,14,1,3,99,2,3,0,0,0,0,0,0,0,0,0,0,1,2,2,4,4,4,4,4,4,2,1,1,3,2,1,5,1,3,1,5,2,2,2,1,3,3,4,4,1,5,4,5,3,1,2,5,2,5,2,3,12,2,14,7,66,2,2,1,2,5,1,1,0,0,0,0,0
858,14,2,2,2,2,3,0,0,0,0,0,0,0,0,0,0,1,1,2,5,3,5,5,3,3,2,2,2,3,2,2,1,8,4,5,1,7,5,5,1,5,2,2,5,2,5,5,1,1,3,5,1,2,3,4,7,2,2,14,5,66,2,2,1,2,5,1,1,0,1,0,0,0
859,14,1,2,2,1,2,0,0,0,0,0,0,0,0,0,0,1,2,2,3,3,3,3,2,3,2,2,2,3,3,12,5,5,5,5,5,5,3,3,2,3,2,3,4,2,4,3,4,2,3,3,3,3,3,4,2,12,2,15,7,66,3,6,1,1,3,1,1,1,0,0,0,0
860,14,2,3,6,2,3,0,0,0,0,0,0,0,0,0,0,1,4,4,4,4,4,4,1,1,4,2,2,2,1,12,2,0,5,5,0,0,3,3,2,4,3,3,5,2,4,3,3,1,3,3,3,2,2,5,1,4,2,4,1,2,2,3,4,2,5,0,0,0,0,1,1,0
861,14,2,1,99,1,3,0,0,1,0,0,0,0,0,0,0,0,3,3,3,3,3,3,2,1,2,1,1,2,2,1,3,0,0,1,0,0,1,3,3,3,2,1,2,5,3,1,3,2,1,1,5,3,3,3,2,12,2,10,5,66,2,5,1,3,4,0,1,0,1,1,0,0
862,14,2,2,2,2,3,1,1,0,0,1,0,1,0,0,0,0,2,2,2,3,4,4,2,2,2,1,1,2,2,6,5,5,5,5,5,10,2,5,1,5,3,2,2,1,2,3,1,1,2,5,4,1,2,3,2,6,99,99,99,66,4,7,5,99,99,0,0,0,0,0,0,1
863,14,2,7,7,3,4,0,1,0,0,0,0,0,0,0,0,0,2,2,3,3,3,4,2,2,2,2,1,3,2,7,2,5,5,5,0,5,2,2,1,3,3,2,4,1,5,3,1,1,2,3,3,3,4,1,4,12,2,11,5,66,2,3,1,2,4,0,0,0,1,0,1,0
864,14,1,5,5,1,1,0,0,0,1,0,0,0,0,0,0,0,2,2,3,2,2,2,2,1,3,1,1,3,1,5,5,4,4,4,5,4,3,2,1,5,1,2,3,3,3,4,3,2,5,4,4,2,3,1,5,5,1,6,3,66,1,2,1,3,5,1,1,0,0,0,0,0
865,14,3,3,3,2,3,0,1,0,0,1,0,0,0,0,0,0,2,2,3,3,3,3,5,5,5,2,1,2,1,3,6,5,7,5,6,5,3,3,2,5,3,2,3,2,3,2,1,1,2,4,3,2,3,5,4,3,2,9,1,2,1,2,4,1,6,1,1,0,1,0,1,0
866,14,1,1,3,2,2,0,1,1,0,0,0,0,0,0,0,0,2,2,4,3,4,3,3,2,2,2,2,3,2,3,99,99,99,99,99,99,2,3,3,3,2,1,5,3,3,3,2,3,3,3,3,2,3,3,2,3,2,12,5,66,2,2,1,2,4,0,0,0,1,1,1,0
867,14,2,2,4,2,4,0,0,0,0,0,0,0,0,0,0,1,2,4,3,3,2,2,2,2,2,2,1,3,2,12,0,2,3,9,0,0,1,2,2,3,5,1,4,4,5,3,3,3,1,1,3,3,5,5,2,4,2,4,5,66,2,5,4,3,4,0,1,0,1,1,1,0
868,14,1,2,2,3,4,1,1,0,0,1,0,0,0,0,0,0,2,2,3,3,3,3,5,2,3,1,1,3,2,12,0,0,0,0,5,5,1,2,2,4,3,3,2,2,2,3,3,3,1,2,2,2,3,4,1,2,2,7,1,2,2,2,1,3,5,0,1,0,1,0,0,0
869,14,1,2,2,2,2,1,0,0,0,0,0,0,0,0,0,0,3,2,3,2,3,3,3,3,3,2,2,2,1,2,7,9,5,6,8,10,2,3,1,5,1,1,5,1,3,1,3,3,3,2,3,3,3,3,4,2,2,14,1,2,3,2,1,2,4,1,1,0,1,0,0,0
870,14,1,1,1,3,3,0,0,0,0,0,0,0,0,0,0,1,2,2,2,2,3,4,3,3,2,2,1,2,1,1,8,6,5,7,8,6,2,1,3,5,2,2,3,1,3,2,2,2,3,3,3,3,3,2,4,1,2,8,2,2,1,3,1,2,6,1,1,0,1,0,0,0
871,14,1,1,1,1,3,0,1,1,0,0,0,0,1,0,0,0,2,2,2,2,4,3,2,2,2,1,1,2,2,9,6,0,3,3,4,0,1,2,4,3,2,3,2,2,3,2,4,2,2,2,2,3,1,2,1,9,1,11,3,66,2,5,1,4,5,1,1,1,1,0,0,0
872,14,2,12,4,1,3,0,0,1,0,0,0,0,0,0,0,0,2,4,5,3,2,2,1,1,4,1,1,2,1,4,2,1,5,6,3,2,1,1,3,3,2,1,5,5,5,3,5,3,1,1,5,3,3,2,2,1,1,8,1,2,2,3,1,4,4,0,1,0,1,0,1,0
873,14,1,12,1,3,3,0,0,0,1,0,0,0,0,0,0,0,2,3,3,3,3,3,3,3,3,2,2,3,3,1,6,6,5,4,5,5,3,4,1,3,2,2,3,3,2,3,3,1,3,3,3,2,2,1,4,1,1,13,7,66,2,2,1,2,3,1,1,0,1,0,1,0
874,14,2,3,8,2,3,0,0,0,0,0,0,0,0,0,0,1,3,3,4,2,3,3,2,2,2,1,1,3,2,99,99,99,99,99,99,99,99,99,99,99,99,99,99,99,99,99,99,99,99,99,99,99,99,99,9,99,1,11,7,66,3,5,1,2,4,1,0,0,1,0,0,0
875,14,3,5,5,2,2,0,0,0,1,0,0,0,0,0,0,0,2,2,2,2,2,3,3,3,3,2,2,2,2,5,6,99,2,99,3,0,1,5,99,1,1,2,5,2,5,1,5,1,5,4,3,2,3,1,4,5,99,13,8,66,2,1,4,99,5,0,1,0,0,0,0,0
876,14,1,1,1,1,2,0,1,1,1,0,0,0,0,0,0,0,2,4,4,4,4,4,4,3,2,1,2,3,2,1,7,4,5,5,8,5,1,2,2,5,1,3,2,1,2,2,5,3,1,2,5,1,4,2,1,1,1,10,7,66,2,5,1,3,3,1,1,0,0,0,0,1
877,14,2,2,4,2,4,0,0,0,0,0,0,0,0,0,0,1,2,2,3,3,3,3,3,2,2,2,2,3,2,12,0,5,4,6,0,6,3,2,1,5,3,3,4,3,4,2,3,3,1,4,3,2,3,5,2,4,2,5,8,66,2,5,1,4,5,1,1,0,1,0,0,0
878,14,2,1,1,3,3,0,0,1,0,0,0,0,0,0,0,0,3,3,3,4,4,4,4,4,1,2,2,3,1,12,1,0,0,1,2,0,2,3,2,4,3,3,2,3,2,3,4,4,3,2,4,4,3,5,5,12,1,3,7,66,1,3,4,4,2,0,1,0,0,1,1,0
879,15,1,1,1,1,2,0,0,0,1,0,0,0,0,0,0,0,2,3,3,4,4,4,5,4,1,2,2,4,2,1,10,0,5,5,10,0,1,3,1,3,1,2,4,3,5,5,5,3,1,3,3,1,3,3,6,1,1,12,7,66,2,1,1,2,5,1,1,0,0,0,0,0
880,15,1,7,7,2,3,0,0,0,0,0,0,0,0,0,0,1,2,2,3,2,3,3,2,2,4,2,2,3,2,7,0,5,0,8,8,5,3,1,1,3,3,5,5,1,5,5,1,1,2,5,1,1,3,5,4,4,2,7,5,66,2,5,1,2,5,1,1,0,1,0,0,0
881,15,2,2,2,2,2,1,0,0,0,0,0,0,0,0,0,0,3,3,3,3,3,3,4,4,1,1,1,2,1,10,3,10,0,0,0,10,1,2,2,4,2,3,3,1,3,2,5,5,2,2,5,2,2,5,4,2,1,13,7,66,3,2,1,1,5,0,1,0,0,0,0,0
882,15,2,4,4,1,3,0,0,0,0,0,0,0,0,0,0,1,4,4,4,2,2,2,1,1,3,1,1,3,2,1,2,0,2,10,0,0,1,1,5,1,1,1,5,3,5,1,1,5,1,1,5,5,5,1,2,4,1,3,2,2,1,3,5,3,4,0,0,0,1,1,1,0
883,15,3,2,2,3,2,1,1,0,0,0,0,0,0,0,0,0,3,3,3,3,3,4,5,4,4,3,3,5,3,3,6,6,8,3,3,6,3,3,3,3,3,3,4,2,4,4,5,5,3,3,2,3,3,3,4,3,2,13,7,66,2,2,1,2,5,0,1,0,1,0,1,0
884,15,1,2,1,3,3,1,0,0,0,0,0,0,0,0,0,0,2,2,3,3,4,4,3,3,3,1,3,3,2,1,5,4,3,0,5,1,2,2,1,3,1,3,4,1,2,2,3,5,2,4,5,3,3,5,6,2,2,14,7,66,3,1,1,3,6,1,1,0,0,0,0,0
885,15,2,12,1,3,3,0,0,0,0,0,0,0,0,0,0,1,3,3,3,3,3,3,3,2,2,3,3,2,2,1,5,99,99,99,99,99,3,1,3,3,3,3,4,2,4,3,1,1,3,3,5,4,3,3,4,1,2,10,2,2,2,2,1,2,4,1,1,0,0,0,0,0
886,15,1,1,1,3,2,0,1,1,1,0,0,0,0,0,0,0,3,3,3,3,3,3,3,3,3,2,2,2,1,1,10,0,10,0,10,0,3,3,3,1,1,1,3,1,3,1,3,1,5,1,5,1,3,3,4,1,1,11,4,66,3,3,1,1,5,1,1,0,0,0,0,0
887,15,1,1,1,2,2,0,1,0,0,0,0,0,0,0,0,0,3,2,3,3,3,3,2,2,3,2,2,3,2,1,8,1,3,1,8,2,3,4,3,4,2,3,3,3,3,3,3,4,3,3,2,2,3,3,4,1,1,15,7,66,3,1,1,2,5,1,1,0,0,0,0,0
888,15,1,2,2,3,2,0,0,1,1,0,0,0,0,0,0,0,2,2,3,4,4,4,3,3,2,2,1,3,2,2,99,99,99,99,99,99,4,3,1,5,3,3,5,1,4,4,5,2,3,3,1,2,3,4,4,12,2,11,7,66,2,2,1,6,4,1,1,0,0,0,0,0
889,15,1,1,1,2,2,0,0,1,0,0,0,0,0,0,0,0,2,2,2,2,2,2,2,2,2,1,1,2,1,1,10,0,0,10,10,10,1,3,2,2,2,1,1,1,2,2,2,2,1,2,2,2,2,2,4,1,2,8,4,66,4,3,1,2,3,0,1,1,0,0,0,0
890,15,3,1,5,2,3,0,0,1,1,0,0,0,0,0,0,0,2,2,2,2,2,2,2,3,3,1,1,3,2,1,99,99,99,99,99,99,3,4,3,3,3,3,3,4,3,3,4,4,4,3,3,3,3,3,4,5,2,15,99,66,3,1,1,1,5,1,1,0,0,0,0,0
891,15,3,12,99,4,3,0,0,0,0,0,0,0,0,0,0,1,3,3,3,3,3,3,5,5,5,3,3,5,3,12,99,99,99,99,99,99,3,3,3,3,3,3,3,3,3,3,3,3,3,3,3,3,3,3,9,99,2,13,4,66,3,1,1,6,2,1,1,0,0,0,0,0
892,15,3,12,99,4,3,0,0,0,0,0,0,0,0,0,0,1,1,1,2,2,3,4,3,2,2,2,2,5,3,12,99,99,99,99,99,99,2,5,4,3,1,3,5,1,4,1,1,1,2,4,2,2,3,3,4,12,2,2,1,1,1,3,4,1,6,0,1,0,1,1,0,0
893,15,2,1,11,1,4,0,0,0,0,0,0,0,0,0,0,1,3,3,3,3,3,3,3,3,3,1,1,3,2,1,5,0,5,0,5,0,2,1,1,3,3,3,3,3,3,3,3,3,3,3,3,3,3,3,9,1,1,9,1,2,2,5,1,5,5,1,0,0,0,0,0,0
894,15,2,2,2,2,3,1,0,0,0,0,0,0,0,0,0,0,2,3,3,3,4,4,3,3,2,1,1,3,2,2,5,7,4,6,3,6,1,2,4,2,2,2,4,4,4,2,2,2,2,2,5,3,2,2,4,2,1,6,1,2,2,6,1,4,4,1,1,0,0,0,0,0
895,15,1,2,1,2,2,0,0,0,0,0,0,0,0,0,0,1,2,3,2,3,3,3,3,2,3,1,3,2,1,1,99,99,99,99,99,99,3,4,3,4,3,2,3,2,3,2,3,2,4,2,4,3,3,2,5,1,2,8,2,3,2,4,1,3,3,1,1,1,0,0,0,0
896,15,1,2,4,2,3,0,1,0,0,0,0,0,0,0,0,0,2,2,3,2,2,3,4,3,2,1,1,2,1,99,5,6,3,4,99,0,1,5,1,5,1,3,5,1,5,2,5,5,4,3,5,3,5,5,1,3,1,13,7,66,2,2,1,2,5,1,1,0,1,0,0,0
897,15,1,12,1,3,2,0,0,0,0,0,0,0,0,0,0,1,2,2,2,2,3,3,2,1,3,1,1,2,2,12,5,5,5,5,5,5,1,4,2,3,1,2,2,2,2,2,1,1,3,3,5,2,3,2,3,12,1,2,2,2,2,2,4,3,5,0,1,0,1,1,1,0
898,15,2,2,2,2,2,0,0,0,0,0,0,0,0,0,0,1,2,2,2,2,2,2,2,2,2,2,2,2,2,2,5,8,5,5,5,8,4,2,1,3,1,3,5,1,4,3,5,4,2,5,3,3,4,5,8,2,2,9,2,3,2,2,1,2,6,1,1,0,0,0,0,0
899,15,1,1,1,2,2,1,0,0,0,0,0,0,0,0,0,0,2,2,3,2,3,3,2,2,3,1,1,2,1,2,99,99,99,99,99,99,3,2,1,3,2,2,4,3,2,3,2,2,2,3,4,3,2,4,4,3,1,12,2,2,2,5,1,6,3,1,0,0,1,0,0,0
900,15,2,6,6,4,4,0,0,0,0,1,0,0,0,0,0,0,3,4,3,3,3,4,2,2,2,2,1,3,2,6,2,3,2,3,0,2,2,3,1,4,3,3,5,3,4,2,1,1,1,3,1,4,3,2,1,6,2,2,2,3,1,2,1,6,5,0,0,0,1,1,0,0
901,15,2,2,2,2,3,0,0,0,0,0,0,0,0,0,0,1,2,2,3,4,4,4,4,3,3,2,1,3,2,2,0,5,2,2,1,2,4,4,1,3,1,2,5,1,3,2,4,2,2,4,1,2,2,5,3,3,1,10,2,3,2,3,1,3,4,0,1,0,0,0,0,0
902,15,2,2,2,2,3,0,0,0,0,0,0,0,0,0,0,1,1,2,2,2,3,3,3,2,3,1,1,3,2,6,5,8,6,6,5,7,2,4,1,3,3,2,4,2,3,2,4,3,2,2,3,3,2,5,8,2,1,13,4,66,3,2,1,2,4,1,1,0,0,0,0,0
903,15,2,2,2,2,3,1,1,0,0,0,0,0,0,0,0,0,2,2,2,4,4,4,3,3,2,1,1,4,2,2,0,9,5,0,0,8,2,2,2,5,1,2,5,2,3,1,5,5,3,3,3,3,3,3,4,12,2,12,7,66,3,2,1,1,5,1,1,0,0,0,0,0
904,15,2,12,4,3,2,0,0,0,0,0,0,0,0,0,0,1,2,2,3,5,5,5,2,2,3,2,2,3,2,12,3,3,3,3,2,2,3,2,1,4,2,4,4,1,4,5,3,2,3,4,2,3,3,4,4,12,1,15,7,66,3,2,1,3,5,1,0,0,0,0,0,0
905,15,2,2,2,2,2,1,0,0,0,0,0,0,0,0,0,0,1,1,2,3,3,3,3,3,3,1,1,2,2,2,7,7,5,6,6,7,1,2,2,1,1,2,4,1,3,1,4,3,1,1,2,5,3,2,2,1,1,9,1,2,2,2,1,5,4,1,1,0,0,0,0,0
906,15,1,1,1,4,4,0,0,0,0,0,0,0,0,0,0,1,2,2,2,2,2,2,2,2,2,2,2,4,2,1,99,99,99,99,99,99,3,1,1,1,1,1,1,1,1,1,1,1,3,3,3,3,3,3,5,1,2,9,1,2,2,2,1,5,4,1,1,0,1,0,0,0
907,15,2,2,2,3,3,0,0,0,0,0,0,0,0,0,0,1,3,3,3,3,5,3,2,2,4,2,2,4,2,2,0,6,5,5,0,3,3,5,1,5,1,5,1,4,4,1,1,1,2,3,1,2,5,4,9,12,2,3,1,4,1,4,1,3,4,1,1,0,0,0,1,0
908,15,2,12,2,2,3,0,0,0,0,0,0,0,0,0,0,1,2,3,3,1,4,2,2,3,2,1,1,2,1,2,5,7,3,3,3,7,3,1,3,2,4,3,3,2,4,4,4,2,1,3,5,4,3,5,2,2,1,6,2,2,2,3,4,5,5,0,1,0,1,0,1,0
909,15,2,6,2,1,3,0,0,0,0,0,0,0,0,0,0,1,5,5,5,3,5,5,3,3,2,2,2,3,2,7,99,99,99,99,99,99,4,5,1,5,2,2,5,2,99,4,1,1,5,5,1,2,3,5,2,2,2,11,1,4,2,2,1,2,6,1,1,1,0,1,1,0
910,15,1,12,99,1,3,0,1,0,0,0,0,0,0,0,0,0,2,2,3,3,3,3,2,2,3,2,1,3,2,12,3,0,3,0,6,2,3,2,1,2,3,2,2,2,4,2,2,1,3,4,3,2,4,3,4,12,2,13,2,3,3,1,2,1,6,1,1,0,0,0,0,0
911,15,2,6,6,2,3,0,0,0,0,1,0,0,0,0,0,0,2,2,3,3,3,3,3,2,2,2,3,3,2,12,3,3,3,3,3,3,2,2,2,3,1,1,5,1,1,2,2,1,1,3,1,1,3,2,4,7,2,8,99,66,3,3,1,3,4,0,1,0,1,0,0,0
912,15,1,1,1,3,3,0,0,0,0,0,0,0,0,0,0,1,3,3,3,3,3,3,3,3,2,3,3,5,3,1,99,99,99,99,99,99,99,99,99,99,99,99,99,99,99,99,99,99,99,99,99,99,99,99,9,99,99,99,99,66,4,7,5,99,99,0,0,0,0,0,0,1
913,15,1,1,1,1,1,0,0,0,1,0,0,0,0,0,0,0,2,2,3,3,3,3,2,2,2,2,2,2,1,1,10,0,5,5,10,5,1,4,1,3,1,3,5,2,2,2,4,5,1,1,1,2,3,2,1,1,2,15,5,66,3,2,1,2,4,0,1,0,0,0,0,0
914,15,2,1,1,3,3,1,0,0,1,0,0,0,0,0,0,0,2,3,3,4,4,4,4,3,1,3,1,3,2,1,5,3,3,3,5,3,3,4,3,3,3,3,4,2,3,2,3,3,3,3,2,3,3,3,4,2,2,10,7,66,2,2,1,3,4,0,1,0,0,0,0,0
915,15,1,1,1,2,2,0,1,0,1,0,0,0,0,0,0,0,3,3,3,3,3,3,3,3,2,3,3,5,2,99,8,99,99,99,8,0,99,1,99,99,1,99,1,1,99,99,99,1,5,1,3,3,99,5,4,12,2,13,7,66,3,1,1,3,99,1,1,1,0,0,0,0
916,15,2,5,1,3,3,0,0,0,0,0,0,0,0,0,0,1,1,1,2,2,2,2,2,2,2,2,1,3,2,1,7,7,5,4,5,7,1,4,1,3,3,2,4,3,2,1,2,2,2,2,1,1,3,3,4,12,2,7,2,2,3,3,1,4,6,1,1,0,1,0,1,0
917,15,1,1,1,2,3,0,1,0,1,0,0,0,0,0,0,0,2,2,2,5,5,5,3,3,2,1,1,3,2,1,5,3,3,1,5,1,2,3,1,3,3,3,5,1,2,2,5,2,2,3,5,4,3,5,4,1,1,13,7,66,2,2,1,2,6,1,1,0,0,0,0,0
918,16,2,12,1,2,3,0,0,1,0,0,0,0,0,0,0,0,2,4,4,2,4,4,4,3,2,1,1,2,2,1,5,0,0,5,3,0,1,1,4,5,1,2,2,1,3,3,5,5,1,1,5,3,1,1,2,1,2,15,7,66,1,1,2,1,5,1,0,1,0,0,0,0
919,16,1,12,4,3,3,0,0,0,0,0,0,0,0,0,0,1,2,2,3,2,3,3,3,3,2,1,1,2,2,4,3,2,3,4,2,2,2,3,1,2,2,2,5,3,2,3,3,3,2,3,4,3,4,5,1,1,1,13,8,66,2,3,1,3,4,1,1,0,0,0,0,0
920,16,3,1,1,3,2,0,0,0,0,0,0,0,0,0,0,1,2,2,2,3,3,3,2,2,2,1,1,2,2,1,7,6,6,5,6,6,1,3,1,3,1,3,1,1,1,2,3,3,1,1,4,2,4,4,8,1,2,8,2,2,2,2,1,5,7,1,1,1,1,0,0,0
921,16,3,1,1,3,4,0,0,0,0,0,0,0,0,0,0,1,3,3,3,3,2,3,3,2,1,3,3,3,2,1,5,4,5,5,3,2,3,3,3,4,4,2,5,4,5,4,4,3,1,2,1,1,3,3,4,99,2,13,7,66,4,1,1,2,7,0,1,0,0,0,0,0
922,16,3,1,1,2,5,0,0,0,0,0,0,0,0,0,0,1,2,3,4,4,4,4,1,2,3,1,1,1,2,1,5,2,3,2,1,1,1,4,5,1,1,3,4,2,2,1,5,5,1,1,4,5,4,2,7,1,2,14,5,66,2,2,1,2,7,1,1,1,0,0,0,0
923,16,3,12,1,3,3,0,0,0,0,0,0,0,0,0,0,1,5,2,5,2,5,2,2,2,3,2,1,3,2,1,5,5,5,5,5,5,3,4,2,4,2,3,5,3,4,1,2,5,2,3,3,3,3,3,3,12,1,4,1,2,2,3,1,3,4,0,1,0,1,0,1,0
924,16,1,1,1,3,3,0,0,0,0,0,0,0,0,0,0,1,2,1,5,3,5,5,5,3,2,3,3,3,2,1,5,4,3,3,4,4,3,2,2,3,3,3,3,2,3,3,2,3,3,99,3,99,99,99,4,1,2,12,2,3,2,2,1,2,6,1,1,0,0,0,0,0
925,16,1,1,1,1,1,0,0,0,0,0,0,0,0,0,0,1,1,1,1,2,2,3,3,3,2,2,2,1,2,1,8,6,7,5,8,6,3,1,1,99,3,3,5,3,3,2,5,5,3,2,3,3,3,2,1,1,1,15,7,66,3,5,4,1,3,1,1,1,0,0,0,0
926,16,2,7,7,1,3,0,0,0,0,0,0,0,0,0,0,1,2,2,2,2,4,4,4,3,2,2,2,3,2,7,1,3,0,1,2,2,4,3,1,5,1,3,5,1,5,5,3,1,3,5,1,1,1,5,4,7,1,12,7,66,2,5,1,2,6,1,0,1,0,0,0,0
927,16,2,6,6,1,4,0,0,0,0,0,0,0,0,0,0,1,2,4,2,2,1,1,1,1,4,2,1,3,2,6,0,6,0,10,0,8,1,1,1,3,3,1,5,1,5,3,1,1,3,5,5,2,4,5,4,6,2,9,7,66,2,4,1,2,6,0,1,0,1,1,1,0
928,16,1,1,1,2,2,99,99,99,99,99,99,99,99,99,99,99,3,3,3,3,3,3,3,3,2,2,2,2,2,1,7,3,3,3,7,5,3,2,2,3,2,2,3,2,3,2,3,3,2,3,4,3,2,3,4,1,1,14,7,66,2,5,1,2,5,1,1,0,0,0,0,0
929,16,2,12,10,4,3,0,0,0,0,0,0,0,0,0,0,1,3,4,4,5,5,5,5,5,5,3,1,4,2,10,5,3,2,2,0,0,1,2,3,5,1,3,1,3,2,3,3,2,2,3,4,3,2,3,3,1,2,15,5,66,3,1,1,4,5,0,1,0,0,0,0,0
930,16,2,12,99,4,4,0,0,0,0,0,0,0,0,0,0,1,3,3,4,4,4,4,3,4,5,1,1,4,2,12,99,99,99,99,99,99,3,4,99,3,2,3,4,4,4,2,3,4,99,99,99,99,99,99,9,99,2,4,2,3,1,3,5,2,99,0,0,0,1,1,0,0
931,16,2,12,1,4,4,0,0,0,0,0,0,0,0,0,0,1,2,2,2,3,3,3,5,3,5,3,3,5,2,12,1,1,1,1,0,0,1,3,1,4,1,3,5,1,4,1,2,2,3,4,4,3,3,3,5,12,2,7,1,2,1,3,4,3,7,0,1,0,0,0,0,0
932,16,2,7,7,2,3,0,0,0,0,0,1,0,0,0,0,0,2,2,2,3,3,3,3,3,3,2,2,3,2,7,4,5,6,5,4,5,4,3,2,3,2,2,4,2,4,3,2,2,2,4,2,2,2,2,5,7,2,12,7,66,2,5,1,2,4,1,1,0,0,0,0,0
933,17,2,4,99,1,2,1,1,0,0,0,0,0,0,0,0,0,3,3,3,3,3,4,4,3,2,2,2,2,3,12,5,5,5,5,3,4,3,3,2,4,2,4,5,3,4,4,2,3,4,4,2,3,2,4,4,99,2,10,2,4,2,2,1,3,4,1,1,0,1,0,0,0
934,17,1,5,1,2,2,0,0,0,1,0,0,0,0,0,0,0,2,2,2,2,3,3,2,3,2,1,1,3,2,1,8,0,2,3,7,2,2,2,3,4,2,2,4,4,3,3,2,2,3,2,4,4,3,2,3,1,2,11,2,4,2,4,1,6,3,1,1,0,1,0,0,0
935,17,1,1,1,2,2,0,1,0,1,0,0,0,0,0,0,0,2,3,3,3,4,4,2,1,2,2,2,3,2,1,10,7,8,7,8,7,2,5,2,5,1,1,1,1,1,5,1,1,1,2,5,1,3,1,1,1,2,12,3,66,3,5,2,1,3,1,1,1,0,0,0,0
936,17,2,12,1,3,3,0,0,0,0,0,0,0,0,0,0,1,2,2,3,3,3,3,2,2,3,2,2,2,2,12,5,5,5,5,5,5,2,3,1,4,2,3,4,2,2,2,3,2,1,3,3,3,3,3,5,12,1,3,1,1,2,5,1,3,3,0,1,0,1,1,0,0
937,17,2,12,4,2,3,0,0,1,0,0,0,0,0,0,0,0,3,4,2,3,2,2,1,1,2,1,1,2,1,4,3,2,5,6,2,4,1,3,4,2,4,1,5,5,5,2,1,1,1,1,4,2,3,5,8,4,1,3,4,66,1,2,1,5,4,0,0,0,1,1,1,0
938,17,2,12,11,2,3,99,99,99,99,99,99,99,99,99,99,99,5,5,5,5,5,5,5,5,5,3,3,5,3,1,3,2,3,10,3,3,2,1,4,3,3,1,5,5,1,1,4,4,1,2,4,4,1,4,2,4,1,11,7,66,1,2,1,2,5,0,1,0,1,0,1,0
939,17,2,2,2,3,3,0,0,0,0,0,0,0,0,0,0,1,2,2,3,3,3,3,2,2,3,2,1,3,2,10,3,6,3,5,5,6,5,1,1,3,2,1,5,1,5,3,4,4,1,3,4,2,3,5,4,12,2,12,7,66,2,2,1,2,6,0,1,0,0,0,0,0
940,17,1,2,2,1,2,1,0,0,0,0,0,0,0,0,0,0,2,2,3,3,4,4,1,2,2,2,1,3,2,2,4,6,3,3,7,7,4,2,1,5,2,1,2,1,2,1,1,1,2,2,5,2,2,2,5,2,2,6,2,2,2,5,1,6,3,1,1,0,1,0,0,0
941,17,1,1,1,2,2,0,0,1,0,0,0,0,0,0,0,0,2,2,2,2,3,3,3,3,2,1,1,2,2,1,10,3,5,5,7,0,2,4,1,4,2,2,4,3,3,4,2,2,2,3,5,3,3,2,4,3,1,9,4,66,1,5,1,1,4,1,1,0,0,0,0,0
942,17,3,3,2,2,2,0,0,0,0,0,0,0,0,0,0,1,3,3,3,3,5,4,4,2,1,1,1,3,2,1,99,99,99,99,99,99,1,3,3,5,2,2,5,2,2,2,4,1,2,3,4,3,1,3,8,12,1,12,8,66,2,5,1,2,4,0,1,0,1,0,0,0
943,17,2,1,4,3,2,0,0,0,0,0,0,0,0,0,0,1,2,3,3,2,3,3,2,2,1,2,1,2,2,1,5,2,0,2,2,1,1,3,2,4,1,1,4,1,4,3,3,2,4,2,4,4,3,4,5,12,2,2,1,2,1,4,1,4,4,0,0,0,1,1,0,0
944,17,2,10,10,1,3,0,0,0,0,0,0,0,0,0,0,1,2,2,5,2,5,5,4,4,1,2,2,4,2,10,0,7,0,0,0,3,5,5,1,5,1,2,5,1,5,5,1,1,4,5,1,2,3,5,5,10,1,9,7,66,1,2,1,2,4,1,1,1,0,0,0,0
945,17,1,3,3,2,2,1,1,0,0,1,0,0,0,0,0,0,2,2,2,2,3,3,3,2,2,2,2,3,2,1,5,5,5,5,5,5,4,4,1,4,3,3,5,3,4,4,1,1,2,4,2,2,1,5,6,1,2,11,7,66,2,2,1,2,3,1,1,0,1,0,0,0
946,17,2,1,2,3,3,1,0,0,1,0,0,0,0,0,0,0,2,1,3,3,4,4,1,1,2,1,1,4,2,5,1,5,99,99,99,99,1,1,1,3,1,1,4,1,5,3,5,5,4,2,2,4,5,3,9,2,2,13,7,66,4,2,1,1,5,0,1,0,0,0,0,0
947,17,2,1,1,4,3,99,99,99,99,99,99,99,99,99,99,99,2,2,2,2,2,2,3,3,3,2,1,2,2,99,99,99,99,99,99,99,2,3,3,3,3,3,3,3,3,3,3,3,1,1,1,1,1,1,9,10,2,9,3,66,2,3,1,3,4,1,1,1,0,1,1,0
948,17,1,1,1,1,1,0,1,0,1,0,0,0,0,0,0,0,2,2,3,3,3,3,3,3,2,2,1,3,2,1,6,1,5,2,8,1,3,3,3,4,2,2,3,2,3,2,5,1,4,2,2,3,4,3,8,99,2,14,7,66,2,1,1,6,99,1,1,0,0,0,0,0
949,17,2,12,1,2,4,0,0,0,0,0,0,0,0,0,0,1,3,3,5,3,3,5,2,3,2,2,1,3,1,1,7,6,5,4,5,4,2,4,1,5,1,2,5,4,5,4,1,1,2,4,2,2,2,5,8,12,2,6,2,3,2,2,1,5,5,0,1,0,1,1,0,0
950,17,1,2,2,2,3,1,0,0,0,0,0,0,0,0,0,0,2,2,3,4,4,4,3,3,2,2,2,3,1,1,7,99,99,99,99,99,3,2,1,4,3,4,4,2,4,2,4,5,1,2,2,3,3,4,3,2,1,14,7,66,2,2,1,2,4,1,1,0,0,0,0,0
951,18,1,99,99,2,2,99,99,99,99,99,99,99,99,99,99,99,2,3,3,2,3,4,3,3,2,3,3,3,3,99,99,99,99,99,99,99,3,3,99,99,99,99,4,2,4,3,3,3,99,99,99,99,99,99,9,99,1,10,1,1,2,5,1,99,99,1,1,0,0,0,0,0
952,18,2,1,1,3,3,0,0,1,0,0,0,0,0,0,0,0,3,3,3,3,3,3,3,2,3,1,2,3,2,3,5,3,2,1,4,4,1,1,1,1,1,2,2,2,2,1,1,1,2,2,1,4,2,2,4,4,2,6,99,66,2,2,1,4,6,1,0,0,0,0,0,0
953,18,2,1,1,2,3,0,0,1,0,0,0,0,0,0,0,0,2,3,3,2,2,2,2,2,3,1,1,3,1,1,6,5,2,5,2,3,2,2,2,4,3,3,2,2,2,2,5,5,2,2,4,3,4,99,2,4,1,7,1,2,2,5,1,6,4,1,1,1,1,1,1,0
954,18,2,12,2,2,3,0,0,0,0,0,0,0,0,0,0,1,2,3,3,3,3,3,3,2,2,1,1,3,2,1,5,5,5,5,0,5,2,4,2,4,3,2,5,2,4,4,3,2,3,3,4,2,3,4,2,2,2,8,1,2,3,2,1,5,4,1,1,0,0,0,0,0
955,18,3,11,11,2,2,1,0,0,0,0,0,0,0,0,0,0,2,2,3,3,5,4,2,3,3,3,1,2,3,1,5,3,3,3,3,2,3,4,2,2,3,2,3,2,3,3,2,3,3,3,3,3,3,3,2,12,2,12,3,66,2,2,1,3,4,1,0,0,0,0,0,0
956,18,1,1,1,1,2,0,0,1,0,0,0,0,0,0,0,0,1,2,3,2,3,3,2,2,1,2,2,2,1,1,9,0,2,6,7,0,3,4,2,5,1,1,4,2,2,3,5,4,3,2,5,1,5,4,2,1,1,11,4,66,2,4,1,3,3,1,0,0,1,0,0,0
957,18,2,12,3,2,3,0,0,0,0,0,0,0,0,0,0,1,2,2,3,2,3,3,2,2,3,1,1,1,1,3,1,2,2,1,0,0,1,5,5,5,3,2,4,3,3,2,3,3,2,4,4,3,3,4,8,12,2,8,2,2,2,2,1,3,4,0,1,0,1,1,0,0
958,18,3,1,1,3,3,0,0,0,0,0,0,0,0,0,0,1,3,3,3,3,3,3,3,3,2,1,3,2,2,1,5,5,5,5,5,5,2,2,1,3,3,3,3,3,3,2,3,3,2,3,2,2,3,3,1,1,2,13,7,66,3,2,1,4,4,1,1,1,0,0,0,0
959,18,1,1,1,2,2,99,99,99,99,99,99,99,99,99,99,99,2,2,2,2,2,2,2,2,2,2,2,2,3,1,8,5,5,5,5,5,4,3,1,3,2,2,3,1,2,3,4,4,3,3,1,2,3,3,4,1,2,15,7,66,3,4,1,5,3,1,1,1,0,0,0,0
960,18,1,1,1,3,3,1,1,0,0,0,0,0,0,0,0,0,2,3,3,2,4,4,3,3,2,2,2,3,2,12,8,5,8,5,5,3,3,2,1,4,2,3,4,1,4,1,3,5,1,4,5,1,3,3,2,2,2,12,7,66,3,2,1,1,3,1,1,0,1,0,0,0
961,18,1,5,5,3,2,0,0,0,0,0,0,0,0,0,0,1,3,3,4,4,4,4,3,3,2,2,2,2,2,5,5,3,3,3,3,2,2,3,1,3,2,2,4,2,3,3,2,2,3,3,4,2,2,4,4,5,2,10,5,66,2,2,1,2,3,1,1,0,0,0,0,0
962,18,1,1,1,3,2,0,0,0,0,0,0,0,0,0,0,1,2,2,2,2,2,2,2,2,2,1,1,3,2,1,8,7,7,6,7,7,3,3,2,2,2,2,3,3,3,3,3,3,3,3,3,3,3,3,4,1,1,11,4,66,2,2,1,3,4,1,1,0,1,0,1,0
963,19,2,12,11,4,4,0,1,0,0,0,0,0,0,0,0,0,3,3,3,3,4,4,4,2,1,2,2,3,2,1,5,0,4,0,0,0,3,4,3,3,2,2,2,3,4,3,2,5,1,3,3,2,3,3,1,99,2,9,1,2,2,2,1,2,3,0,1,0,0,0,0,0
964,19,2,9,4,1,3,0,0,0,0,0,0,0,0,0,0,1,4,3,3,2,3,2,2,2,3,1,1,3,2,1,3,0,1,10,0,1,1,2,3,4,2,1,5,3,2,3,5,5,2,3,5,4,3,4,2,4,1,9,1,4,2,2,1,2,3,0,0,0,1,0,1,0
965,19,3,7,7,3,3,0,0,0,0,0,0,0,0,0,0,1,2,3,3,3,3,3,2,2,3,2,2,3,2,7,2,5,5,5,5,5,5,5,1,3,3,4,5,3,5,4,3,3,3,3,1,2,3,5,7,12,2,9,1,2,1,4,1,6,5,1,1,0,1,0,0,0
966,19,1,1,1,2,2,0,0,1,1,0,0,0,0,0,0,0,2,2,3,3,4,4,3,3,1,2,1,1,1,1,10,0,0,0,10,0,3,3,1,4,1,2,3,1,2,1,5,4,1,3,3,1,3,3,4,1,2,15,4,66,2,2,1,2,3,1,1,1,0,0,0,0
967,19,2,2,4,2,3,0,0,0,0,0,0,0,0,0,0,1,3,4,3,3,3,2,1,2,2,2,2,3,2,12,5,5,3,10,3,10,2,2,1,5,3,3,5,1,5,2,3,5,1,4,1,4,2,5,8,6,2,15,7,66,3,1,1,4,4,0,1,0,0,0,0,1
968,19,2,6,6,1,4,0,0,0,0,1,0,0,0,0,0,0,3,4,4,2,4,3,1,1,3,1,1,2,2,6,1,2,3,3,0,2,2,5,1,1,3,1,5,5,5,4,5,3,2,3,2,3,3,5,2,6,1,6,1,2,2,5,1,4,4,0,0,0,1,1,1,0
969,19,1,2,2,2,2,0,0,0,0,0,0,0,0,0,0,1,2,2,3,3,4,3,3,3,2,2,2,3,1,2,3,7,2,3,5,5,3,3,4,3,3,4,2,3,3,3,2,2,2,2,2,3,2,2,3,2,1,12,4,66,2,5,1,4,3,0,0,0,1,0,0,0
970,19,1,1,1,2,2,0,1,1,1,0,0,0,0,0,0,0,2,2,3,3,3,3,3,2,2,2,2,2,3,1,9,4,6,5,9,4,2,3,2,4,2,3,2,1,3,3,3,3,2,4,4,2,5,1,4,1,1,12,1,2,2,2,1,2,4,1,1,0,1,0,0,0
971,19,1,5,5,3,3,0,0,1,1,0,0,0,0,0,0,0,2,3,4,4,4,3,3,2,2,1,2,2,1,5,99,99,99,99,99,99,4,3,1,4,1,3,5,3,3,5,3,1,4,3,3,2,3,2,2,4,1,8,2,4,4,2,1,1,4,1,0,0,0,0,1,0
972,19,2,4,4,1,4,0,0,0,0,0,0,0,0,0,0,1,2,3,4,3,4,4,3,2,2,1,1,3,2,1,2,0,1,8,1,0,1,1,3,5,3,1,1,3,5,3,5,3,5,1,5,5,1,5,2,4,1,3,3,66,1,3,1,6,5,1,1,0,0,1,0,0
973,19,1,2,2,2,3,0,1,0,0,0,0,0,0,0,0,0,1,2,3,2,3,5,5,2,5,2,1,2,2,1,4,6,5,4,6,5,2,3,1,3,1,2,4,2,3,1,2,2,3,3,2,2,3,3,4,2,2,13,7,66,2,2,1,3,5,1,1,0,0,0,0,0
974,19,1,1,1,1,2,0,1,0,0,0,0,0,0,0,0,0,2,2,3,3,3,3,3,3,3,1,1,2,1,1,8,2,6,5,8,5,1,1,2,4,4,1,2,1,2,3,5,2,1,1,5,2,5,2,5,1,1,13,4,66,2,5,1,2,3,1,1,0,0,0,0,0
975,19,2,9,9,2,3,0,0,0,0,0,0,0,0,0,0,1,3,3,2,2,2,2,1,1,3,1,1,2,1,12,4,0,0,6,0,0,1,1,2,4,1,1,5,2,5,3,3,5,1,5,5,3,3,3,1,1,1,6,2,2,1,5,1,2,5,0,0,0,1,1,1,1
976,19,3,3,99,2,2,1,1,0,0,0,0,0,0,0,0,0,2,2,2,2,2,5,5,2,5,2,2,5,2,3,5,6,7,4,7,5,2,2,1,4,2,1,3,1,2,2,2,1,4,2,4,1,3,3,4,3,2,8,2,3,2,4,1,2,4,1,1,0,1,0,0,0
977,19,1,1,1,3,2,0,0,0,0,0,0,0,0,0,0,1,1,1,2,3,3,3,3,2,2,2,2,2,2,1,8,5,5,5,8,5,2,4,1,4,3,2,2,2,2,4,1,3,1,4,3,2,4,5,5,1,2,12,7,66,2,4,1,4,5,1,1,0,0,0,0,0
978,19,1,1,1,3,3,99,99,99,99,99,99,99,99,99,99,99,2,2,3,3,3,3,3,3,3,2,2,3,1,1,99,99,99,99,99,99,1,4,1,4,1,2,5,2,5,3,5,3,2,3,1,1,3,5,4,2,1,12,4,66,2,2,1,2,6,0,1,0,0,0,0,0
979,20,2,6,3,3,3,0,0,0,0,0,0,0,0,0,0,1,3,3,3,3,3,3,3,3,3,2,2,2,1,12,99,99,99,99,99,99,1,3,1,2,2,2,5,5,5,1,1,1,3,3,2,3,3,2,4,12,2,4,1,2,1,3,1,4,3,0,0,0,1,1,0,0
980,20,3,2,2,2,2,0,0,0,0,0,0,0,0,0,0,1,2,2,3,3,3,3,4,2,1,2,3,5,2,4,5,8,2,8,4,8,3,4,2,4,2,3,2,2,3,4,3,3,2,3,2,2,4,4,8,4,2,13,7,66,3,4,1,5,4,1,1,0,0,0,0,1
981,20,1,1,1,2,3,0,1,0,1,0,0,0,0,0,0,0,2,3,3,2,2,2,2,2,1,2,1,2,2,3,7,4,6,3,6,3,1,1,2,3,2,2,3,3,3,2,2,3,1,3,4,3,3,4,2,12,2,8,3,66,2,2,1,2,5,1,1,0,1,1,1,0
982,20,1,3,3,2,2,0,1,0,0,0,0,0,0,0,0,0,2,3,3,3,3,3,2,3,3,2,2,3,3,12,6,6,7,6,6,5,3,4,1,3,3,3,4,3,3,4,2,3,3,3,3,3,2,4,3,12,1,14,4,66,2,5,1,5,4,1,1,0,0,0,0,0
983,20,1,2,2,2,2,1,0,0,1,0,0,0,0,0,0,0,2,2,2,2,2,2,3,3,2,2,2,2,1,2,4,10,1,2,4,8,1,2,2,5,2,1,2,1,1,2,3,3,1,3,5,3,3,5,4,2,1,13,7,66,1,1,4,1,6,1,1,1,0,0,0,0
984,20,1,5,4,3,2,0,0,1,0,0,0,0,0,0,0,0,1,2,2,2,2,2,2,2,2,1,1,3,2,1,8,99,99,99,99,99,1,3,2,5,3,5,5,3,3,3,5,3,3,3,3,5,3,3,2,4,1,14,2,2,2,2,1,2,3,1,0,0,0,0,0,0
985,20,2,7,7,2,3,0,0,0,0,0,1,0,0,1,0,0,2,2,3,3,3,3,3,3,3,2,2,3,2,10,3,3,4,3,5,3,4,4,1,2,2,3,3,1,4,5,1,1,3,4,1,1,2,4,5,7,2,10,1,1,2,5,1,3,4,1,0,0,0,0,0,1
986,20,2,12,2,3,3,0,0,0,0,0,0,0,0,0,0,1,2,2,3,3,3,3,3,3,2,2,2,3,2,12,1,1,1,1,0,3,2,4,1,3,2,2,4,2,4,3,2,2,3,3,4,3,3,4,4,12,2,10,1,2,1,3,1,1,4,1,1,1,1,1,1,0
987,20,2,2,2,1,3,0,0,0,0,0,0,0,0,0,0,1,1,2,3,3,3,4,4,2,1,2,2,3,2,2,2,9,0,4,4,8,1,4,1,1,4,1,5,1,2,5,2,2,1,2,1,2,2,4,1,2,1,12,7,66,2,2,1,2,7,1,1,0,0,0,0,0
988,20,2,4,4,2,3,0,0,1,0,0,0,0,0,0,0,0,3,3,4,4,4,4,4,3,2,1,1,2,2,1,8,4,6,7,4,4,1,3,5,3,2,3,4,1,2,1,5,3,1,1,4,3,3,5,1,12,2,13,7,66,2,2,1,2,4,1,1,0,0,0,0,0
989,20,1,12,1,2,3,0,0,0,0,0,0,0,0,1,1,0,2,4,4,3,5,3,1,1,2,1,1,2,2,12,5,8,3,5,5,6,1,1,2,4,2,1,4,1,4,2,5,1,1,1,5,2,3,5,2,10,1,1,4,66,1,1,4,3,5,0,0,0,0,1,1,0
990,20,1,5,5,2,2,0,0,0,1,0,0,0,0,0,0,0,2,2,2,3,4,4,3,4,2,1,1,3,2,5,5,3,5,3,5,3,2,3,1,3,2,2,3,5,5,1,1,1,3,4,3,3,3,3,2,5,2,8,1,2,2,3,1,4,3,0,1,0,1,0,0,0
991,20,2,12,99,1,4,0,0,0,0,0,0,0,0,0,0,1,3,3,3,3,3,3,2,2,3,1,1,5,2,12,0,1,0,0,0,1,2,2,2,4,4,4,2,1,4,4,4,4,2,4,2,2,2,5,3,2,2,14,7,66,3,2,4,1,7,1,1,0,0,0,0,0
992,20,2,5,5,2,3,0,0,0,0,0,0,0,0,0,0,1,2,2,3,3,3,3,5,3,2,2,2,3,2,5,2,2,1,1,3,4,3,2,3,3,2,3,5,3,3,4,2,3,2,3,3,3,3,3,5,12,2,11,7,66,1,7,5,3,6,0,1,0,0,0,0,0
993,20,2,2,2,2,3,0,0,0,0,0,0,0,0,0,0,1,3,2,3,3,3,3,5,3,3,2,2,3,2,2,0,10,5,5,1,9,2,3,2,2,2,2,3,3,3,3,3,3,3,3,3,3,3,4,4,2,2,7,5,66,2,2,4,3,6,0,1,0,0,0,0,0
994,20,3,2,2,2,3,0,0,0,0,0,0,0,0,0,0,1,2,3,3,3,3,3,2,2,3,2,2,3,2,2,3,5,5,5,2,2,3,3,1,3,3,2,2,1,2,3,1,1,4,4,3,4,2,5,4,12,2,3,1,1,1,5,4,1,4,1,1,0,1,1,0,0
995,20,1,12,99,2,2,0,0,0,0,0,0,0,0,0,0,1,2,2,2,2,2,5,2,2,2,2,2,2,1,12,5,5,4,4,8,6,3,2,1,4,1,1,5,1,5,2,2,2,3,3,3,3,99,1,4,99,2,12,7,66,3,2,1,1,6,0,1,1,1,0,0,0
996,20,3,1,1,3,2,0,0,0,0,0,0,0,0,0,0,1,3,2,3,3,5,3,5,2,3,3,1,3,2,2,99,99,99,99,99,99,99,99,99,99,99,99,99,4,99,1,3,5,99,99,99,99,99,99,4,2,99,14,5,66,2,2,1,3,4,1,1,0,0,0,0,0
997,20,2,6,6,3,4,0,0,0,0,0,0,0,0,0,0,1,3,3,4,3,3,4,3,3,2,2,1,3,2,1,4,4,4,3,6,4,3,5,3,4,2,3,4,1,3,1,1,1,1,3,3,3,3,3,3,1,2,7,5,66,2,2,1,4,4,0,1,0,1,0,1,0
998,20,2,12,2,4,5,1,0,1,0,0,0,0,0,0,0,0,2,2,2,2,4,3,3,3,1,3,1,3,2,99,6,4,2,5,0,0,4,3,4,5,3,4,5,3,5,3,1,1,2,4,4,4,3,3,5,6,2,1,6,66,1,2,1,2,3,0,1,0,1,1,1,0
999,20,2,4,4,3,4,0,0,0,0,0,0,0,0,0,0,1,2,2,3,2,5,5,3,3,2,3,1,2,3,4,2,5,5,6,0,4,2,3,1,5,2,3,3,2,3,4,3,2,2,3,2,3,4,3,4,12,1,10,7,66,1,2,1,1,5,1,1,1,0,0,0,0
1000,20,2,7,7,2,3,99,99,99,99,99,99,99,99,99,99,99,3,3,3,3,3,3,2,2,3,2,2,3,2,7,99,99,99,99,99,99,3,5,1,5,2,1,5,1,5,5,1,1,3,5,1,3,3,1,4,7,2,5,1,2,2,5,1,4,4,1,1,0,1,0,0,0
1001,20,1,2,2,2,2,1,0,0,0,0,0,0,0,0,0,0,1,2,3,3,4,4,4,5,2,2,3,3,2,99,6,6,6,6,7,6,3,4,1,4,3,1,5,1,2,1,1,2,3,4,4,3,3,5,4,1,2,11,7,66,2,2,1,2,5,1,1,0,0,0,0,0
1002,20,2,2,2,2,3,0,0,0,0,0,0,0,0,0,0,1,2,3,3,3,3,3,4,2,2,2,3,2,2,2,99,99,99,99,99,99,2,3,1,4,4,4,5,1,2,4,2,2,1,2,99,2,4,5,4,2,1,14,7,66,2,1,1,2,5,1,1,1,0,0,0,0
1003,20,2,2,2,2,3,0,0,0,0,0,0,0,0,0,0,1,2,2,2,3,3,3,3,3,2,2,2,2,1,2,2,8,7,5,3,5,3,3,2,4,3,2,3,2,3,3,3,3,1,3,2,2,3,3,2,2,2,7,2,3,2,4,1,4,99,1,1,0,1,0,0,0
1004,20,2,2,2,2,3,0,0,1,0,0,0,0,0,0,0,0,2,3,3,3,3,4,3,2,2,2,2,2,2,12,2,3,0,3,0,1,3,4,1,3,2,2,3,3,3,5,2,1,2,2,4,2,2,4,8,12,2,4,1,2,1,5,1,4,4,1,1,0,1,1,0,0
1005,20,1,1,3,3,3,0,1,1,0,0,0,0,0,0,0,0,2,3,3,3,3,3,2,2,3,1,1,3,2,1,8,5,8,7,6,5,2,3,2,4,3,3,5,2,3,2,1,2,2,4,3,2,3,4,2,3,2,9,5,66,2,2,1,6,4,0,1,0,1,1,1,0
1006,20,2,10,10,2,3,0,0,0,0,0,0,0,0,0,0,1,5,2,5,3,3,4,2,2,3,2,2,3,2,12,3,3,3,3,3,3,2,4,1,4,2,2,5,1,4,5,2,3,4,4,2,3,4,3,2,12,1,7,4,66,2,5,1,5,6,0,1,0,0,0,0,1
1007,20,2,4,4,1,4,0,0,1,0,1,0,1,0,0,0,0,4,4,2,2,2,2,2,2,2,1,1,2,2,4,99,99,99,99,99,99,3,3,3,1,1,1,5,2,4,3,5,5,2,3,3,5,3,5,4,4,2,11,7,66,2,2,1,4,4,1,1,0,0,0,1,0
1008,20,2,12,6,2,4,0,0,0,0,0,0,0,0,0,0,1,3,3,3,3,3,3,2,2,3,2,1,3,2,6,0,1,2,1,0,1,4,5,4,5,3,3,4,2,5,1,4,3,3,3,5,3,3,3,4,6,1,9,2,2,2,2,1,6,6,1,1,0,0,0,0,0
1009,20,2,1,1,3,3,0,0,0,0,0,0,0,0,0,0,1,2,2,2,2,2,2,2,2,3,2,2,2,2,1,5,2,2,2,2,2,2,3,2,3,2,3,4,4,3,3,2,2,3,3,3,3,4,3,2,1,2,8,1,1,2,5,1,5,3,1,1,0,1,1,0,0
1010,20,3,8,8,2,4,0,0,0,0,0,0,1,0,0,0,0,3,4,3,3,3,4,2,2,3,2,3,2,2,12,0,0,0,0,3,0,4,2,1,2,4,3,5,3,5,2,3,1,1,99,2,2,99,99,9,12,1,8,3,66,1,3,3,1,4,0,1,0,1,1,0,0
1011,20,1,7,7,2,2,0,0,0,0,0,0,0,0,1,0,0,2,1,2,2,5,5,2,4,3,2,2,1,1,7,5,4,3,6,10,8,3,3,1,3,3,1,4,1,5,5,5,1,3,2,1,1,1,1,4,1,2,14,7,66,3,2,1,3,4,1,1,1,0,0,0,0
1012,20,2,1,4,2,3,0,0,1,0,0,0,0,0,0,0,0,4,4,4,3,4,3,2,1,3,2,2,3,2,1,2,3,1,9,0,8,1,1,1,2,2,3,5,1,2,2,2,2,1,1,5,5,1,2,2,4,1,10,1,2,2,5,1,3,5,0,0,0,0,0,1,0
1013,21,3,12,2,2,3,0,1,0,1,0,0,0,0,0,0,0,2,2,3,3,3,4,3,2,1,2,2,5,2,12,6,1,1,7,6,7,3,3,1,3,4,2,2,1,3,2,3,3,2,3,4,3,2,5,3,12,2,11,7,66,3,2,1,1,5,1,1,1,1,0,0,0
1014,21,2,1,99,3,4,0,0,0,0,0,0,0,0,0,0,1,2,2,3,4,4,4,2,2,3,2,2,3,2,1,4,4,4,4,1,1,2,3,1,3,3,4,4,4,2,1,2,2,2,4,1,2,2,4,3,99,1,11,2,2,2,5,1,2,6,1,1,0,0,0,0,1
1015,21,3,1,1,3,3,0,1,0,0,0,0,0,0,0,0,0,3,2,3,3,3,3,5,3,3,3,3,2,2,1,6,4,5,4,5,4,3,4,2,4,3,3,4,1,3,3,3,3,3,4,3,3,3,5,5,1,2,6,1,3,2,3,1,4,5,0,1,0,0,0,0,0
1016,21,2,4,4,2,2,0,0,1,0,0,0,0,0,0,0,0,5,5,5,5,3,3,3,3,2,2,2,3,2,4,5,5,5,7,5,7,1,3,1,3,2,1,3,1,3,1,3,3,1,2,3,3,3,3,2,4,2,10,1,4,2,4,1,4,4,1,1,0,0,0,0,0
1017,21,2,6,6,3,3,0,0,0,0,0,0,0,0,0,0,1,3,3,3,3,3,3,2,2,2,2,1,3,2,6,3,3,3,3,3,3,2,4,2,3,1,1,5,1,4,3,3,3,2,3,3,3,3,2,2,6,1,10,3,66,2,1,1,2,4,1,1,0,1,0,1,0
1018,21,2,4,9,2,2,0,0,1,0,0,0,0,0,0,0,0,2,3,3,2,2,2,2,1,2,1,1,2,2,1,7,2,4,8,4,5,1,2,3,2,2,3,2,3,2,2,3,3,1,3,5,5,2,1,1,4,1,6,2,2,2,5,1,2,4,0,0,0,1,0,0,0
1019,21,2,3,3,2,3,0,1,0,0,0,0,0,0,0,0,0,2,2,2,2,3,3,2,2,3,2,1,3,2,1,7,7,9,7,7,5,2,3,2,4,3,3,3,2,2,2,2,2,2,4,4,3,3,5,3,3,2,13,7,66,3,1,1,2,4,0,1,0,0,0,0,0
1020,21,2,4,4,1,4,0,0,0,0,0,0,0,0,0,0,1,2,3,3,5,5,5,2,1,3,1,1,3,2,1,5,3,4,8,0,5,1,5,3,3,3,2,3,3,1,3,3,5,1,1,5,3,1,5,3,4,1,9,1,2,2,5,1,2,3,1,1,0,1,1,1,0
1021,21,2,1,1,3,2,0,0,0,0,0,0,0,0,0,0,1,2,2,3,3,3,4,2,2,3,2,1,2,1,1,8,0,0,0,0,0,3,3,3,4,3,3,4,1,3,2,2,1,3,3,3,3,3,3,4,1,2,8,5,66,2,4,1,2,4,1,1,0,1,1,0,0
1022,21,2,1,99,2,3,0,0,0,0,0,0,0,0,0,0,1,2,2,2,3,3,3,3,2,3,3,2,3,2,12,5,4,4,4,1,0,3,3,2,3,2,4,4,3,4,3,3,3,2,3,3,3,3,3,4,12,2,10,1,2,1,6,1,1,4,1,1,0,1,0,0,0
1023,21,2,2,6,2,4,0,0,0,0,0,0,0,0,0,0,1,2,2,2,2,2,3,1,1,3,2,3,2,1,12,0,2,0,0,0,0,2,5,2,4,3,2,5,1,5,3,1,1,3,3,4,4,3,2,2,6,2,3,1,2,1,5,4,1,4,0,0,0,1,1,0,0
1024,21,2,1,4,1,2,0,0,1,1,0,0,1,1,0,0,0,1,2,3,3,3,3,3,1,1,1,1,2,2,1,8,5,5,8,6,3,2,4,1,3,3,2,4,2,3,4,3,3,1,3,2,2,2,2,3,1,1,11,99,66,2,2,4,2,4,1,1,0,1,0,1,0
1025,21,2,11,99,2,3,0,0,0,0,0,0,0,0,0,0,1,3,3,3,4,4,4,2,2,2,2,2,2,2,12,3,2,2,2,2,2,4,5,2,4,2,2,1,1,1,2,1,1,3,2,2,3,2,1,5,12,1,7,1,1,2,5,1,4,3,1,1,0,1,1,1,0
1026,21,2,12,4,1,4,0,0,0,0,0,0,0,0,0,0,1,2,2,2,1,2,1,3,1,3,2,1,2,2,4,0,4,4,5,0,10,1,3,2,2,2,1,5,3,5,1,5,2,1,3,4,4,2,1,3,1,1,2,2,3,1,2,5,5,6,0,0,0,1,0,0,0
1027,21,2,4,4,2,3,0,1,1,0,0,0,0,0,0,0,0,2,2,2,2,2,2,2,2,2,1,1,2,2,4,5,5,6,6,5,5,3,3,3,4,3,2,1,1,2,1,2,2,3,3,3,3,3,3,2,4,2,9,1,3,2,3,1,3,4,0,1,0,1,0,0,0
1028,21,2,1,99,3,3,0,0,0,0,0,0,0,0,0,0,1,3,3,3,4,4,4,2,2,2,1,1,3,2,12,5,5,5,5,5,5,4,2,2,2,2,3,3,2,3,3,1,1,3,2,4,3,3,3,5,12,2,4,1,1,2,2,2,3,4,0,1,0,1,1,1,0
1029,21,2,6,6,2,3,0,0,0,1,0,0,0,0,0,0,0,2,2,2,2,3,3,2,2,3,2,1,3,2,6,6,7,5,6,2,3,2,3,1,4,2,3,5,1,5,1,1,2,1,3,2,2,3,3,5,6,1,5,2,1,2,2,1,5,4,0,1,0,0,0,0,0
1030,21,1,4,1,2,2,0,0,1,1,0,0,0,0,0,0,0,2,2,3,2,4,4,2,3,2,2,3,2,1,1,5,4,2,8,7,6,2,3,1,2,1,1,2,3,4,1,3,1,2,2,4,2,3,4,1,5,1,3,2,2,1,4,1,2,5,0,0,0,1,0,0,0
1031,21,2,99,99,1,3,1,1,1,0,0,0,0,0,0,0,0,3,1,3,3,3,3,3,3,2,2,1,3,2,3,3,4,9,4,3,3,3,3,2,4,3,3,3,2,3,3,2,2,1,3,3,3,3,3,4,3,2,10,1,4,2,5,1,2,5,0,1,0,1,0,0,0
1032,21,1,1,1,2,2,1,1,1,0,0,0,0,0,0,0,0,2,2,2,2,5,2,2,2,4,1,3,2,3,1,8,5,6,5,3,3,2,2,1,4,3,2,5,2,3,2,4,3,1,4,5,4,1,2,4,7,2,7,5,66,2,2,1,2,4,0,0,0,1,1,1,0
1033,21,2,6,3,2,3,0,1,0,0,0,0,0,0,0,0,0,3,3,3,3,3,3,2,2,2,1,1,2,1,3,3,5,9,5,3,5,1,3,1,5,3,2,1,3,1,3,3,3,3,2,2,3,2,3,4,6,1,4,1,3,1,2,1,4,5,0,1,0,1,0,0,0
1034,21,2,4,4,2,4,0,0,0,0,0,0,0,0,0,0,1,2,2,2,2,2,2,1,2,3,2,3,2,2,12,3,5,3,5,1,5,1,3,1,4,2,2,2,2,3,1,1,1,3,3,4,3,3,2,2,12,2,1,6,66,1,5,1,4,4,0,1,0,1,1,1,0
1035,21,2,4,4,2,3,0,0,0,0,0,0,0,0,0,0,1,3,3,3,3,3,3,2,2,3,2,2,2,2,4,0,0,0,10,0,0,3,2,1,3,2,4,5,1,5,1,3,2,1,4,5,2,3,4,2,4,1,6,8,66,2,3,1,4,4,0,1,1,1,0,1,0
1036,21,2,6,6,1,4,0,0,0,0,0,0,0,0,0,0,1,3,4,3,2,2,2,1,2,3,2,2,3,2,6,0,0,0,0,0,0,3,5,1,3,2,2,5,1,5,3,4,4,2,4,1,3,3,5,6,6,1,7,7,66,1,2,4,3,6,0,0,0,1,1,1,0
1037,21,1,1,1,3,2,0,1,0,1,0,0,0,0,0,0,0,2,2,3,3,4,4,3,3,2,2,1,2,2,1,5,5,5,5,5,5,1,3,1,3,1,3,4,2,3,3,2,1,1,3,3,2,3,3,2,1,2,8,1,3,2,2,1,3,5,1,1,0,1,0,0,0
1038,21,2,2,2,1,3,0,0,0,0,0,0,0,0,0,0,1,4,4,4,3,2,2,1,1,1,2,1,3,2,2,99,99,99,99,99,99,1,1,1,1,1,3,3,1,5,4,1,1,1,3,5,2,5,4,9,2,1,3,4,66,1,4,2,1,7,0,0,0,1,0,0,0
1039,21,2,3,99,2,3,0,0,0,0,0,0,0,0,0,0,1,3,3,5,3,3,4,2,2,2,1,1,5,2,12,4,5,5,3,3,3,1,2,3,3,2,4,3,1,3,4,2,1,1,3,3,2,3,2,3,12,2,9,1,2,1,3,4,1,4,1,1,0,1,1,0,0
1040,22,2,12,2,2,3,0,0,0,0,0,0,0,0,0,0,1,1,3,3,3,3,3,2,2,3,2,2,3,2,12,3,5,5,5,4,5,4,5,1,4,2,2,5,1,5,5,1,1,5,5,2,4,2,5,2,1,2,6,2,3,1,5,4,3,5,1,1,0,0,0,0,0
1041,22,1,1,1,2,2,0,1,0,0,0,0,0,0,0,0,0,3,3,3,3,3,3,3,3,2,1,1,3,2,1,7,0,7,1,7,0,2,2,1,5,2,2,4,5,2,3,2,2,1,3,3,1,1,1,4,3,2,14,5,66,3,2,1,1,4,1,1,0,1,0,0,0
1042,22,2,1,6,2,4,0,0,1,0,1,0,0,0,0,0,0,3,4,3,2,2,2,2,2,3,1,1,3,2,4,5,0,5,8,0,3,1,2,2,4,2,2,4,1,2,3,4,4,2,3,3,3,4,4,2,4,1,4,2,3,1,2,1,3,4,0,1,0,1,1,1,0
1043,22,2,6,4,2,3,0,0,0,0,0,0,0,0,0,0,1,2,4,5,3,2,2,2,1,3,1,1,3,2,6,0,0,5,7,0,1,1,2,2,3,1,1,5,3,2,3,5,2,2,3,3,2,4,1,4,6,2,5,2,2,2,2,4,2,6,0,0,0,1,0,1,0
1044,22,2,3,3,2,4,1,1,1,0,0,0,0,0,0,0,0,3,3,3,3,2,3,3,1,4,2,1,3,1,3,0,10,10,10,0,10,1,1,2,1,2,1,5,5,5,1,1,1,3,1,1,3,3,3,5,3,2,5,5,66,2,2,3,4,4,0,0,0,1,0,0,0
1045,22,2,4,4,2,3,0,0,0,0,0,0,0,0,0,0,1,2,2,2,2,2,2,2,2,2,2,1,3,2,2,0,5,3,5,0,3,1,3,1,4,3,2,4,1,4,3,1,1,1,2,4,2,1,5,9,4,2,6,1,2,2,5,2,5,4,0,1,0,0,0,0,0
1046,22,3,99,99,5,5,0,1,0,0,0,0,0,0,0,0,0,2,3,3,3,3,3,3,4,2,1,3,5,3,3,0,0,5,0,0,2,3,3,2,4,99,2,5,1,5,3,4,4,3,3,3,5,3,3,6,3,2,12,5,66,2,2,3,2,6,0,1,0,0,0,0,0
1047,22,2,12,99,4,4,0,0,0,0,0,0,0,0,0,0,1,4,4,4,4,4,2,2,2,3,2,2,2,2,12,99,99,99,99,99,99,1,1,3,3,3,3,5,1,5,3,3,1,3,3,3,3,3,3,4,99,2,7,5,66,2,2,5,5,5,0,0,0,0,0,1,0
1048,22,2,12,1,3,3,0,0,1,0,0,0,0,0,0,0,0,2,2,3,3,3,3,3,3,2,3,1,2,2,1,7,3,6,5,3,3,2,1,3,3,3,3,4,2,3,3,1,2,1,3,4,3,3,4,2,1,2,10,7,66,2,2,1,2,4,0,1,0,0,0,0,0
1049,22,1,1,1,2,3,0,1,0,0,0,0,0,0,0,0,0,3,3,3,4,4,4,4,4,2,2,1,3,2,1,8,0,6,0,9,10,3,2,5,5,1,3,5,1,3,2,5,5,2,2,3,1,3,3,4,3,2,11,1,3,2,4,1,2,4,0,1,0,0,0,0,0
1050,22,2,12,4,1,2,0,0,1,0,0,0,0,1,0,0,0,3,3,4,3,4,4,2,2,3,1,1,3,2,4,5,0,2,10,2,1,1,2,3,2,1,1,4,4,2,3,5,5,1,1,5,5,5,5,3,4,1,2,6,66,1,5,4,1,5,0,1,1,1,1,1,0
1051,22,3,2,2,2,3,0,0,0,0,0,0,0,0,0,0,1,3,3,3,4,4,4,3,3,2,3,3,3,3,12,99,99,99,99,99,99,3,3,2,3,3,3,3,2,3,3,3,2,2,3,3,2,3,4,3,12,2,13,7,66,1,2,5,2,4,1,1,0,1,0,0,0
1052,22,1,4,4,2,3,0,0,1,0,0,0,0,0,0,0,0,2,3,4,3,4,4,4,4,1,2,2,3,2,12,1,5,0,6,7,7,3,5,1,3,1,2,1,1,2,5,2,1,3,5,2,2,3,5,4,4,2,10,1,1,2,6,1,3,3,1,1,0,0,0,0,0
1053,22,1,12,1,2,2,0,0,0,0,0,0,0,0,0,0,1,2,2,2,2,3,3,3,3,2,2,2,3,2,1,5,5,5,5,6,4,2,3,1,1,1,3,3,3,3,3,3,4,3,3,4,2,3,5,3,12,2,15,7,66,3,2,1,1,3,1,1,0,0,0,0,0
1054,22,2,1,1,3,4,0,0,0,0,0,0,0,0,0,0,1,2,3,3,3,3,3,2,2,3,2,1,2,2,1,99,99,99,99,99,99,2,3,1,3,3,2,3,4,4,3,2,2,2,2,3,3,4,5,5,12,2,5,2,2,2,6,1,4,4,0,1,0,1,0,0,0
1055,22,1,4,4,1,1,0,0,1,0,0,0,0,0,0,0,0,1,1,2,2,2,2,2,2,1,1,1,2,2,4,6,6,6,8,7,6,1,2,2,4,3,4,2,2,3,3,4,4,3,2,5,2,2,4,6,12,1,7,1,2,2,5,1,5,4,1,1,0,0,0,0,0
1056,22,2,3,4,3,5,0,0,0,0,0,0,0,0,0,0,1,3,3,3,3,4,4,5,2,3,2,1,1,2,12,5,4,6,6,5,4,5,5,1,5,4,3,99,1,1,3,1,1,3,3,2,1,3,3,4,4,1,6,2,2,3,2,1,4,6,0,1,0,1,1,0,0
1057,22,1,1,1,1,2,0,0,0,1,0,0,0,0,0,0,0,3,2,3,2,4,4,4,4,1,1,1,3,2,1,7,1,1,1,7,0,2,1,2,3,3,3,4,3,2,3,3,2,1,2,2,2,1,2,3,1,2,14,7,66,2,2,1,2,5,1,1,0,1,0,0,0
1058,22,1,1,1,2,2,0,0,1,1,0,0,0,0,0,0,0,2,2,2,2,5,5,2,2,2,2,2,3,3,1,10,1,1,8,10,5,2,2,2,2,2,2,5,4,4,3,3,3,3,3,3,3,3,3,4,1,2,10,8,66,3,2,1,3,5,0,1,0,1,0,0,0
1059,22,2,1,4,2,3,1,0,1,0,0,0,0,0,0,0,0,2,2,3,2,3,3,3,3,2,1,1,3,2,1,5,4,3,4,0,2,2,4,1,3,3,1,4,4,2,3,3,3,3,4,5,2,4,3,2,2,1,11,3,66,2,5,1,3,3,1,1,0,1,0,0,0
1060,22,2,4,4,2,4,0,0,0,0,0,0,0,0,0,0,1,3,4,2,2,4,4,3,3,1,2,2,1,1,12,2,5,7,7,0,2,4,2,2,4,2,4,2,2,2,3,2,4,1,2,5,2,3,3,2,4,1,7,2,2,2,2,1,6,2,1,0,0,1,0,0,0
1061,22,1,1,1,2,3,0,0,0,0,0,0,0,0,0,0,1,2,2,2,2,5,5,3,3,2,2,3,3,3,1,7,5,5,5,6,5,3,3,3,3,3,3,4,2,3,4,4,2,3,3,3,3,3,3,4,1,2,11,2,4,2,4,1,2,3,1,1,1,1,0,0,0
1062,22,1,3,3,2,3,0,1,0,0,0,0,0,0,0,0,0,2,2,3,2,3,3,2,1,2,2,1,2,1,1,7,6,8,6,7,7,3,1,1,4,1,2,2,2,2,2,1,1,2,2,4,2,2,2,3,3,1,7,1,2,2,5,1,5,3,0,0,0,1,0,0,0
1063,22,1,4,4,2,2,0,1,1,0,0,0,0,0,0,0,0,1,2,3,3,4,4,3,4,1,1,1,2,2,1,6,0,6,6,5,0,2,1,3,4,2,2,5,1,5,2,2,1,1,2,5,3,4,1,4,4,1,13,7,66,2,2,1,3,6,1,1,0,1,0,0,0
1064,22,2,12,2,3,3,1,1,1,0,0,0,0,0,0,0,0,2,2,2,5,5,5,2,2,2,2,1,3,1,1,4,6,6,6,4,6,3,3,2,3,2,3,2,2,3,3,2,2,2,3,2,2,2,3,3,1,2,12,7,66,3,2,4,1,5,1,1,0,0,0,0,0
1065,22,2,2,4,1,4,0,0,0,0,0,0,0,0,0,0,1,4,4,4,2,2,2,1,1,2,1,1,4,2,4,0,0,0,10,0,0,1,4,4,1,4,5,5,1,5,3,2,2,1,2,4,5,4,5,8,4,1,9,1,2,1,2,2,1,5,0,0,0,1,1,1,0
1066,22,1,1,1,3,3,0,0,1,1,0,0,0,0,0,0,0,2,2,3,3,3,3,3,3,2,2,2,3,2,1,7,99,99,3,7,3,3,3,2,3,3,3,3,2,3,3,4,4,3,3,3,3,4,3,2,1,1,13,1,2,3,2,1,1,4,1,1,0,0,0,0,0
1067,22,1,5,5,1,2,0,1,1,1,0,0,0,0,0,0,0,1,1,3,4,4,4,3,1,1,3,1,3,2,5,3,2,4,5,8,0,2,4,2,4,3,3,2,1,2,2,1,1,2,4,4,1,1,5,8,5,1,12,2,4,4,1,4,2,4,1,1,1,0,0,0,0
1068,22,3,4,4,2,3,0,0,0,0,0,0,0,0,0,0,1,3,3,3,3,4,4,3,3,2,3,1,3,2,12,2,7,6,8,4,6,1,1,2,3,2,3,3,2,5,3,3,3,1,4,4,2,2,4,9,12,2,10,1,2,2,3,1,4,5,1,1,0,0,0,0,0
1069,22,1,1,1,3,2,0,1,0,1,0,0,0,0,0,0,0,2,2,2,3,3,3,3,2,2,3,1,3,3,1,6,5,4,3,9,8,2,3,2,4,2,3,3,3,3,3,3,3,3,3,3,2,3,3,4,2,2,12,7,66,2,2,1,2,4,0,1,0,1,0,0,1
1070,22,2,12,1,3,3,0,0,0,0,0,0,0,0,0,0,1,2,3,4,3,4,4,2,2,3,1,1,2,2,1,7,1,3,1,2,0,1,2,5,4,3,2,3,1,3,1,2,2,1,2,5,3,3,3,2,1,1,6,2,2,1,5,4,1,6,0,0,0,1,0,0,0
1071,22,3,2,2,4,2,0,0,0,0,0,0,0,0,0,0,1,2,3,3,3,1,2,2,2,3,2,1,3,1,12,5,5,5,5,5,0,2,4,4,4,2,2,2,1,3,2,1,2,2,2,2,2,2,2,2,2,2,3,1,2,1,5,1,4,4,0,1,0,1,1,0,0
1072,22,1,1,2,2,2,1,0,0,0,0,0,0,0,0,0,0,2,2,3,3,3,3,2,2,2,1,1,3,2,2,5,6,5,5,5,5,2,4,1,5,2,1,2,1,2,5,3,5,2,3,1,2,3,3,3,2,2,11,1,3,2,3,1,2,4,1,1,0,1,0,1,0
1073,22,2,6,11,3,4,0,0,0,0,0,0,0,0,0,0,1,2,4,4,2,3,1,1,1,3,1,1,2,1,12,0,3,3,3,0,3,4,1,1,4,3,1,2,1,4,2,1,1,1,4,3,3,3,5,5,6,2,5,1,2,2,2,3,6,6,0,0,0,1,0,1,0
1074,22,2,6,9,1,4,0,0,0,0,0,0,0,0,0,0,1,4,4,3,3,2,2,1,1,2,2,2,3,2,6,0,0,0,5,0,0,5,5,1,3,1,1,5,1,5,5,3,1,1,5,1,1,3,5,8,6,2,3,3,66,2,6,2,4,5,1,0,0,1,1,1,0
1075,22,3,99,1,2,3,0,1,0,0,0,0,1,0,0,0,0,2,3,3,3,4,3,1,1,2,1,1,4,2,1,8,0,7,5,7,7,2,3,2,4,2,2,2,1,2,2,2,2,4,1,4,3,4,2,2,1,1,5,1,2,2,2,1,6,4,1,1,1,1,0,1,0
1076,22,1,2,2,1,3,1,0,0,0,0,0,0,0,0,0,0,2,2,3,4,4,4,4,4,1,2,2,3,2,2,3,5,0,0,5,5,5,5,1,4,3,4,4,1,5,4,2,2,2,4,1,1,3,5,8,12,2,14,7,66,3,2,5,1,7,1,1,0,0,0,0,0
1077,22,1,1,1,2,2,0,0,0,0,0,0,0,0,0,0,1,2,2,5,5,5,5,5,5,5,2,2,2,1,1,8,5,5,5,8,5,99,1,1,5,1,5,5,1,5,5,1,1,1,1,5,5,1,5,4,1,99,15,7,66,2,2,1,3,4,1,1,0,0,0,0,0
1078,22,2,1,4,2,2,0,1,1,1,0,0,0,0,0,0,0,2,2,5,5,2,5,5,2,3,2,1,2,1,1,99,99,99,99,99,99,2,3,1,3,2,2,5,2,2,4,5,3,3,3,4,2,3,4,2,1,1,15,7,66,3,2,1,1,5,1,1,0,0,0,0,0
1079,22,1,12,1,2,2,0,0,0,1,0,0,0,0,0,0,0,2,3,3,2,2,2,4,2,3,2,2,2,1,1,10,8,3,9,10,7,1,1,1,5,1,3,5,3,2,4,3,3,2,2,3,3,3,4,5,1,1,7,7,66,1,5,1,4,4,1,1,0,1,0,1,0
1080,22,1,1,1,2,2,1,0,1,0,0,0,0,0,0,0,0,2,3,3,3,3,4,3,3,2,2,2,3,2,1,7,6,4,6,6,6,2,3,3,3,3,3,3,2,3,2,4,4,1,3,3,3,3,5,1,1,2,10,2,3,2,4,1,3,6,1,1,0,1,0,0,0
1081,22,2,12,1,3,3,0,0,0,0,0,0,0,0,0,0,1,2,2,3,2,3,3,3,3,2,2,1,3,2,12,3,0,3,3,0,0,3,3,3,3,3,3,3,2,3,3,2,2,3,3,3,3,3,3,2,12,1,9,2,3,2,1,4,3,6,0,1,0,0,0,0,0
1082,22,2,12,7,3,4,0,0,0,0,0,0,0,0,0,0,1,3,3,3,3,2,2,2,2,3,2,2,2,2,7,4,4,5,5,3,3,2,4,1,4,3,3,5,3,4,2,1,1,4,4,2,4,3,3,3,7,1,1,1,2,1,2,4,4,4,0,1,0,1,1,1,0
1083,22,3,12,1,2,3,0,0,0,0,0,0,0,0,0,0,1,2,2,2,3,3,3,2,3,3,1,3,2,3,1,5,1,2,1,3,2,2,2,1,3,5,3,2,2,3,4,3,3,2,3,5,2,5,5,4,1,1,7,2,2,3,3,1,3,4,1,1,0,0,0,0,0
1084,22,1,1,2,2,2,99,99,99,99,99,99,99,99,99,99,99,1,2,2,2,3,3,2,2,2,2,1,2,2,2,6,7,3,4,5,0,1,3,2,4,2,2,2,2,2,3,2,1,3,2,2,3,3,2,1,2,2,3,1,2,2,5,4,2,3,1,1,0,1,0,0,0
1085,22,2,2,2,3,4,1,1,0,0,0,0,0,0,0,0,0,4,4,4,4,4,4,4,3,1,1,1,3,2,2,99,99,99,99,99,99,4,4,99,3,2,5,5,2,4,1,5,4,4,5,5,5,5,5,9,2,2,13,7,66,2,3,1,2,5,0,1,0,0,0,0,0
1086,22,3,11,9,3,3,0,0,0,0,0,0,0,0,0,0,1,3,3,3,2,2,2,2,2,3,1,3,3,2,12,5,3,3,5,3,3,2,3,3,3,2,2,4,2,3,2,3,4,1,3,3,4,3,4,2,9,1,8,3,66,2,3,1,4,6,0,0,0,1,0,1,0
1087,22,2,4,4,3,2,0,0,0,0,0,0,0,0,0,0,1,2,2,2,5,5,5,5,5,5,1,1,2,1,1,6,1,1,5,1,0,1,3,2,3,2,2,5,3,4,4,5,5,1,2,4,4,4,2,4,4,2,15,7,66,2,1,1,2,5,1,1,0,0,0,0,0
1088,22,2,12,6,3,4,0,0,0,0,0,0,0,0,0,0,1,3,3,3,3,3,3,5,4,4,1,1,4,2,12,0,0,0,0,0,0,3,3,3,3,3,3,5,1,5,3,5,3,1,3,1,5,3,3,8,12,2,11,7,66,3,1,2,1,7,0,1,0,1,0,0,0
1089,23,2,9,4,2,3,0,0,0,0,0,0,0,0,0,0,1,2,2,2,3,4,3,3,2,1,1,1,3,2,1,5,3,0,7,2,0,1,1,3,5,1,2,5,3,3,1,3,4,2,2,5,5,3,3,2,12,1,3,7,66,1,1,1,5,6,0,1,0,0,0,1,0
1090,23,1,1,99,2,3,0,0,0,0,0,0,0,0,0,0,1,2,3,3,3,3,3,3,3,2,1,1,2,2,12,5,4,3,3,6,5,3,2,2,3,3,2,3,2,2,2,3,3,2,3,3,3,3,3,4,12,2,11,5,66,2,2,1,2,4,1,1,0,0,0,0,0
1091,23,2,4,4,2,3,0,0,0,0,0,0,0,0,0,0,1,2,3,3,3,3,2,1,1,2,1,1,3,2,1,3,5,4,6,2,3,2,2,4,4,2,1,4,5,1,1,3,1,1,1,4,2,1,5,5,4,1,2,2,2,1,2,1,4,5,0,1,0,1,0,0,0
1092,23,2,11,4,2,3,0,0,0,0,0,0,0,0,0,0,1,3,3,3,3,3,3,5,3,3,3,1,3,2,12,4,4,4,4,4,4,3,3,3,3,2,3,4,3,4,2,2,1,3,3,3,3,3,3,8,12,2,2,6,66,1,5,4,1,4,0,1,1,1,1,0,0
1093,23,1,1,1,1,2,1,1,1,1,0,0,0,0,0,0,0,2,2,2,3,3,3,2,2,2,2,2,2,1,2,8,5,6,5,7,5,3,3,2,4,1,2,4,2,2,3,3,2,2,4,5,4,3,4,5,2,2,12,1,3,2,4,2,2,3,0,1,1,1,0,0,0
1094,23,2,12,2,2,3,0,0,0,0,0,0,0,0,0,0,1,2,3,3,3,3,3,2,2,3,2,3,2,2,1,5,5,5,5,0,5,2,3,1,4,2,3,4,2,2,3,1,1,2,3,3,2,3,4,4,1,2,5,1,1,1,4,4,1,4,1,1,1,1,1,0,0
1095,23,1,7,7,3,3,0,0,0,0,0,0,0,0,0,0,1,2,2,2,2,3,2,2,2,2,2,2,3,2,1,5,0,0,0,5,0,5,5,1,5,3,5,5,3,5,5,1,1,1,1,1,3,3,5,2,1,1,8,2,3,2,5,1,3,4,1,1,0,1,0,1,0
1096,23,2,1,3,2,3,1,1,0,0,0,0,0,0,0,0,0,2,4,2,2,3,4,3,2,2,1,1,2,2,12,4,4,5,2,2,2,2,2,1,4,2,2,2,2,2,2,2,5,2,2,5,4,2,5,5,2,2,5,1,2,2,5,1,3,5,1,1,0,1,0,0,0
1097,23,1,12,1,3,4,1,0,0,0,0,0,0,0,0,0,0,3,2,3,2,4,4,4,4,1,2,2,3,2,1,8,8,0,5,8,5,5,1,1,1,2,2,4,2,5,2,2,1,5,1,1,3,1,5,2,1,1,10,1,2,2,5,1,4,4,1,1,0,0,0,0,0
1098,23,2,4,4,2,3,0,0,1,0,0,0,0,0,0,0,0,5,3,3,3,3,5,5,2,2,1,1,2,2,4,3,6,6,8,0,0,2,3,3,3,1,2,3,3,3,2,3,3,1,3,4,2,3,4,2,4,2,5,1,3,2,2,1,3,5,0,0,0,0,1,0,0
1099,23,1,1,1,2,3,1,1,0,0,0,0,0,0,0,0,0,2,2,3,3,4,3,5,2,2,2,1,2,2,1,99,99,99,99,99,99,2,5,1,3,2,2,4,3,4,1,1,1,1,2,3,2,3,3,2,12,2,4,1,3,2,3,1,3,3,0,1,0,1,1,0,0
1100,23,2,1,1,2,3,0,0,0,0,0,0,0,0,0,0,1,2,5,3,5,4,4,2,5,3,1,1,4,2,2,5,5,4,5,4,5,1,3,2,3,2,3,4,3,3,3,3,2,2,3,4,3,3,3,2,1,1,4,2,2,2,6,1,3,4,1,0,0,0,0,0,1
1101,23,2,9,9,2,3,0,0,0,0,0,0,0,0,0,0,1,5,3,5,3,5,3,2,2,3,2,2,3,2,4,0,2,2,7,0,0,3,3,1,4,2,1,5,1,4,5,2,2,1,3,1,3,2,5,4,4,1,10,1,2,2,5,4,2,4,0,1,0,1,0,1,0
1102,23,1,1,1,2,2,0,0,0,1,0,0,0,0,0,0,0,2,3,2,2,2,2,2,2,2,1,3,2,2,1,7,2,2,2,5,1,1,3,2,3,3,3,3,2,3,3,3,2,1,3,4,3,3,4,1,1,1,13,7,66,2,2,1,3,5,1,0,0,1,0,1,0
1103,23,2,4,4,2,2,0,0,1,0,0,0,0,0,0,0,0,2,3,3,2,3,3,1,2,3,1,1,3,2,1,4,3,6,8,1,1,2,2,4,3,4,2,4,4,4,1,1,1,1,1,5,3,3,2,1,4,1,11,8,66,1,2,4,1,5,1,1,0,1,0,1,0
1104,23,2,2,4,2,3,0,0,1,0,0,0,0,1,0,0,0,2,2,3,2,3,4,2,2,2,2,2,3,2,4,0,0,0,10,0,0,2,2,2,3,2,2,5,2,2,3,5,5,1,3,5,3,3,3,4,4,1,11,7,66,2,2,1,3,5,1,1,0,0,0,1,0
1105,23,2,1,4,3,3,0,0,0,0,0,0,0,0,0,0,1,2,3,2,2,2,2,2,1,1,1,2,1,2,12,1,3,3,5,5,5,2,5,4,5,1,2,3,1,2,4,5,5,2,3,2,5,2,5,2,1,1,2,6,66,1,5,1,3,4,0,0,0,0,1,0,0
1106,23,2,4,4,2,2,0,0,0,0,0,0,0,0,0,0,1,4,4,4,4,4,4,2,2,3,1,1,4,2,4,5,0,0,10,5,0,1,5,5,5,1,1,5,5,1,1,5,1,1,1,5,5,3,1,2,4,1,9,2,2,2,2,1,4,4,1,1,0,1,0,0,0
1107,23,2,3,3,2,3,1,1,0,0,1,0,0,1,1,0,0,3,2,2,2,2,2,3,2,2,1,1,3,2,12,5,6,4,7,0,8,4,3,99,4,3,5,4,4,4,5,5,5,3,2,4,4,3,4,2,10,2,15,5,66,3,2,3,2,7,1,1,1,0,1,0,0
1108,23,3,5,5,2,2,99,99,99,99,99,99,99,99,99,99,99,5,5,5,5,5,5,5,5,5,3,3,5,3,12,5,3,0,0,3,0,3,4,5,3,99,2,4,3,3,1,2,5,99,1,5,5,5,5,2,5,99,99,99,66,4,7,5,99,99,0,0,0,0,0,0,1
1109,23,1,1,1,3,2,1,1,0,0,0,0,0,0,0,0,0,3,3,3,3,3,3,3,3,2,2,1,2,2,1,9,7,8,6,9,7,2,4,1,3,3,2,4,1,4,1,3,3,2,2,2,3,4,2,2,1,2,9,5,66,2,4,1,4,4,1,1,0,1,0,0,0
1110,23,2,9,9,2,2,0,0,0,0,0,0,0,0,0,0,1,2,2,3,2,3,3,2,2,2,3,1,2,2,1,5,5,5,5,1,2,3,2,2,1,2,3,3,3,3,2,3,2,2,4,3,4,3,4,4,9,1,9,7,66,1,2,2,1,6,0,0,0,1,0,1,0
1111,23,1,5,5,2,3,0,0,0,0,0,0,0,0,0,0,1,2,3,3,3,3,4,3,3,2,1,1,3,2,1,5,4,4,5,8,5,1,2,4,5,5,3,2,2,2,3,2,1,2,99,4,3,4,2,1,12,1,12,2,2,2,5,1,4,5,0,1,0,1,0,0,0
1112,23,2,12,99,4,4,0,0,0,0,0,0,0,0,0,0,1,3,3,3,3,4,4,1,4,4,1,1,2,2,12,0,0,0,0,0,0,1,1,1,1,3,5,5,5,5,1,5,3,1,1,5,3,3,5,2,12,1,8,2,2,2,5,1,4,7,1,1,0,1,0,0,0
1113,23,1,1,1,2,2,0,1,0,1,0,0,0,0,0,0,0,2,2,2,2,2,2,2,2,2,1,2,2,2,1,10,5,5,5,10,5,2,2,2,3,2,2,2,2,2,2,4,4,3,99,4,3,2,3,3,1,1,12,2,3,3,2,4,1,4,0,1,0,1,0,1,0
1114,23,2,2,2,2,3,0,0,0,0,0,0,0,0,0,0,1,3,3,3,3,5,5,3,3,2,2,3,3,2,2,5,8,3,3,5,8,3,3,2,3,3,2,4,2,4,3,2,2,2,3,3,3,2,4,4,2,1,13,7,66,2,2,2,2,4,1,1,0,1,0,0,0
1115,23,3,8,8,3,3,99,99,99,99,99,99,99,99,99,99,99,2,3,2,2,2,2,2,2,2,3,1,5,2,99,99,99,99,99,99,99,3,3,3,3,3,2,4,1,5,4,3,2,2,4,3,4,4,3,2,99,2,9,5,66,2,2,2,3,4,0,1,0,1,0,1,0
1116,23,2,12,3,3,3,0,0,0,0,0,0,0,0,0,0,1,2,3,3,3,4,4,4,3,2,1,1,2,2,12,5,5,7,5,5,5,1,3,3,3,2,3,3,2,3,2,1,1,2,3,4,2,2,5,3,3,1,5,2,2,2,5,1,2,5,1,1,0,1,0,0,0
1117,23,3,4,2,3,2,0,0,0,0,0,0,0,0,0,0,1,2,2,3,3,3,3,5,5,5,3,3,3,2,1,99,99,99,99,99,99,3,3,3,3,3,3,5,2,3,4,2,1,2,3,2,2,3,3,3,12,2,12,5,66,2,2,1,2,6,1,1,0,0,0,0,0
1118,23,2,4,99,1,3,0,0,0,0,0,0,0,0,0,0,1,1,2,3,2,4,4,5,1,5,2,1,2,2,1,7,3,6,6,2,0,4,5,1,5,1,5,2,3,3,4,4,2,3,3,5,1,4,1,2,4,1,6,2,2,2,2,1,3,3,0,1,0,0,1,0,0
1119,23,1,4,2,1,3,1,0,0,0,0,0,0,0,0,0,0,1,2,2,3,4,4,3,2,1,2,2,4,2,2,7,8,4,3,8,9,2,2,1,3,4,5,2,3,4,2,2,1,1,2,5,2,2,3,6,1,1,8,1,2,2,5,1,3,3,1,1,0,0,0,0,0
1120,23,2,12,6,2,3,0,0,0,0,1,0,0,0,0,0,0,3,3,3,3,3,3,3,2,2,1,1,2,1,6,5,5,5,5,5,1,2,3,3,4,2,3,4,3,5,4,2,2,2,2,4,4,2,2,2,6,1,8,1,2,2,5,1,4,4,1,1,0,1,0,1,0
1121,23,2,4,4,2,3,0,1,1,0,0,0,0,0,0,0,0,2,2,3,2,4,3,2,2,3,2,2,2,1,4,3,3,8,10,3,3,3,3,1,5,1,1,5,3,4,1,1,1,3,2,3,3,3,2,3,4,2,7,5,66,2,4,1,3,4,1,1,0,1,0,0,0
1122,23,1,5,5,2,2,0,0,1,1,0,0,0,0,0,0,0,2,3,3,3,3,3,2,2,3,2,2,2,1,5,6,3,3,4,7,2,4,4,1,4,2,2,4,2,3,4,3,2,2,4,2,2,3,4,5,5,1,10,2,3,2,2,1,3,4,1,1,0,1,0,0,0
1123,23,2,12,6,3,3,0,0,0,0,0,0,0,0,0,0,1,2,2,2,2,2,2,2,2,3,1,1,2,2,12,5,5,5,5,4,4,3,3,3,3,3,2,2,3,4,2,2,2,2,2,4,3,3,3,2,6,1,6,1,2,2,2,1,5,4,0,0,0,1,0,1,0
1124,23,2,2,2,3,3,0,0,0,0,0,0,0,0,0,0,1,3,3,3,3,3,3,2,3,4,1,1,3,2,2,99,99,99,99,99,99,2,4,3,3,1,3,4,3,3,3,2,3,2,3,3,2,3,2,5,2,1,13,2,2,3,2,3,5,4,0,1,1,0,0,0,0
1125,23,2,12,6,4,4,0,0,0,0,0,0,0,0,0,0,1,4,4,4,4,3,3,2,2,3,2,1,3,2,6,0,0,2,0,0,2,3,3,1,3,3,3,5,3,5,3,3,3,3,3,3,3,3,3,2,12,2,8,5,66,3,2,4,1,7,0,0,0,0,0,1,0
1126,23,1,1,1,3,3,0,0,0,0,0,0,0,0,0,0,1,2,2,2,2,3,3,2,2,2,2,2,1,1,1,8,0,0,5,5,0,1,4,2,99,3,3,3,3,3,3,3,3,3,3,3,3,3,3,5,1,2,4,2,2,2,2,1,4,4,0,1,0,1,1,1,0
1127,23,3,4,4,2,1,0,0,1,0,0,0,0,0,0,0,0,2,2,2,2,2,3,2,2,2,2,2,3,2,1,6,5,4,8,5,5,2,3,1,5,1,1,3,2,2,4,1,1,2,2,3,3,3,4,2,1,1,10,8,66,2,5,1,2,4,1,1,1,1,0,0,0
1128,23,2,4,99,2,3,0,0,0,0,0,0,0,0,0,0,1,4,4,3,4,2,2,5,2,2,2,1,2,2,12,0,0,0,0,0,0,3,3,2,3,3,3,3,2,3,3,1,1,3,3,2,3,2,2,8,12,2,5,1,2,2,4,2,3,5,0,0,0,0,1,1,0
1129,23,1,1,1,2,3,1,0,0,0,1,0,0,0,0,0,0,2,2,3,3,4,2,4,2,2,1,1,3,1,1,4,3,3,2,9,9,2,4,2,5,1,1,1,3,4,3,3,4,2,3,4,2,3,1,2,12,1,8,3,66,2,1,1,2,3,1,1,0,1,0,0,0
1130,23,2,2,2,5,3,1,0,0,0,0,0,0,0,0,0,0,3,2,3,2,3,3,3,2,2,2,1,3,2,2,99,99,99,99,99,99,1,2,1,2,1,2,5,2,4,2,3,3,3,3,3,3,3,3,2,2,2,4,1,3,1,2,1,4,5,0,1,0,1,1,0,0
1131,23,2,4,4,1,4,0,0,1,0,0,0,0,0,0,0,0,3,3,4,2,2,2,1,1,4,1,1,3,2,4,0,0,1,7,0,0,1,3,4,4,1,1,5,2,4,2,5,5,1,1,5,4,1,5,2,4,1,8,1,2,2,5,2,5,4,0,0,0,1,1,1,0
1132,23,2,12,6,1,4,0,0,0,0,0,0,0,0,0,0,1,3,4,3,3,4,4,2,1,2,3,3,3,3,6,0,1,0,10,2,2,1,1,5,4,1,1,5,5,5,5,5,5,1,3,4,5,3,5,9,4,1,4,8,66,1,5,3,4,7,0,1,0,1,0,1,0
1133,23,2,4,4,2,3,0,0,0,0,0,0,0,0,0,0,1,2,3,2,2,2,4,2,2,3,2,2,2,2,12,0,3,3,3,0,3,1,3,1,4,3,1,2,1,2,2,1,1,3,3,2,3,2,4,5,6,1,5,1,2,2,2,1,4,4,0,0,0,1,1,0,0
1134,23,1,1,1,2,2,1,0,0,0,0,0,0,0,0,0,0,2,2,3,3,3,4,3,3,2,2,2,3,2,2,5,5,3,3,5,5,2,1,4,4,3,3,5,1,2,2,5,5,1,3,1,2,2,4,4,2,2,13,7,66,2,4,1,2,5,1,1,0,0,0,0,0
1135,23,2,4,4,2,4,0,0,1,0,0,0,0,0,0,0,0,3,3,3,3,3,3,2,2,3,1,1,3,2,4,0,1,0,10,0,1,2,3,3,1,1,1,5,1,5,1,5,5,3,1,3,3,1,5,3,4,1,7,2,3,2,4,4,2,5,0,0,0,1,0,1,0
1136,23,1,2,2,2,2,0,0,0,0,0,0,0,0,0,0,1,1,1,3,2,3,3,2,2,2,1,1,3,1,2,5,8,0,6,10,10,2,3,2,4,4,4,4,2,2,2,2,2,2,3,4,2,3,2,4,2,1,7,1,1,2,5,1,4,2,0,1,0,0,0,0,0
1137,23,2,12,1,3,3,0,0,0,0,0,0,0,0,0,0,1,2,2,2,5,5,5,5,5,5,2,2,3,3,1,5,1,1,1,0,0,3,3,2,3,2,2,3,2,3,3,3,3,3,3,3,3,3,3,3,1,1,13,7,66,2,2,2,99,5,1,1,0,0,0,0,0
1138,23,2,4,4,2,4,0,0,0,0,0,0,0,0,0,0,1,4,4,4,4,2,2,1,1,3,2,2,3,2,12,2,3,3,8,0,0,3,4,2,1,4,2,5,4,4,3,5,5,1,1,5,3,1,5,4,4,1,5,1,2,2,6,1,5,3,0,0,0,0,1,1,0
1139,23,3,4,4,2,3,0,0,0,0,0,0,0,0,0,0,1,2,2,3,3,4,4,3,3,2,2,1,3,2,12,5,5,6,7,7,5,3,4,1,3,3,4,5,4,4,3,4,3,2,2,4,3,2,3,1,1,2,9,1,3,2,5,1,4,3,1,1,0,0,0,0,0
1140,23,2,2,2,2,2,0,0,0,0,0,0,0,0,0,0,1,2,2,2,2,3,3,3,3,1,2,2,3,2,2,99,99,99,99,99,99,4,3,1,4,3,3,5,3,5,4,1,1,4,4,2,2,2,5,3,2,2,13,7,66,2,2,1,3,6,1,1,0,1,0,0,0
1141,23,2,1,1,2,2,0,1,0,0,0,0,0,0,0,0,0,3,3,3,3,4,3,3,2,3,1,2,2,1,1,7,3,5,0,6,4,1,3,1,2,2,2,3,3,2,2,4,3,2,3,2,2,2,1,6,1,1,15,7,66,3,2,1,3,4,1,1,0,0,0,1,0
1142,23,2,2,2,3,3,0,0,0,0,0,0,0,0,0,0,1,3,3,3,3,3,4,2,3,2,1,1,3,2,2,6,6,4,2,5,5,1,3,3,3,2,4,1,1,1,3,1,1,1,3,4,3,4,3,2,12,1,12,7,66,1,2,4,2,6,1,1,0,0,0,0,0
1143,23,2,5,5,3,3,0,0,0,1,0,0,0,0,0,0,0,3,3,3,3,3,3,2,2,2,2,2,2,2,1,5,5,5,5,3,4,1,3,2,4,2,1,3,2,3,2,3,2,3,2,3,3,3,4,5,11,2,4,1,3,2,5,1,3,5,0,1,0,0,0,0,0
1144,23,2,12,4,4,4,0,0,1,0,1,0,0,0,0,0,0,2,2,2,1,4,4,2,2,3,2,1,3,2,4,2,8,2,9,0,7,1,5,3,4,2,3,5,3,3,3,3,3,1,3,3,3,4,3,4,1,2,3,2,1,1,4,4,2,4,0,0,0,1,0,0,0
1145,23,1,5,5,2,3,1,1,1,1,0,0,0,0,0,0,0,3,2,3,2,3,3,3,3,3,1,1,2,1,5,8,99,99,99,99,99,1,4,2,4,1,2,99,2,4,2,2,2,2,3,2,3,2,2,4,5,2,14,7,66,2,2,1,2,5,1,1,0,0,0,0,0
1146,23,2,12,9,4,3,0,0,0,0,0,0,0,1,0,0,0,3,3,3,3,3,3,3,3,2,1,1,2,1,9,5,4,3,8,1,3,1,1,3,4,3,1,5,5,5,3,4,4,1,3,5,3,3,3,5,4,1,5,2,2,2,2,1,4,4,0,1,0,0,0,0,0
1147,23,2,12,4,2,4,0,0,1,0,0,0,0,0,0,0,0,3,4,3,4,3,2,2,2,3,2,2,3,2,1,2,2,2,2,0,2,2,5,1,4,2,1,5,2,3,3,3,3,2,3,2,1,3,3,2,4,2,5,5,66,2,4,1,3,5,0,0,0,1,0,0,0
1148,23,2,2,99,3,3,0,0,0,0,0,0,0,0,0,0,1,3,3,3,3,4,4,2,1,2,2,2,3,2,12,0,5,5,5,0,1,3,2,1,5,1,1,4,2,2,3,1,2,1,2,5,4,4,5,5,12,2,3,1,1,1,5,1,4,4,0,1,0,0,1,0,0
1149,23,2,12,2,2,3,1,1,0,0,0,0,0,0,0,0,0,3,3,3,3,3,3,3,3,3,2,1,3,2,2,5,7,6,4,3,7,1,1,3,3,2,1,3,3,3,1,5,5,3,3,3,3,3,3,4,2,1,11,7,66,2,3,1,4,5,1,1,1,0,0,0,0
1150,23,2,6,11,2,3,0,0,0,0,1,0,0,0,0,0,0,2,2,5,3,3,3,2,2,2,2,2,2,2,12,2,5,5,5,2,5,1,2,1,3,2,2,5,1,3,4,3,3,2,3,4,1,3,1,4,6,1,6,1,1,2,2,1,4,4,1,1,0,1,0,1,0
1151,23,2,2,2,3,3,1,0,0,0,0,0,0,0,0,0,0,3,3,3,3,3,3,2,2,3,1,1,2,2,1,8,8,8,8,8,8,2,3,1,3,2,2,3,3,3,1,1,1,3,3,3,3,3,3,3,3,2,8,2,2,2,4,1,3,3,0,1,0,1,1,0,0
1152,23,2,1,1,2,4,0,0,0,0,0,0,0,0,0,0,1,3,4,2,2,3,3,2,2,4,1,1,4,2,1,4,0,2,0,1,1,1,1,5,3,3,2,5,1,3,5,2,2,1,2,5,4,4,5,2,12,1,9,2,2,2,2,2,3,5,0,0,0,1,0,0,0
1153,23,1,1,1,3,3,0,0,0,1,0,0,0,0,0,0,0,2,2,3,3,3,3,2,2,3,2,2,2,2,5,99,99,99,99,99,99,2,3,3,3,3,2,3,3,3,2,3,4,3,4,3,3,3,3,4,1,2,13,3,66,2,3,1,6,4,1,1,0,0,0,0,0
1154,23,3,2,2,2,3,1,1,0,0,0,0,0,0,0,0,0,1,2,3,3,3,3,3,3,2,2,1,3,2,1,5,7,7,6,5,5,3,2,1,3,3,3,3,3,3,3,4,3,3,2,1,2,3,2,2,3,1,13,8,66,2,1,1,2,4,1,1,0,0,0,0,0
1155,23,2,1,2,2,3,1,0,0,1,0,0,0,0,0,0,0,2,3,3,3,3,2,1,1,2,2,1,3,2,5,7,8,4,5,6,10,3,4,1,4,3,2,2,1,3,4,1,1,3,4,2,1,1,3,6,1,2,4,2,3,1,2,1,3,5,0,0,0,1,0,1,0
1156,23,1,5,5,3,3,0,0,0,1,0,0,0,0,0,0,0,2,3,4,4,4,4,3,3,2,3,1,3,2,5,5,5,5,5,5,5,3,3,2,3,3,3,3,2,3,3,3,3,2,3,3,2,3,3,4,5,2,12,7,66,2,2,1,2,4,1,1,0,0,0,0,0
1157,23,1,5,5,3,2,0,1,1,1,0,0,1,0,0,0,0,2,3,3,3,3,4,4,3,2,2,2,2,2,8,4,3,3,2,4,6,4,4,2,2,2,2,4,2,3,3,3,3,3,2,3,2,2,3,8,5,1,11,2,3,2,2,3,3,5,1,1,1,1,1,0,0
1158,23,2,4,4,1,3,0,0,0,0,1,1,0,0,0,1,0,3,3,3,3,5,3,4,4,2,1,1,3,2,12,4,4,4,7,7,5,3,1,3,5,1,1,5,1,2,2,4,1,4,3,2,1,3,2,8,4,1,9,3,66,2,1,1,2,7,1,1,1,1,0,0,0
1159,23,2,2,2,2,3,1,0,1,0,0,0,0,0,0,0,0,2,2,2,2,2,3,2,2,3,2,2,2,2,12,3,5,3,5,2,4,3,4,1,3,2,3,2,3,3,2,2,1,3,4,1,3,2,5,5,2,2,5,1,1,2,5,1,4,4,1,1,0,1,1,0,0
1160,23,2,12,99,4,4,0,0,0,0,0,0,0,0,0,0,1,3,3,3,3,3,3,4,3,2,2,1,3,2,12,0,3,3,3,0,3,3,5,1,3,3,5,99,3,4,1,2,3,2,4,4,2,3,5,8,4,1,7,3,66,2,1,1,5,4,0,1,0,1,0,0,0
1161,23,1,1,1,2,3,1,1,0,1,0,0,0,0,0,0,0,2,2,3,3,3,3,5,3,2,3,1,3,2,1,6,4,5,3,4,1,3,2,3,2,2,2,4,2,3,2,3,2,2,3,3,3,3,4,4,1,2,14,7,66,3,2,4,3,6,0,1,0,0,0,0,0
1162,23,3,12,99,3,3,0,0,0,0,0,0,0,0,0,0,1,2,2,2,2,3,3,5,5,5,2,3,3,2,12,5,5,5,5,5,5,1,3,1,4,1,3,3,4,3,3,1,1,2,3,1,1,3,2,6,12,2,7,5,66,2,3,1,4,3,1,1,0,1,0,0,0
1163,23,2,12,1,3,4,0,0,1,1,0,0,0,0,0,0,0,1,2,2,2,5,5,1,2,2,1,1,1,2,1,9,8,7,8,9,7,1,3,3,1,3,2,2,3,1,1,3,2,1,2,3,2,2,5,9,1,2,9,2,3,2,2,3,2,5,0,1,0,1,0,0,0
1164,23,2,12,4,1,2,0,1,1,0,0,0,0,0,0,0,0,3,3,4,3,5,5,2,2,2,1,1,3,3,1,7,0,5,8,4,1,1,1,5,2,2,2,3,4,2,3,5,5,1,2,5,5,4,2,1,1,1,12,7,66,3,5,1,1,2,0,0,0,1,0,1,0
1165,23,2,7,7,4,4,0,0,0,0,0,0,0,0,0,0,1,2,4,3,4,4,4,5,5,5,2,1,2,2,12,0,0,0,0,0,0,4,5,1,5,2,3,2,1,3,1,4,2,4,4,1,1,3,5,4,12,1,10,3,66,1,1,1,1,4,1,1,0,0,0,0,0
1166,23,1,6,1,2,3,1,0,0,0,0,0,0,0,0,0,0,2,2,3,3,5,5,2,3,3,2,1,3,2,12,5,3,4,1,6,5,3,3,1,4,3,1,5,2,4,1,2,1,1,5,3,3,2,4,2,1,1,8,1,2,2,5,4,2,4,1,1,0,1,0,0,0
1167,23,3,1,1,2,5,0,0,1,0,0,0,0,0,0,0,0,4,4,4,4,4,4,5,1,2,3,1,2,2,4,5,3,4,8,5,3,3,4,2,3,2,2,2,1,3,3,4,4,1,99,2,2,99,99,2,4,2,4,3,66,1,2,1,3,4,1,0,0,1,0,0,0
1168,23,1,1,4,2,2,0,1,1,0,0,0,0,0,0,0,0,3,3,3,3,4,4,3,3,3,1,2,4,2,4,5,1,3,6,4,0,1,1,1,4,2,5,3,1,2,3,5,1,2,3,5,2,3,2,5,3,1,13,7,66,2,7,1,2,5,1,1,0,0,0,0,0
1169,23,2,2,99,2,3,1,1,0,0,0,1,1,1,0,0,0,2,3,3,3,3,3,1,1,3,1,1,3,2,3,2,6,7,2,2,2,1,1,1,1,5,1,1,5,5,1,3,3,1,1,5,4,1,4,3,1,1,2,6,66,1,5,1,5,4,0,1,0,1,1,1,0
1170,23,2,2,3,2,4,0,1,0,1,0,0,0,0,0,0,0,2,2,2,1,3,4,3,2,2,2,1,2,1,99,1,4,5,5,0,5,2,5,1,2,4,1,3,1,5,3,2,1,2,3,5,4,3,3,2,4,1,4,2,2,2,2,4,2,6,0,1,0,1,1,0,0
1171,23,2,1,4,3,3,0,0,1,0,0,0,0,0,0,0,0,3,1,3,3,2,2,1,1,2,2,2,3,1,1,4,1,0,3,1,1,2,3,1,5,1,2,4,4,4,5,1,1,2,4,5,4,1,1,1,1,1,3,3,66,1,6,4,1,3,0,1,0,0,0,1,0
1172,23,2,2,4,1,4,0,0,0,0,0,0,0,0,0,0,1,2,3,3,3,4,4,2,1,3,1,1,3,2,12,1,0,0,2,0,0,2,2,4,1,2,4,5,5,2,2,5,5,2,1,5,3,1,5,6,12,1,5,1,2,2,5,2,2,3,1,1,1,0,0,0,0
1173,23,1,1,1,2,2,0,0,0,1,0,0,0,0,0,0,0,2,3,5,5,5,5,2,2,3,1,1,3,2,1,99,99,99,99,99,99,1,5,1,3,1,3,5,2,2,2,5,4,2,3,99,5,3,3,4,1,2,15,7,66,3,2,1,1,3,1,1,1,0,0,0,0
1174,23,2,12,4,2,2,0,0,1,0,1,0,0,0,0,0,0,2,2,2,2,3,3,1,1,3,2,1,3,2,4,3,4,4,8,1,3,2,3,1,4,1,1,3,1,4,3,3,2,2,3,3,2,2,3,2,4,1,5,1,2,2,2,1,6,5,0,1,0,1,0,1,0
1175,23,1,1,1,3,3,0,0,0,0,0,0,0,0,0,0,1,3,3,3,3,3,3,4,4,4,2,1,3,2,99,8,5,5,5,8,5,3,3,3,3,2,3,4,3,4,3,3,3,1,3,3,3,3,3,4,1,1,15,3,66,3,1,1,3,5,1,0,0,0,0,0,0
1176,23,1,4,4,2,2,0,0,1,0,0,0,0,0,0,0,0,2,2,3,3,4,4,2,2,3,2,2,2,2,1,5,5,5,5,5,5,2,3,1,3,3,3,4,3,4,2,3,3,2,3,3,3,3,3,2,4,1,10,2,3,2,1,2,3,4,0,1,0,1,0,0,0
1177,23,3,12,99,3,3,0,0,0,0,0,0,0,0,0,0,1,2,2,5,5,5,5,5,3,3,3,3,2,2,99,99,99,99,99,99,99,2,2,99,2,1,1,5,2,3,1,3,5,99,99,99,99,99,99,4,1,2,13,7,66,3,7,1,3,99,0,1,0,0,0,0,0
1178,23,3,2,99,2,3,0,0,0,0,0,0,0,0,0,0,1,5,2,5,5,5,5,3,3,2,3,3,5,3,12,5,5,3,6,4,4,1,3,4,4,2,4,3,3,3,2,3,3,3,3,3,3,3,3,9,12,1,13,7,66,4,7,5,99,99,0,0,0,0,0,0,1
1179,23,2,5,5,2,4,0,0,0,1,0,0,0,0,0,0,0,2,2,2,2,3,3,2,2,2,2,1,3,2,1,3,2,2,2,1,1,4,2,1,4,2,2,3,2,2,2,2,2,3,3,4,4,3,4,2,5,1,9,1,2,2,2,4,2,5,0,0,0,1,0,0,0
1180,23,3,2,2,2,2,0,0,0,1,0,0,0,0,0,0,0,2,2,3,2,4,4,4,4,1,2,1,3,2,1,6,6,2,2,6,6,3,3,1,4,2,4,2,1,1,4,1,1,3,4,2,3,5,4,2,1,1,7,1,4,1,7,4,1,3,1,1,1,1,0,0,0
1181,23,2,4,9,1,3,0,0,0,0,0,0,0,0,0,0,1,3,3,4,3,3,3,2,2,3,1,2,2,2,4,2,2,1,7,0,0,3,3,2,3,2,1,5,2,4,4,5,3,1,3,4,4,3,4,2,4,2,9,5,66,2,2,1,3,4,1,1,0,1,0,1,0
1182,23,2,4,4,1,4,0,0,0,0,0,0,0,0,0,0,1,4,4,4,4,3,3,2,2,2,2,1,3,2,4,0,0,0,1,0,0,2,3,2,2,2,2,5,5,5,5,4,3,1,1,3,3,1,5,2,4,2,4,2,2,2,4,2,3,5,1,1,0,0,1,0,0
1183,23,2,4,4,2,2,0,0,0,0,0,0,0,0,0,0,1,2,2,2,3,3,2,5,2,3,1,1,2,2,12,4,3,5,8,4,6,2,2,3,3,3,3,4,4,4,3,5,4,2,2,4,4,2,2,8,4,1,5,1,2,2,5,2,5,3,0,1,0,0,0,1,0
1184,23,2,2,2,1,2,1,0,0,0,0,0,0,0,0,0,0,2,2,3,2,3,3,3,2,2,1,2,3,3,6,4,8,0,4,5,8,1,4,2,5,1,5,5,1,1,5,3,1,1,3,1,1,1,5,3,2,1,13,7,66,3,2,1,3,3,0,1,0,1,0,0,0
1185,23,1,7,7,1,2,1,0,0,0,0,0,0,0,0,0,0,2,1,3,4,4,4,4,2,1,3,1,4,2,10,99,99,99,99,99,99,2,4,1,2,2,2,2,2,4,2,1,1,1,3,2,1,1,4,1,2,2,13,7,66,3,3,1,1,6,0,1,0,1,0,0,0
1186,23,2,1,4,1,4,99,99,99,99,99,99,99,99,99,99,99,4,4,4,4,4,4,2,1,3,1,1,3,1,4,3,0,0,8,0,0,1,1,4,2,1,1,5,4,4,4,5,5,1,1,5,5,1,3,2,4,1,8,1,2,1,6,1,1,4,0,0,0,1,1,1,0
1187,24,3,1,1,3,3,0,0,0,0,0,0,0,0,0,0,1,3,3,3,3,4,4,2,2,1,2,1,2,2,1,6,4,4,3,5,4,2,3,2,4,3,2,5,2,3,4,3,1,2,3,5,3,3,3,5,12,2,6,1,4,2,2,1,5,6,0,0,0,1,0,0,0
1188,24,1,3,3,2,3,0,1,0,0,0,0,0,0,0,0,0,2,2,2,2,2,2,2,1,2,2,3,2,1,1,99,99,99,99,99,99,2,2,1,3,2,3,5,1,5,1,1,3,1,3,5,2,3,3,4,1,2,2,2,3,1,3,1,3,4,0,0,0,1,1,1,0
1189,24,2,2,2,2,3,0,0,0,0,0,0,0,0,0,0,1,2,2,3,3,5,5,3,3,2,2,2,3,2,2,5,8,4,4,6,8,3,3,1,3,3,3,3,2,4,5,5,3,2,2,1,1,3,5,3,2,2,13,7,66,2,1,2,2,4,1,1,0,0,0,0,0
1190,24,3,12,4,3,3,1,0,1,0,0,0,0,0,0,0,0,2,2,3,3,3,3,2,2,2,2,3,5,3,2,3,4,3,3,3,3,3,2,2,4,2,2,5,2,4,5,2,2,2,2,2,3,4,3,3,99,2,8,1,2,1,2,4,2,4,0,1,0,0,0,0,0
1191,24,2,6,2,3,3,0,1,1,0,1,0,0,0,0,0,0,2,2,3,2,3,2,2,2,2,1,1,2,1,2,5,8,7,7,4,6,3,3,2,4,2,2,3,2,2,3,1,1,4,3,4,3,3,4,2,2,1,8,2,3,1,3,2,2,5,1,1,0,1,1,1,0
1192,24,3,12,2,3,3,1,0,0,0,0,0,0,0,0,0,0,2,2,3,3,3,4,3,3,2,2,1,5,2,2,5,7,3,4,5,4,3,4,2,4,2,2,3,3,3,1,3,1,3,2,4,3,2,4,5,2,2,4,2,3,2,2,1,3,4,0,1,0,1,0,0,0
1193,24,2,12,99,2,2,0,0,0,0,0,0,0,0,0,0,1,2,2,2,3,3,3,2,2,2,2,2,2,2,1,5,99,99,99,99,99,2,3,2,5,2,3,3,3,3,1,1,3,1,3,1,2,2,2,1,1,2,13,8,66,3,3,5,1,4,0,1,0,0,0,0,0
1194,24,2,4,4,1,3,0,0,0,0,0,0,0,0,0,0,1,4,5,2,2,2,2,1,3,4,1,1,1,3,12,99,99,99,99,99,99,1,1,5,3,1,1,5,5,5,3,5,5,1,3,5,5,3,1,5,1,2,9,2,4,2,2,1,3,4,0,0,0,1,1,0,0
1195,24,2,12,99,4,4,0,0,0,0,0,0,0,0,0,0,1,4,4,4,4,4,4,2,2,3,3,3,3,2,12,99,99,99,99,99,99,1,5,5,3,1,1,5,1,5,3,1,1,3,3,3,3,3,2,2,12,2,5,3,66,1,1,1,2,6,0,1,0,0,0,0,0
1196,24,1,12,1,2,2,0,0,0,0,0,0,0,0,0,0,1,1,2,3,4,4,4,3,3,2,2,2,2,2,12,6,2,2,2,4,2,3,2,3,3,3,2,3,2,3,2,4,3,3,3,3,3,3,3,2,1,2,7,1,2,1,2,1,3,4,0,1,0,0,0,0,0
1197,24,2,6,4,2,3,0,0,0,0,0,0,0,0,0,0,1,2,2,2,2,2,2,2,2,3,1,1,3,2,4,0,5,5,6,0,5,2,3,2,4,2,2,4,4,4,4,1,1,2,4,1,2,2,4,2,4,2,7,2,3,2,4,1,4,4,0,1,0,1,1,1,0
1198,24,2,2,2,2,3,1,0,0,0,0,0,0,0,0,0,0,2,2,3,3,4,4,3,2,2,2,2,3,2,1,5,5,5,4,5,4,3,3,1,3,4,4,3,3,3,2,3,2,2,2,3,3,2,2,3,2,2,11,5,66,2,4,1,2,2,1,1,0,1,0,0,0
1199,24,2,3,3,3,3,0,1,0,0,0,0,0,0,0,0,0,3,2,3,2,3,3,3,3,2,2,1,3,2,1,5,3,5,3,4,4,2,3,1,4,3,4,2,2,2,2,1,1,2,3,4,2,4,5,5,3,1,12,7,66,2,2,1,2,4,0,0,0,1,0,0,0
1200,24,2,6,6,1,4,0,0,0,0,0,0,0,0,0,0,1,3,4,3,3,3,3,1,2,2,1,1,4,2,6,99,99,99,99,99,99,1,3,5,3,3,3,5,3,5,3,3,3,1,3,3,3,3,3,2,6,1,8,8,66,2,2,1,2,7,0,0,0,1,0,0,0
1201,24,3,2,2,2,3,1,0,0,0,0,0,0,0,0,0,0,2,2,2,3,3,3,3,3,2,1,1,3,2,12,6,5,3,5,5,6,3,3,2,3,2,3,3,2,2,2,3,3,2,3,3,2,3,2,2,1,1,9,2,2,2,5,1,2,5,1,1,0,1,0,0,0
1202,24,3,1,1,2,3,0,0,1,0,0,0,0,0,0,0,0,3,2,3,3,3,2,2,2,2,2,1,2,2,1,5,2,2,3,2,2,2,2,1,4,3,2,4,2,3,4,2,2,1,4,4,1,3,4,5,4,2,10,5,66,2,2,1,2,3,0,1,0,1,1,1,0
1203,24,2,2,2,2,3,0,0,0,0,0,0,0,0,0,0,1,2,3,3,3,3,3,3,3,2,1,1,3,1,2,0,8,1,1,0,8,2,3,2,4,3,3,3,2,3,3,3,2,2,3,4,3,3,4,4,2,1,11,2,4,2,2,1,3,5,1,1,0,0,0,0,0
1204,24,1,2,2,2,3,1,0,0,0,0,0,0,0,0,0,0,3,3,3,2,5,5,1,3,1,3,3,4,2,12,5,5,2,3,5,3,1,3,3,3,3,3,5,1,3,3,3,3,3,3,1,1,1,99,4,12,1,13,1,4,2,1,1,2,4,1,1,0,0,0,0,0
1205,24,2,5,6,2,4,0,0,0,0,0,0,0,0,0,0,1,3,3,3,3,3,3,2,2,3,1,1,3,2,12,1,3,2,5,1,3,2,1,3,3,3,2,5,4,5,3,3,3,2,3,3,3,2,2,4,6,1,10,8,66,1,2,1,1,5,0,0,0,1,0,0,0
1206,24,1,2,2,1,2,1,0,0,0,0,0,0,0,1,0,0,3,3,3,4,4,4,4,2,2,2,1,4,2,10,0,10,0,0,3,1,2,1,1,3,2,2,2,2,3,4,2,1,2,2,4,2,3,4,6,10,1,12,3,66,2,5,1,5,5,1,1,0,1,0,0,0
1207,24,2,2,2,2,3,0,0,0,0,0,0,0,0,0,0,1,5,2,4,3,4,3,3,3,2,2,2,3,2,2,0,8,6,4,2,6,2,2,1,5,2,3,4,2,3,1,3,3,2,3,3,2,3,5,4,2,2,12,5,66,2,2,1,2,4,0,1,0,1,0,0,0
1208,24,2,2,2,2,3,1,0,1,0,0,0,0,0,0,0,0,2,2,3,2,4,4,2,2,3,2,1,3,2,2,4,6,5,5,3,5,1,5,1,5,2,1,5,3,3,1,1,1,3,2,2,3,3,3,5,4,2,6,3,66,3,3,1,4,4,0,1,0,1,0,0,0
1209,24,1,5,5,3,3,0,0,0,1,0,0,0,0,0,0,0,3,3,3,3,2,2,2,2,2,1,1,2,2,1,5,5,5,5,5,5,1,3,2,2,4,2,5,4,1,1,1,1,3,3,3,3,3,3,4,4,2,8,5,66,2,2,1,2,4,0,1,0,1,0,0,0
1210,24,2,4,4,1,3,0,0,0,0,0,0,0,0,0,0,1,3,4,3,3,3,3,2,2,2,1,1,2,2,1,1,1,1,8,0,1,1,1,5,1,1,1,5,5,5,1,5,5,1,1,5,5,1,5,2,4,1,10,3,66,2,5,1,3,5,1,1,1,1,1,1,0
1211,24,2,2,2,2,3,0,0,0,0,0,0,0,0,0,0,1,2,2,3,3,4,4,3,2,2,2,3,3,3,2,5,6,0,3,3,8,2,3,1,4,3,2,3,4,3,4,3,2,2,3,3,3,3,3,4,12,2,9,5,66,2,4,1,2,3,1,1,0,1,0,0,0
1212,24,2,1,1,3,3,0,1,0,0,0,0,0,0,0,0,0,2,2,3,2,2,2,2,3,2,3,2,3,2,12,6,99,99,99,2,2,2,4,3,4,2,3,4,2,3,2,4,5,2,2,3,4,3,2,4,1,2,13,7,66,3,2,1,1,5,1,1,1,1,0,0,0
1213,24,2,12,6,2,3,0,0,0,0,1,0,0,0,0,0,0,2,2,3,2,2,3,3,2,2,2,1,2,1,99,5,5,5,5,4,4,3,3,2,3,2,3,5,3,5,3,5,5,3,2,3,2,3,3,8,6,1,6,1,2,2,2,1,4,4,1,1,0,1,0,0,0
1214,24,1,2,2,2,2,1,0,0,1,0,0,0,0,0,0,0,2,2,2,3,3,3,3,3,2,2,2,3,2,2,5,9,3,3,6,8,2,2,1,3,2,3,3,2,2,3,3,1,2,2,2,3,2,5,5,2,2,14,5,66,2,2,1,2,4,1,1,0,0,0,0,0
1215,24,2,12,1,4,4,0,0,0,0,0,0,0,0,0,0,1,3,3,3,3,3,3,3,3,1,1,2,4,2,1,3,1,1,1,1,1,2,2,1,1,1,1,1,3,3,1,1,1,2,2,2,1,3,3,2,1,1,4,99,66,1,2,1,3,2,0,0,0,1,1,0,0
1216,24,1,12,1,3,3,0,0,0,0,0,0,0,0,0,0,1,2,2,3,3,3,3,2,2,3,2,1,2,2,1,5,5,5,5,5,5,2,2,1,3,2,2,4,1,4,2,2,2,2,4,5,2,2,4,4,1,1,8,2,2,2,2,1,4,4,0,1,0,1,0,0,0
1217,24,2,12,99,2,3,0,0,0,0,0,0,0,0,0,0,1,2,2,2,2,5,3,5,5,5,2,2,3,2,12,5,5,5,5,5,5,2,2,2,4,4,2,4,2,4,2,2,5,2,2,5,3,3,3,2,12,1,9,3,66,1,1,1,3,7,1,1,0,1,0,1,0
1218,24,1,2,2,3,4,1,0,0,0,0,0,0,0,0,0,0,3,3,3,3,3,3,3,3,2,2,1,4,2,2,2,3,1,0,2,0,3,4,3,4,2,3,3,2,3,3,2,1,3,3,3,3,1,2,4,2,2,15,7,66,3,1,1,2,4,0,1,0,0,0,0,0
1219,25,1,3,3,2,2,0,1,0,0,0,0,0,0,0,0,0,2,3,3,3,4,4,3,3,2,2,2,2,2,12,5,5,6,5,7,7,2,4,2,3,4,3,4,4,3,3,2,2,3,2,5,2,3,2,8,12,1,10,1,2,2,5,1,2,3,1,1,0,0,0,0,0
1220,25,2,2,2,1,3,0,0,0,0,0,0,0,0,0,0,1,2,2,2,2,4,4,4,3,1,1,1,2,2,2,0,6,0,1,99,8,1,1,1,4,1,3,2,1,99,2,5,3,1,5,1,2,3,5,4,12,1,12,7,66,3,3,1,2,5,0,1,0,1,0,0,0
1221,25,2,12,6,2,3,0,0,0,0,0,0,0,0,0,0,1,3,4,3,3,3,3,5,1,2,2,3,3,2,6,0,0,1,0,0,0,3,4,1,3,1,1,5,3,5,2,3,3,2,2,1,3,3,3,9,6,1,2,1,2,1,5,1,3,5,0,1,0,0,0,1,0
1222,25,1,1,1,2,2,0,1,0,0,0,0,0,0,0,0,0,2,3,3,3,3,3,3,3,2,1,1,2,2,1,8,6,7,5,8,6,2,4,1,4,2,2,4,1,2,3,4,4,1,2,4,4,4,2,2,1,1,8,1,2,2,5,1,4,4,0,1,1,1,1,1,0
1223,25,2,12,3,3,3,0,1,0,0,0,0,0,0,0,0,0,2,2,5,5,5,3,3,3,4,2,2,3,2,3,5,3,8,3,4,2,5,3,2,3,1,3,4,3,5,1,5,4,2,2,4,3,3,3,4,1,2,13,7,66,3,2,1,1,99,0,1,0,0,0,0,0
1224,25,2,4,4,2,2,0,0,1,0,0,0,0,0,0,0,0,2,2,2,2,3,3,3,2,2,2,1,2,2,4,0,6,5,10,3,6,4,4,1,4,3,4,4,1,4,3,3,2,2,4,3,2,3,5,4,4,2,7,1,2,1,2,4,1,4,0,1,0,1,0,1,0
1225,25,2,4,4,1,2,0,0,1,0,0,0,0,0,0,0,0,2,2,3,2,3,3,4,2,1,1,2,3,2,1,5,3,2,7,0,1,1,1,4,5,1,1,5,2,5,2,5,1,1,2,5,4,4,1,2,4,2,12,5,66,2,3,1,2,5,1,1,1,1,0,0,0
1226,25,2,12,4,1,3,0,0,0,0,0,0,0,0,0,0,1,3,5,5,5,2,1,2,2,2,1,3,3,2,12,3,3,4,5,0,5,1,4,4,4,3,1,5,3,2,5,3,4,1,2,5,5,3,5,2,12,1,4,1,2,1,6,1,1,5,0,0,0,0,1,1,0
1227,25,2,7,7,2,3,0,0,0,0,0,0,0,0,0,0,1,2,3,3,3,4,4,3,3,2,2,1,3,2,12,5,1,6,5,1,1,3,4,2,2,2,3,4,1,3,2,2,2,2,2,3,1,3,1,4,7,2,6,4,66,2,2,1,5,5,1,0,0,1,0,0,0
1228,25,2,12,1,2,3,1,1,0,1,0,0,0,0,0,0,0,2,2,2,3,3,3,3,3,3,2,2,2,1,1,7,7,6,6,7,6,2,3,2,2,2,3,4,2,2,3,4,4,2,3,4,3,2,2,4,1,1,15,7,66,4,1,1,2,4,1,1,0,0,0,0,0
1229,25,2,2,4,2,4,0,0,1,0,0,0,0,0,0,0,0,2,2,4,3,3,3,2,2,2,1,1,4,2,12,3,3,4,7,3,3,2,3,3,3,2,1,3,3,2,2,2,1,1,3,2,2,5,4,8,4,1,6,2,2,2,5,1,4,5,0,1,0,1,0,0,0
1230,25,2,12,3,2,3,0,1,0,1,0,0,0,0,0,0,0,2,2,3,3,4,4,2,3,3,2,1,3,3,3,7,6,9,6,3,4,3,3,2,3,3,3,5,1,5,2,3,3,2,3,4,4,3,3,4,1,2,9,2,3,2,3,1,4,5,1,1,1,1,1,0,0
1231,25,1,12,1,4,3,1,1,0,0,0,0,0,0,0,0,0,2,3,3,3,4,4,3,2,2,2,2,3,2,12,3,2,2,2,1,0,1,3,3,4,2,3,2,2,3,2,4,2,2,1,3,2,3,4,4,12,1,10,1,2,2,3,1,5,4,0,1,0,1,0,0,0
1232,25,2,4,4,2,3,1,1,1,0,0,0,0,0,0,0,0,2,2,2,3,3,3,3,3,2,2,2,5,3,12,99,99,99,99,99,99,3,4,1,3,3,3,3,3,2,3,3,3,2,3,2,2,3,3,5,12,99,99,99,66,4,7,5,99,99,0,0,0,0,0,0,1
1233,25,1,1,1,3,3,0,1,0,0,0,0,0,0,0,0,0,1,2,2,3,3,4,1,1,3,1,1,3,1,1,6,7,5,3,5,9,1,1,2,1,3,5,1,1,1,5,1,1,2,3,5,3,3,2,1,1,2,10,1,2,2,4,1,3,2,0,1,0,0,0,0,0
1234,25,1,12,1,1,2,0,0,0,0,0,0,0,0,0,0,1,2,2,2,2,2,2,2,2,2,1,1,2,1,1,5,5,5,5,5,5,1,3,4,4,2,3,4,3,2,4,2,3,1,2,4,3,3,2,8,12,1,5,2,2,1,2,1,3,4,0,1,0,1,1,1,0
1235,25,1,1,1,2,2,0,1,1,1,0,0,0,0,0,0,0,2,2,3,3,3,3,3,3,2,2,2,2,1,1,8,4,6,6,8,4,2,2,1,5,2,1,4,2,2,2,5,5,1,2,5,4,2,4,3,1,1,13,3,66,2,2,1,5,4,1,1,0,0,0,0,0
1236,25,1,1,1,1,2,0,1,1,1,0,0,0,0,0,0,0,2,2,3,3,4,4,4,3,2,1,1,3,2,1,99,99,99,99,99,99,2,3,3,3,2,2,3,2,3,3,4,4,1,3,4,4,3,2,1,1,1,13,3,66,2,5,1,3,4,1,1,0,1,0,0,0
1237,25,3,1,1,3,5,1,1,1,0,0,0,0,0,0,0,0,2,2,2,5,5,5,3,5,5,3,3,3,2,12,0,0,0,0,0,0,3,3,1,3,2,3,3,1,4,3,3,3,3,3,3,3,3,3,2,12,2,15,7,66,3,1,1,3,7,0,1,0,0,0,0,0
1238,25,2,12,3,2,2,1,1,0,0,0,0,0,0,0,0,0,2,2,3,2,3,3,3,2,2,2,2,3,2,12,5,4,7,4,3,3,2,3,2,2,3,3,4,3,4,2,3,2,3,3,4,2,4,2,4,2,1,11,7,66,2,3,1,2,5,0,1,0,1,0,1,0
1239,25,2,2,2,1,3,0,0,0,0,0,0,0,0,0,0,1,2,2,3,5,5,5,4,2,2,2,2,2,2,2,3,7,3,5,7,9,3,3,1,4,4,3,4,1,2,2,3,1,1,2,1,2,2,5,5,6,1,15,7,66,2,1,1,4,4,1,1,0,0,0,0,0
1240,26,1,7,7,2,2,0,0,0,0,0,1,0,0,0,0,0,2,2,2,2,3,2,3,2,2,2,2,3,1,7,5,5,5,5,8,7,1,1,3,3,2,3,4,3,4,2,4,3,1,1,4,3,3,3,2,2,1,8,3,66,1,3,1,2,5,1,1,0,0,0,0,0
1241,26,2,6,6,1,4,0,0,0,0,0,0,0,0,0,0,1,3,4,3,3,3,4,2,2,1,2,2,3,2,6,1,1,0,2,0,0,2,4,1,4,2,1,5,3,5,3,1,1,4,5,2,2,1,5,4,6,1,10,1,2,2,5,2,2,5,0,0,1,1,1,1,0
1242,26,3,1,1,2,2,0,0,0,0,0,0,0,0,0,0,1,2,2,3,3,4,3,3,2,2,1,1,3,2,1,6,5,5,0,7,2,2,2,3,5,1,3,4,3,2,2,4,2,3,2,3,2,3,2,2,1,2,15,7,66,3,1,1,4,5,1,1,0,1,0,0,0
1243,26,2,2,4,1,3,0,1,0,0,0,0,0,0,0,0,0,2,3,3,3,4,4,2,2,2,1,1,3,2,4,0,6,2,8,5,8,1,1,5,3,5,5,5,5,4,2,2,1,1,3,5,4,1,5,8,4,1,9,1,3,2,5,1,3,4,1,1,0,1,0,0,0
1244,26,2,7,7,3,3,0,0,0,0,0,0,0,0,0,0,1,2,3,3,3,3,3,1,1,3,2,2,3,2,7,1,5,0,5,5,5,2,2,1,4,5,2,2,3,4,1,3,1,1,2,2,3,3,5,4,12,2,6,1,2,2,5,1,4,5,1,1,0,1,0,0,0
1245,26,1,12,99,2,2,0,0,0,0,0,0,0,0,0,0,1,2,2,2,4,4,4,3,2,2,2,1,5,2,12,3,3,2,2,4,4,3,2,1,5,2,2,3,3,3,3,2,1,2,3,3,3,3,2,2,12,1,12,7,66,1,2,4,1,4,0,1,0,0,0,0,1
1246,26,2,2,2,3,4,0,0,0,0,0,0,0,0,0,0,1,3,4,4,4,4,4,2,2,3,1,1,3,2,1,5,8,8,5,0,0,2,2,4,4,2,2,5,1,5,2,3,1,2,4,5,4,4,4,6,12,1,7,2,2,1,5,1,4,3,1,1,0,1,0,0,0
1247,26,1,3,3,2,3,0,1,0,0,0,0,0,0,0,0,0,3,3,3,3,3,3,2,2,2,3,3,2,3,12,99,99,99,99,99,99,3,3,3,3,3,3,4,3,3,1,2,2,3,3,3,3,3,3,2,12,2,11,3,66,2,1,1,4,7,0,1,0,0,0,0,0
1248,26,3,1,4,2,3,0,0,1,1,0,0,0,0,0,0,0,2,3,5,5,3,3,2,3,2,2,2,3,2,1,5,1,2,2,2,1,2,1,1,2,2,1,3,2,3,2,3,5,1,3,4,4,4,4,2,5,1,14,7,66,3,2,1,1,5,1,1,0,1,1,1,0
1249,26,2,3,3,1,3,0,1,1,0,0,0,0,0,0,0,0,2,2,3,2,4,4,4,1,1,1,1,2,2,3,99,99,99,99,99,99,4,2,1,1,1,1,5,1,5,4,1,1,1,1,1,1,5,5,9,4,2,12,2,3,2,1,1,6,4,0,1,0,0,0,0,0
1250,26,1,2,1,2,2,1,0,0,0,0,0,0,0,0,0,0,2,2,2,3,3,3,3,3,2,2,2,3,2,2,5,5,3,0,7,6,3,2,1,1,1,2,3,1,3,1,2,3,3,3,3,3,3,3,4,1,2,13,1,3,2,7,1,3,3,1,1,0,1,0,0,0
1251,26,2,12,3,3,3,0,0,0,0,0,0,0,0,0,0,1,3,2,4,3,3,3,3,2,3,2,2,3,2,12,6,7,7,7,4,5,2,3,1,3,3,3,4,4,3,1,1,3,2,3,3,4,3,4,4,6,1,2,6,66,1,5,1,3,5,0,1,0,1,1,0,0
1252,26,2,6,6,3,3,0,0,0,0,0,0,0,0,0,0,1,2,2,2,2,2,2,2,2,3,2,1,2,1,1,5,5,5,5,5,5,1,3,3,3,2,2,4,2,2,2,2,2,2,3,3,4,3,2,4,1,2,6,5,66,2,4,1,2,4,0,0,0,1,0,0,0
1253,26,2,2,4,4,3,0,0,0,0,0,0,0,0,0,0,1,3,3,4,3,4,4,2,2,3,2,3,2,2,2,4,4,3,4,5,5,1,2,1,3,1,4,1,1,5,1,1,1,3,4,3,2,1,4,5,12,1,2,6,66,1,2,1,4,4,0,1,1,1,1,1,0
1254,26,2,6,6,1,4,0,0,0,0,0,0,0,0,0,0,1,4,4,4,2,3,3,2,2,3,3,1,2,2,6,0,5,5,5,0,5,2,3,1,4,2,1,5,2,5,2,3,3,1,3,4,3,4,2,2,6,1,8,3,66,3,3,1,2,4,0,0,0,1,0,1,0
1255,26,3,5,5,2,3,0,0,0,1,0,0,0,0,0,0,0,2,3,3,2,3,3,3,2,2,2,3,2,3,5,5,3,5,3,3,3,2,3,1,5,2,2,2,1,2,1,1,1,3,2,3,2,3,2,4,5,2,7,1,2,2,2,1,3,6,0,1,0,0,0,0,0
1256,26,1,5,5,1,2,0,0,0,1,0,0,0,0,0,0,0,2,2,4,3,3,4,3,2,1,1,1,1,2,5,5,2,5,3,7,4,2,4,1,5,2,2,2,2,3,4,5,2,2,3,4,2,5,2,6,1,1,14,7,66,2,1,1,2,6,1,1,0,1,0,0,0
1257,26,2,7,7,3,4,0,0,0,0,0,0,0,0,0,0,1,4,4,4,4,4,4,3,4,2,2,2,2,2,7,0,0,0,0,0,0,4,4,1,4,4,4,4,1,1,2,3,3,1,1,1,4,4,5,2,12,2,7,1,2,2,6,1,4,5,0,0,0,1,1,0,0
1258,26,1,12,1,3,2,1,0,0,0,0,0,0,0,0,0,0,2,2,2,2,3,3,2,2,2,2,1,2,1,2,7,7,6,6,7,6,2,3,3,4,2,2,3,3,3,3,3,3,3,3,3,3,3,3,4,1,1,5,8,66,1,2,1,3,5,1,0,0,0,0,0,0
1259,26,2,6,4,2,4,0,0,0,0,0,0,0,0,0,0,1,2,2,3,2,3,3,4,3,2,1,1,3,2,12,1,3,3,5,0,0,1,1,3,2,2,2,5,3,5,3,2,1,1,4,3,2,3,5,2,4,1,9,2,2,2,2,1,2,3,0,1,0,1,0,0,0
1260,26,2,3,3,2,3,0,1,0,0,0,0,0,0,0,0,0,2,2,3,3,3,3,3,3,3,1,1,3,2,3,4,10,6,6,5,10,1,2,1,1,1,1,1,3,3,1,3,3,4,1,5,1,5,1,4,1,1,13,2,2,2,1,1,4,4,1,1,1,0,0,0,0
1261,26,1,12,1,3,3,0,0,0,0,0,0,0,0,0,0,1,2,2,2,2,2,2,1,1,3,2,2,5,2,1,99,99,99,99,99,99,1,4,1,1,1,1,3,1,3,1,1,3,99,99,99,99,99,99,2,12,99,3,2,1,1,2,1,5,5,0,0,0,0,0,1,0
1262,26,2,12,4,1,3,99,99,99,99,99,99,99,99,99,99,99,5,5,5,5,5,5,5,5,5,3,3,5,3,5,2,5,5,7,0,0,3,3,4,1,1,3,5,2,5,1,1,1,2,5,3,3,1,5,9,4,2,9,8,66,3,3,3,2,7,0,1,0,0,0,0,0
1263,26,2,4,4,1,3,0,0,0,0,0,0,0,0,0,0,1,2,3,3,2,4,4,3,2,2,1,1,3,2,12,5,0,3,7,0,0,1,2,4,1,4,3,4,4,4,5,5,4,1,2,5,3,3,2,2,4,1,8,1,2,2,6,2,2,3,1,1,1,1,0,0,0
1264,26,2,6,6,1,4,0,1,0,0,1,0,0,0,0,0,0,3,4,4,3,4,3,2,2,4,2,1,2,2,12,0,0,5,0,0,0,5,5,1,1,5,3,5,1,5,5,5,5,1,5,1,1,1,5,5,6,2,5,5,66,2,3,2,3,5,1,0,0,1,0,0,0
1265,26,1,12,1,3,3,0,0,0,0,0,0,0,0,0,0,1,2,2,3,2,3,3,2,2,3,3,1,2,2,1,6,3,4,4,5,3,2,4,1,5,2,3,4,2,2,3,1,1,3,2,5,2,2,3,2,1,2,8,1,2,1,3,4,1,5,1,1,0,1,0,0,0
1266,26,2,4,99,3,3,0,0,0,0,0,0,0,0,0,0,1,2,2,2,2,2,2,2,2,2,2,1,3,2,12,0,0,5,0,0,0,1,3,1,5,1,1,3,1,3,3,1,1,1,3,5,1,3,3,2,3,2,6,1,1,2,5,1,4,6,0,1,0,1,0,0,0
1267,26,2,12,2,3,4,0,0,0,0,0,0,0,0,0,0,1,2,4,4,2,2,2,2,3,3,2,1,3,2,12,0,1,0,0,0,0,3,1,1,3,3,3,5,4,4,1,2,1,1,5,4,5,3,4,3,12,1,2,6,66,1,3,3,4,4,1,0,0,1,1,0,0
1268,26,2,9,9,1,3,0,0,0,0,0,0,0,0,0,0,1,4,3,3,2,2,3,2,2,3,1,1,2,1,9,5,5,3,5,0,0,1,3,3,3,4,1,5,2,3,3,5,5,1,2,4,3,1,5,4,9,1,9,1,3,1,6,4,2,6,0,1,0,1,1,1,0
1269,26,1,7,2,1,2,0,1,0,0,0,0,0,0,0,0,0,2,2,3,3,4,4,3,3,4,2,2,3,2,2,0,5,2,2,3,5,1,2,1,4,1,2,2,1,3,1,5,3,2,2,3,1,2,2,4,2,1,14,7,66,2,3,1,3,4,1,0,0,0,0,0,0
1270,26,1,3,3,2,2,0,1,1,0,0,0,0,0,0,0,0,1,1,2,3,3,3,3,3,2,1,1,2,1,12,5,8,5,3,8,8,2,4,1,3,4,2,3,2,3,3,4,2,2,2,1,2,2,3,4,1,2,10,5,66,2,2,1,3,5,1,1,0,1,0,0,0
1271,26,2,1,6,2,4,0,0,0,0,0,0,0,0,0,0,1,5,5,4,3,2,2,1,2,3,1,1,2,2,6,0,2,5,8,0,2,1,1,1,4,4,3,5,1,5,3,3,3,2,4,4,4,5,5,8,6,1,7,8,66,2,2,1,3,6,0,1,0,1,0,1,0
1272,26,3,2,2,1,3,0,0,0,0,0,0,0,0,0,0,1,2,2,2,2,5,5,3,2,2,2,2,3,3,2,5,9,4,2,5,8,2,3,1,3,1,3,4,1,2,4,5,1,2,2,2,2,1,4,3,2,99,99,99,66,4,7,5,99,99,0,0,0,0,0,0,1
1273,26,2,12,4,2,4,0,0,0,0,0,0,0,0,0,0,1,4,4,4,4,3,3,2,1,3,2,1,3,1,6,0,0,0,10,0,0,5,1,3,1,1,1,5,1,5,1,2,2,1,5,5,5,3,5,2,6,2,6,2,4,1,1,4,2,7,0,0,0,1,1,1,0
1274,26,1,1,1,3,1,0,0,0,0,1,0,0,0,0,0,0,4,4,2,2,4,3,3,2,2,2,1,2,2,6,2,2,2,2,0,0,4,3,3,3,3,3,4,2,4,2,1,1,3,3,1,3,3,3,9,12,2,2,2,2,1,3,1,4,4,1,1,0,1,1,1,0
1275,26,2,8,4,3,3,1,1,1,0,0,0,1,0,0,0,0,3,3,3,3,3,4,3,3,2,1,1,3,2,1,6,6,8,8,5,7,2,4,2,3,2,2,5,1,5,2,1,1,2,4,2,1,2,4,2,3,2,11,2,3,3,2,3,5,4,1,1,0,0,0,0,0
1276,26,1,1,1,2,2,0,1,0,0,0,0,0,0,0,0,0,3,3,4,2,4,3,2,1,2,1,1,3,2,1,6,1,5,9,5,4,1,1,4,4,1,1,3,3,3,2,5,5,1,1,5,5,5,4,4,4,2,13,4,66,2,2,1,2,4,1,1,0,0,0,0,0
1277,27,1,2,1,1,3,0,1,0,0,0,0,0,0,0,0,0,3,3,3,4,4,4,3,2,3,2,1,3,1,1,4,2,2,2,4,0,1,4,1,3,3,4,5,4,4,5,2,1,2,2,2,4,2,3,3,12,2,4,1,2,2,6,2,2,3,0,1,0,0,0,1,0
1278,27,3,4,4,1,2,0,0,0,0,0,0,0,0,0,0,1,2,2,2,2,2,5,5,2,2,1,1,2,3,1,9,1,3,7,6,6,1,2,5,4,1,1,3,5,1,2,2,3,1,2,5,4,5,2,3,1,1,8,3,66,2,5,2,3,3,0,1,1,1,0,1,0
1279,27,1,1,1,2,2,1,1,1,1,0,0,0,0,0,0,0,2,3,2,3,4,4,3,3,2,1,2,3,2,12,6,2,3,2,2,2,2,1,1,3,1,1,3,2,3,2,4,3,2,3,3,4,3,1,8,1,2,8,1,2,1,5,2,3,2,1,1,0,1,0,0,0
1280,27,2,12,2,3,3,1,0,0,0,0,0,0,0,0,0,0,3,2,3,3,3,3,3,2,1,2,1,2,2,2,4,8,8,6,2,8,2,3,1,2,2,2,2,1,2,2,2,2,2,2,1,1,2,2,2,2,2,7,3,66,2,6,1,5,4,0,1,0,1,0,0,0
1281,27,2,3,3,3,3,0,0,0,0,0,0,0,0,0,0,1,3,4,4,4,3,4,2,2,3,2,1,2,2,3,1,1,8,1,1,1,1,1,1,5,5,1,5,1,4,1,3,3,3,2,5,5,3,3,2,3,2,6,2,2,1,5,2,2,4,0,1,0,1,1,0,0
1282,27,2,99,99,1,4,0,0,0,0,0,0,0,0,0,0,1,2,3,4,4,4,4,4,3,2,1,1,3,2,12,99,99,99,99,99,99,4,3,3,2,2,2,5,2,4,3,5,4,1,1,3,3,5,5,8,1,1,14,7,66,2,2,1,2,5,1,1,0,0,0,0,1
1283,27,2,3,3,3,4,0,0,0,0,0,0,0,0,0,0,1,4,4,4,4,4,4,2,2,2,2,2,2,1,99,3,2,7,3,0,1,3,2,1,1,2,1,5,5,1,3,1,1,1,2,4,4,4,4,2,3,1,4,1,1,2,5,2,3,4,0,1,0,0,0,0,0
1284,27,3,6,6,2,3,0,0,0,0,0,0,0,0,0,0,1,2,2,3,2,3,2,2,2,3,2,3,3,2,6,3,4,4,3,4,8,2,2,3,4,99,2,4,1,2,99,3,2,1,4,1,3,99,5,2,6,2,6,99,66,2,2,4,3,5,0,1,0,1,0,1,0
1285,27,2,12,1,2,3,0,1,0,1,0,0,0,0,0,0,0,2,2,2,2,2,2,2,2,2,2,1,2,1,1,5,1,3,1,3,1,3,3,3,3,2,1,2,2,4,2,4,4,3,2,3,3,4,3,2,3,2,11,2,3,2,4,1,2,4,1,1,0,1,0,1,0
1286,27,1,12,3,2,3,0,1,0,0,0,0,0,0,0,0,0,2,2,2,3,3,3,5,2,2,1,1,3,2,3,99,99,99,99,99,99,2,3,1,3,2,3,5,1,2,4,1,2,3,2,4,2,2,3,2,3,1,15,7,66,3,2,5,99,4,1,1,0,0,0,0,0
1287,27,2,3,3,1,4,0,1,0,0,0,0,0,0,0,0,0,2,2,3,2,3,3,5,2,2,1,1,3,2,1,4,5,5,5,4,4,2,1,5,3,3,2,2,3,1,3,3,1,1,3,5,2,3,5,2,3,1,10,2,2,1,2,4,3,5,1,1,0,0,0,0,0
1288,27,1,1,1,2,2,1,0,0,0,0,0,0,0,0,0,0,2,3,3,3,3,3,3,3,3,2,2,2,2,1,8,6,4,3,5,5,3,3,2,3,3,3,3,3,3,3,3,3,3,3,3,3,3,3,1,1,2,9,1,1,2,4,2,2,4,1,1,0,0,0,0,0
1289,27,2,12,3,3,3,0,0,0,0,1,0,0,0,0,0,0,2,3,3,4,4,4,3,2,2,2,2,2,3,3,2,3,5,4,0,5,1,3,2,4,2,4,5,2,3,1,3,1,2,2,3,4,3,2,5,12,2,2,1,1,1,3,4,1,3,0,1,0,1,1,1,0
1290,27,1,1,1,2,2,0,0,1,0,0,1,0,0,0,0,0,2,2,5,3,4,4,4,3,1,2,3,4,2,1,7,3,0,4,6,5,3,2,1,99,2,2,5,2,3,3,3,2,2,3,1,2,2,4,2,7,1,13,3,66,2,2,1,3,4,1,1,1,1,0,0,0
1291,27,2,2,2,2,2,0,0,0,0,0,0,0,0,0,0,1,2,2,2,2,3,3,3,3,3,2,2,2,1,2,5,8,7,6,2,7,4,4,2,3,3,2,4,1,5,3,3,2,3,4,1,4,3,5,4,2,1,9,1,2,2,2,1,4,4,0,1,0,0,0,0,0
1292,27,1,3,1,2,3,0,0,0,0,0,0,0,0,0,0,1,2,2,3,3,3,2,3,3,2,1,1,2,1,1,8,8,6,6,8,10,1,1,3,4,2,1,1,1,1,2,2,2,2,3,5,2,4,1,5,1,1,11,2,3,2,2,2,3,5,1,1,1,1,0,1,0
1293,27,3,12,4,3,3,0,0,0,0,0,0,0,0,0,0,1,2,3,3,3,3,3,2,2,2,3,1,2,3,1,5,5,5,5,5,5,2,2,2,4,2,2,3,2,4,4,3,2,4,2,4,2,4,3,2,4,2,3,1,2,1,5,2,4,5,0,1,0,1,0,0,0
1294,27,1,1,1,2,2,0,1,0,0,0,0,0,0,0,0,0,2,2,4,3,3,4,4,3,3,2,2,2,2,1,3,0,2,0,1,0,3,2,2,4,3,2,4,3,4,2,5,4,2,3,3,2,3,4,4,3,2,14,7,66,3,2,2,1,6,0,1,0,0,0,0,0
1295,27,2,1,99,3,3,0,0,0,0,0,0,0,0,0,0,1,2,3,2,2,2,3,2,2,2,2,3,3,2,12,99,99,99,99,99,99,2,3,2,4,99,3,5,3,3,3,1,1,1,4,3,4,3,3,2,12,2,3,1,2,1,5,2,3,4,0,1,0,1,1,1,0
1296,27,2,8,8,1,3,0,0,0,0,0,0,0,0,0,0,1,4,4,3,3,3,3,2,2,3,2,2,3,2,8,1,0,1,8,0,0,1,1,1,2,2,3,4,2,3,1,4,5,1,3,2,2,4,4,9,8,2,8,5,66,2,2,5,99,4,0,1,0,1,0,1,0
1297,27,1,6,6,1,2,1,0,0,0,0,0,0,0,0,0,0,3,4,4,4,4,4,3,4,3,1,1,4,2,2,4,5,3,3,5,5,2,5,1,2,1,1,3,1,3,3,2,1,2,4,1,2,1,5,1,2,1,13,7,66,2,5,2,2,5,0,0,0,0,0,0,1
1298,27,1,3,3,1,2,0,0,0,0,0,0,0,0,0,0,1,1,2,3,2,3,3,2,2,2,2,3,2,2,12,5,3,4,3,5,2,2,3,1,3,3,3,3,3,4,5,2,2,1,3,2,2,3,3,2,1,2,11,5,66,2,5,2,2,5,1,1,0,1,0,1,0
1299,27,1,3,3,2,2,0,1,0,0,0,0,0,0,0,0,0,2,2,3,2,3,4,3,2,2,2,2,3,2,3,6,3,9,1,6,2,4,2,1,2,3,3,2,2,2,3,3,3,1,3,4,3,3,3,2,3,1,10,1,2,2,2,2,2,5,0,1,0,1,0,0,0
1300,27,2,3,1,2,2,0,1,0,0,0,0,0,0,0,0,0,3,2,4,4,4,4,4,3,1,1,3,2,2,1,8,0,6,0,4,2,1,3,3,3,2,4,4,2,3,5,3,5,1,2,3,1,3,4,7,12,2,11,7,66,2,2,2,2,4,0,1,0,0,0,0,0
1301,27,2,3,3,2,3,0,1,0,0,0,0,0,0,0,0,0,2,2,3,2,3,2,4,3,1,2,1,3,2,3,5,3,9,3,6,3,1,2,1,3,3,2,2,2,3,1,1,1,1,2,1,2,3,4,4,3,2,9,2,3,1,3,2,2,5,1,1,0,1,0,0,0
1302,27,3,12,99,4,4,0,0,0,0,0,0,0,0,0,0,1,4,4,4,4,5,5,5,5,5,3,3,5,2,12,5,5,5,5,5,5,3,3,3,3,3,3,3,3,3,3,3,3,3,3,3,3,3,3,4,12,1,9,3,66,2,5,1,3,7,0,0,0,0,0,0,1
1303,27,3,4,4,2,4,0,0,0,0,0,0,0,0,0,0,1,4,4,5,3,3,2,2,2,3,2,3,3,2,4,3,5,3,6,3,4,2,3,1,3,1,2,5,1,4,3,3,2,3,5,1,3,2,4,4,4,2,8,8,66,2,3,2,3,5,0,1,0,1,0,1,0
1304,27,2,12,99,2,3,0,0,0,0,0,0,0,0,0,0,1,2,2,2,3,5,5,3,3,2,2,2,3,2,12,2,4,2,0,5,5,3,2,1,5,3,3,4,3,3,5,1,1,2,3,1,2,3,3,4,12,2,12,5,66,2,4,2,3,6,1,1,1,1,0,0,0
1305,27,2,6,6,4,4,0,0,0,0,1,0,0,0,0,0,0,5,5,5,5,5,5,5,5,5,2,2,3,2,6,0,0,0,0,0,0,3,3,3,3,3,3,3,3,3,3,3,3,3,3,3,3,3,3,5,6,1,2,8,66,1,2,2,4,3,0,0,0,0,1,0,0
1306,27,3,12,99,4,3,0,0,0,0,0,0,0,0,0,0,1,2,2,2,2,3,3,2,2,2,2,1,5,3,12,99,99,99,99,99,99,3,3,1,4,2,3,2,4,3,3,1,1,2,3,3,3,3,5,5,12,2,2,6,66,1,5,1,5,3,0,1,0,1,1,1,0
1307,27,1,12,3,3,3,0,0,0,0,0,0,0,0,0,0,1,2,2,5,4,4,4,2,2,4,1,1,2,2,12,6,3,7,3,5,2,1,5,1,2,1,2,1,3,1,2,1,1,2,1,2,1,1,3,1,1,2,6,1,2,2,5,1,3,3,1,1,0,1,0,0,0
1308,27,3,12,6,3,3,0,0,0,0,0,0,0,0,0,0,1,2,2,3,3,4,3,1,1,3,2,1,3,2,12,6,2,7,2,4,2,2,2,1,5,1,1,3,4,4,4,1,1,2,1,5,4,2,4,5,6,1,5,3,66,2,6,4,4,5,0,1,0,1,0,0,0
1309,27,2,4,4,4,4,0,0,0,0,0,0,0,0,0,0,1,3,3,3,3,3,3,2,2,2,2,1,3,2,12,1,1,0,5,0,0,1,3,1,5,2,2,5,3,3,3,1,1,2,4,4,3,3,4,4,4,2,99,99,66,4,7,5,99,99,0,1,0,1,1,1,0
1310,27,2,6,6,2,3,0,0,0,0,0,0,0,0,0,0,1,2,2,3,2,2,3,3,3,2,2,2,3,2,7,5,3,0,3,2,2,4,5,1,3,3,3,2,2,4,4,2,2,3,2,1,1,3,5,3,12,2,10,2,3,2,5,4,2,4,1,1,0,1,0,0,0
1311,27,1,5,5,1,2,0,0,0,1,0,0,0,0,0,0,0,2,2,3,3,3,3,3,2,2,2,2,2,1,5,6,2,1,3,7,2,3,2,1,4,2,2,4,2,3,3,2,2,3,4,3,2,2,5,2,5,2,13,7,66,3,2,2,1,5,1,1,0,0,0,1,0
1312,27,2,3,3,2,3,0,0,0,0,0,0,0,0,0,0,1,3,4,4,4,2,3,2,1,2,2,2,3,2,3,0,0,2,0,0,0,2,5,1,2,1,4,4,2,4,2,1,1,4,2,1,2,2,5,4,12,2,1,6,66,1,5,1,4,3,1,0,0,1,1,0,0
1313,27,2,3,3,2,3,0,1,0,1,0,0,0,0,0,0,0,2,4,2,4,4,4,4,3,2,2,2,3,2,3,0,5,6,4,1,2,2,3,1,4,2,2,4,2,4,3,2,2,2,4,4,2,2,4,4,3,1,12,7,66,2,5,2,4,5,1,1,0,0,0,0,0
1314,27,2,5,5,2,3,0,1,0,0,0,0,0,0,0,0,0,5,2,5,5,5,5,2,2,2,1,1,3,2,12,0,5,5,3,0,0,1,1,1,5,1,1,1,5,5,5,1,1,1,3,3,5,3,3,2,5,1,8,8,66,2,2,1,5,5,0,1,0,0,0,0,0
1315,27,2,4,4,2,3,0,0,0,0,0,0,0,0,0,0,1,3,3,3,3,3,3,2,2,3,1,1,3,2,4,3,2,3,7,3,2,2,3,1,3,2,2,2,2,4,3,3,2,3,2,4,4,4,4,5,4,2,7,2,4,3,3,4,3,6,0,0,0,1,0,1,0
1316,27,2,3,3,3,3,0,0,0,0,0,0,0,0,0,0,1,2,2,2,2,3,3,2,1,4,2,1,1,1,3,5,5,6,5,5,5,2,4,1,4,2,3,3,2,2,2,1,1,2,3,3,4,3,4,5,3,2,4,5,66,2,5,1,4,5,1,0,0,1,0,0,0
1317,27,2,3,4,2,3,0,0,0,0,0,0,0,0,0,0,1,2,1,2,1,5,4,3,2,2,2,2,2,1,4,6,6,7,10,1,5,2,3,3,4,2,2,4,5,5,3,2,2,2,2,2,4,3,2,4,4,2,7,5,66,2,4,1,3,2,0,1,0,1,0,0,0
1318,27,2,12,99,3,3,0,0,0,0,0,0,0,0,0,0,1,3,3,4,3,3,3,3,2,2,3,3,5,3,12,5,5,5,5,5,5,4,5,1,5,2,3,2,5,4,1,2,3,3,2,3,3,3,3,2,12,1,3,8,66,1,2,1,3,5,0,1,0,0,0,0,0
1319,27,2,5,3,2,3,0,0,0,0,0,0,0,0,0,0,1,3,3,4,3,3,3,2,2,2,1,1,3,2,1,3,2,3,2,1,1,5,1,1,5,3,2,5,3,3,5,5,1,1,3,3,2,3,3,5,3,1,10,7,66,2,4,1,6,3,0,1,0,1,0,0,0
1320,27,2,3,4,2,2,0,1,1,0,0,0,1,0,0,0,0,3,2,3,3,3,3,3,2,2,3,1,2,3,3,2,2,6,7,1,3,2,2,1,2,3,1,4,2,2,2,3,4,2,2,2,3,3,4,8,4,1,8,1,2,2,5,1,5,5,0,1,0,1,0,1,0
1321,27,1,3,3,2,3,1,1,0,0,0,0,0,0,0,0,0,3,2,3,3,3,3,3,2,3,2,2,2,2,3,99,99,5,99,5,99,3,1,1,3,3,3,5,5,4,3,3,5,1,2,4,3,3,4,3,3,1,14,7,66,2,1,1,2,5,0,1,0,0,0,0,0
1322,27,1,12,1,3,2,0,1,0,0,0,0,0,0,0,0,0,2,2,3,2,2,3,2,2,2,2,2,2,2,1,5,3,5,3,5,0,3,3,3,4,3,3,3,3,3,3,3,3,3,3,3,3,3,3,4,1,2,10,2,3,2,2,1,3,4,0,1,0,0,0,0,0
1323,27,2,12,99,4,4,0,0,0,0,0,0,0,0,0,0,1,4,4,4,4,4,4,4,4,4,2,3,3,2,12,0,0,0,0,0,0,1,1,1,3,1,1,5,1,5,3,3,3,1,5,3,3,3,5,2,12,1,7,3,66,4,2,1,3,7,1,1,1,1,1,1,0
1324,27,2,3,99,4,3,99,99,99,99,99,99,99,99,99,99,99,3,3,3,3,3,3,5,5,3,3,3,2,3,99,99,99,99,99,99,99,1,1,2,5,99,1,3,2,4,3,3,3,99,99,99,99,99,99,2,12,2,7,2,1,3,3,5,3,6,0,0,0,1,0,0,0
1325,27,3,5,5,1,2,0,1,0,1,0,0,0,0,0,0,0,5,5,5,5,5,5,5,5,5,3,3,2,2,5,99,99,99,99,99,99,99,5,3,3,2,2,5,2,5,1,5,2,99,99,99,99,99,99,4,5,1,14,7,66,2,1,1,2,99,1,1,0,0,0,0,0
1326,27,1,2,2,2,5,1,1,0,0,0,0,0,0,0,0,0,1,1,2,2,3,2,2,2,2,1,2,2,2,2,0,8,6,2,3,8,5,5,1,5,1,1,5,1,3,1,5,5,1,2,5,5,3,5,5,2,1,7,2,2,1,5,1,3,4,1,1,0,1,0,1,0
1327,27,1,1,1,2,2,0,1,1,1,0,0,0,0,0,0,0,4,3,3,2,5,2,2,2,3,2,3,2,2,1,10,0,7,5,6,3,1,1,1,3,1,1,2,2,2,2,3,4,1,2,5,5,3,2,2,1,1,7,1,2,1,3,4,1,4,0,1,0,1,0,0,0
1328,27,1,3,3,2,2,0,0,0,0,0,0,0,0,0,0,1,2,2,3,3,3,4,2,2,2,3,3,2,2,3,3,6,8,6,7,5,3,4,2,3,2,2,4,3,4,3,2,2,1,2,5,3,3,3,2,3,2,9,2,3,2,2,1,2,5,0,1,0,0,0,0,0
1329,27,2,3,3,2,3,0,1,0,0,0,0,0,0,0,0,0,2,2,2,3,3,3,2,2,3,2,1,3,2,3,5,2,7,2,5,3,2,2,1,3,3,2,2,1,3,2,2,2,2,3,3,3,2,4,5,12,2,7,2,3,2,2,1,4,4,1,1,0,0,0,0,0
1330,27,2,2,2,2,4,0,1,1,0,0,0,0,0,0,0,0,3,3,3,4,4,4,4,3,2,1,1,4,2,1,1,8,5,5,2,10,2,1,1,3,1,1,5,1,5,1,3,5,1,2,2,1,1,5,8,2,1,10,1,3,2,2,1,3,4,0,1,0,1,0,0,0
1331,27,2,5,5,2,2,0,0,0,0,0,0,0,0,0,0,1,4,4,4,4,4,4,4,4,4,1,1,3,2,5,5,0,5,0,5,0,1,1,3,1,1,1,5,3,3,5,3,1,1,5,1,1,3,3,4,5,1,11,7,66,1,3,4,1,4,0,1,1,0,0,0,0
1332,27,2,9,11,1,4,0,0,0,0,0,0,0,0,0,0,1,4,4,4,4,2,2,1,1,2,1,1,3,2,11,0,0,0,0,0,0,3,3,3,2,3,2,5,3,4,3,1,3,1,3,1,3,3,3,7,11,2,8,1,2,2,3,2,2,4,0,1,0,0,1,1,0
1333,27,2,3,3,2,2,0,1,0,0,0,0,0,0,0,0,0,4,4,4,4,2,2,1,1,2,1,1,3,2,3,5,0,8,5,5,0,1,3,1,4,3,2,5,2,3,4,3,3,2,3,4,3,3,4,4,99,2,10,7,66,3,2,1,1,3,0,0,0,1,1,1,0
1334,27,2,3,3,2,2,0,1,1,0,0,0,0,0,0,0,0,1,1,1,2,3,3,2,2,2,2,2,2,2,3,6,5,9,7,5,5,2,3,2,3,2,4,3,1,3,4,3,2,1,4,3,2,3,3,2,3,2,4,1,3,2,4,2,2,4,0,1,0,1,0,0,0
1335,27,3,3,3,2,2,0,0,0,0,0,0,0,0,0,0,1,2,2,3,2,3,4,3,3,3,2,3,3,2,12,99,99,99,99,99,99,3,4,1,4,3,3,5,2,4,99,5,3,3,3,3,3,3,3,2,12,2,9,1,2,3,4,1,99,99,0,1,0,0,0,0,0
1336,27,2,12,3,2,3,0,0,0,0,0,0,0,0,0,0,1,3,3,3,3,3,3,3,3,3,2,1,2,2,12,5,5,5,5,5,5,3,3,3,3,3,3,3,3,3,3,3,3,3,3,3,3,3,3,2,12,1,4,1,2,2,5,1,4,5,0,0,0,1,0,0,0
1337,27,2,9,4,2,2,0,0,0,0,0,0,0,0,0,0,1,3,4,4,4,4,4,1,1,3,1,1,3,3,1,99,99,99,99,99,99,1,1,5,3,3,2,1,4,1,2,5,5,2,1,5,5,1,2,7,1,1,5,1,1,1,5,1,2,3,0,0,0,1,0,1,0
1338,27,1,3,2,2,3,1,0,0,0,0,0,0,0,0,0,0,3,3,4,4,4,4,4,2,1,2,1,4,2,2,2,5,1,2,4,5,2,4,2,3,1,1,3,1,4,2,3,3,2,3,4,2,2,3,4,2,2,12,7,66,2,3,1,2,5,0,1,0,1,0,0,0
1339,27,3,6,6,3,2,0,0,0,0,0,0,0,0,0,0,1,5,2,5,2,2,3,3,1,2,2,1,2,2,4,5,3,3,6,2,3,2,2,99,5,3,3,3,2,2,2,1,1,2,3,2,2,2,5,5,4,2,2,6,66,1,5,1,3,4,0,1,0,0,0,0,0
1340,27,3,3,3,2,3,0,0,0,0,0,0,0,0,0,0,1,2,2,3,3,4,4,3,3,2,1,1,3,2,3,5,5,6,5,4,5,1,3,3,4,2,3,5,2,5,4,2,2,2,3,2,3,3,4,4,3,2,11,5,66,2,2,1,2,5,1,1,0,0,0,0,0
1341,27,1,3,3,3,3,0,1,0,0,0,0,0,0,0,0,0,5,5,5,5,5,5,5,5,5,1,1,3,2,3,99,99,99,99,99,99,1,2,2,3,3,2,3,1,3,1,1,2,1,2,2,2,2,3,4,12,2,11,2,4,2,2,1,2,5,0,1,0,1,0,0,0
1342,27,2,10,10,2,2,0,0,0,0,0,0,0,0,0,0,1,2,2,3,3,3,3,3,3,2,2,2,3,2,10,4,6,5,6,5,9,3,3,2,3,1,3,3,1,2,2,1,1,1,5,1,1,5,5,8,2,2,11,7,66,2,2,1,3,6,1,1,0,0,0,0,0
1343,27,1,1,99,3,3,0,0,0,0,0,0,0,0,0,0,1,3,3,3,3,3,3,5,2,3,2,2,3,2,12,5,4,4,4,6,4,2,4,2,3,2,3,3,3,4,4,1,1,1,3,1,2,3,4,9,12,2,10,5,66,2,4,1,2,4,0,1,0,1,0,0,0
1344,27,1,3,3,2,2,0,1,0,0,0,0,0,0,0,0,0,2,2,3,2,3,3,3,3,3,2,2,2,1,3,6,0,8,0,6,0,3,3,1,3,3,4,4,1,3,4,3,3,3,3,3,4,3,3,3,1,1,12,7,66,2,2,1,2,4,1,1,0,1,0,0,0
1345,27,2,12,3,2,4,0,0,0,0,0,0,0,0,0,0,1,2,3,3,3,3,3,2,2,2,1,1,3,2,12,1,5,7,5,3,5,3,2,2,3,3,3,4,2,3,3,2,2,2,4,3,3,3,5,8,3,1,8,1,2,2,5,1,4,4,0,0,0,1,0,1,0
1346,27,2,12,2,2,3,0,0,0,0,0,0,0,0,0,0,1,2,2,3,3,3,2,2,3,3,2,2,3,2,12,5,5,5,5,1,5,3,3,2,4,2,2,4,3,3,4,3,2,2,3,3,3,2,3,4,12,2,11,1,3,3,6,1,1,3,1,1,1,1,1,1,0
1347,27,2,12,3,3,4,0,1,0,0,0,0,0,0,0,0,0,4,4,4,4,4,4,4,3,2,2,2,2,2,12,0,0,5,0,0,0,1,5,1,5,3,3,5,3,3,5,3,3,1,3,3,2,3,3,4,12,2,6,1,2,2,3,1,4,4,0,1,0,1,0,1,0
1348,27,2,1,1,1,2,0,0,0,0,0,0,0,0,0,0,1,3,3,3,3,4,4,4,4,2,3,1,3,3,1,99,99,99,99,99,99,2,1,1,3,2,3,2,3,2,1,3,2,1,2,4,2,2,2,2,1,1,11,2,2,3,2,1,1,5,1,0,0,0,0,0,0
1349,27,2,9,9,1,4,0,0,0,0,0,0,0,1,0,0,0,4,4,4,3,3,3,2,2,2,1,1,4,2,9,8,0,5,3,0,0,1,2,5,1,2,2,5,2,2,2,5,5,1,2,4,4,2,2,1,4,1,9,3,66,2,2,1,5,7,0,1,1,1,1,1,0
1350,27,1,3,3,2,2,99,99,99,99,99,99,99,99,99,99,99,2,2,2,2,3,3,1,1,2,2,1,2,1,3,7,5,10,5,7,5,2,3,1,5,3,2,4,2,3,2,4,2,4,3,5,3,2,5,4,3,1,6,1,2,2,3,1,5,3,1,1,0,1,0,0,0
1351,27,2,6,6,2,3,0,0,0,0,0,0,0,0,0,0,1,3,4,3,3,3,3,2,2,3,2,2,3,2,6,99,99,99,99,99,99,4,5,1,4,1,1,5,1,2,1,1,1,3,4,1,1,1,5,4,6,1,8,1,4,2,5,1,5,3,0,1,1,1,0,0,0
1352,27,1,12,3,2,4,0,0,0,0,0,0,0,0,0,0,1,2,2,3,3,3,3,2,3,3,1,1,4,2,12,5,0,5,0,8,1,1,3,1,3,2,1,2,2,2,1,1,2,2,3,3,3,3,3,2,1,2,11,5,66,2,4,1,3,5,0,1,0,0,0,0,0
1353,27,2,12,6,2,4,0,0,0,0,0,0,0,0,0,0,1,2,3,3,2,3,3,2,2,2,1,1,3,2,12,2,3,4,3,0,2,1,3,4,4,2,1,5,2,2,2,3,2,2,2,5,3,3,3,2,12,1,3,2,2,1,5,1,4,6,0,0,0,1,1,0,0
1354,27,2,3,3,2,3,0,1,0,0,0,0,0,0,0,0,0,2,2,2,2,3,3,2,2,2,2,2,3,2,1,6,5,7,5,7,7,2,3,1,4,2,4,2,2,3,3,2,2,2,2,3,2,4,4,3,3,2,9,8,66,2,3,2,3,5,0,1,0,1,0,0,0
1355,27,2,12,6,2,4,0,0,0,0,0,0,0,0,0,0,1,2,2,2,2,5,3,2,2,5,1,1,3,2,12,0,1,1,1,0,0,1,4,3,3,3,3,4,2,4,4,2,2,2,3,3,3,3,3,2,12,2,8,99,66,2,2,3,5,5,0,0,0,1,0,0,0
1356,27,1,1,1,2,3,0,0,0,0,0,0,0,0,0,0,1,3,2,3,3,4,4,3,3,3,2,2,3,2,1,5,2,2,2,6,2,3,3,3,3,3,3,4,2,3,2,3,3,3,3,3,3,3,4,2,1,2,9,5,66,2,2,1,3,4,0,1,0,1,0,0,0
1357,27,2,5,5,3,3,0,1,0,0,0,0,0,0,0,0,0,2,3,3,4,4,4,3,3,2,2,3,2,2,3,99,99,99,99,99,99,1,3,2,5,2,1,5,2,5,1,2,3,3,4,5,2,3,2,4,99,1,8,8,66,2,2,1,4,4,0,1,0,1,0,0,0
1358,27,2,3,4,2,3,0,0,0,0,0,0,0,0,0,0,1,2,2,5,2,4,4,3,2,3,1,1,2,1,3,1,1,2,3,0,1,1,2,1,5,1,3,4,4,3,4,5,5,3,3,5,5,3,5,4,3,2,11,5,66,2,2,1,6,3,0,1,0,1,0,0,0
1359,27,1,1,1,2,3,0,0,0,1,0,0,0,0,0,0,0,3,3,3,3,3,2,1,2,1,1,1,3,2,1,99,99,99,99,99,99,1,3,3,3,2,2,3,3,99,2,4,3,2,2,3,4,3,4,2,1,1,8,1,2,2,5,1,4,3,0,0,0,0,0,1,0
1360,27,2,7,7,2,3,0,0,0,0,0,0,0,0,0,0,1,2,3,3,3,3,3,2,2,2,2,2,3,2,6,2,4,0,4,2,2,3,5,1,5,2,3,3,1,3,5,1,1,3,4,1,1,2,4,5,7,2,6,1,1,2,6,1,4,3,1,1,0,1,0,0,0
1361,27,2,7,7,3,3,0,0,1,0,0,0,0,0,0,0,0,3,3,3,3,3,3,3,2,2,1,1,3,2,12,0,1,2,2,2,0,2,3,2,2,2,2,2,1,2,2,1,1,1,2,2,4,3,5,3,12,2,4,7,66,1,2,1,2,6,0,1,0,1,1,0,0
1362,27,2,3,3,3,4,0,1,0,0,0,0,0,0,0,0,0,3,3,3,3,3,3,3,3,3,1,3,3,2,3,5,5,8,5,5,5,3,3,3,5,1,3,5,1,3,1,3,3,3,1,5,3,3,5,4,3,2,13,7,66,2,1,1,4,5,0,1,0,0,0,0,0
1363,27,1,12,3,3,2,0,0,0,0,0,0,0,0,0,0,1,2,2,2,3,3,3,3,3,3,3,2,3,2,99,99,99,99,99,99,99,3,3,3,3,3,3,3,3,3,3,3,3,3,3,4,4,4,3,4,1,2,13,5,66,3,2,1,1,99,0,0,0,0,0,0,1
1364,27,2,12,99,2,4,0,0,0,0,0,0,0,0,0,0,1,2,2,2,2,3,3,2,2,3,2,1,5,2,12,5,5,5,5,5,5,3,3,2,4,3,2,4,1,3,1,3,3,2,4,3,2,3,4,4,12,2,9,1,2,3,2,3,5,5,0,1,0,1,0,0,0
1365,27,1,1,99,3,3,0,0,0,0,0,0,0,0,0,0,1,2,3,4,4,3,4,2,1,2,2,2,2,2,12,5,5,5,5,5,5,4,2,1,3,1,2,4,4,3,5,1,1,2,3,2,3,3,5,5,12,2,5,1,1,2,5,1,5,4,1,1,0,1,0,0,0
1366,27,1,1,1,2,2,1,0,0,1,0,0,0,0,0,0,0,2,2,5,5,5,5,3,3,1,2,3,3,2,1,99,99,99,99,99,99,99,99,99,99,99,99,4,1,99,99,99,99,99,99,2,4,99,99,2,1,1,13,7,66,3,1,1,1,5,1,1,0,0,0,0,0
1367,27,2,12,3,3,3,0,0,0,0,0,0,0,0,0,0,1,2,2,2,2,3,3,2,2,2,2,1,3,2,3,5,5,6,5,5,5,1,4,1,1,1,1,5,3,3,3,3,2,3,3,2,3,3,3,1,3,2,11,7,66,3,3,1,1,3,0,0,0,1,0,0,0
1368,27,3,1,1,2,3,0,1,0,0,0,0,0,0,0,0,0,2,2,3,3,4,4,4,2,2,1,1,3,2,1,99,99,99,99,99,99,1,2,3,3,3,3,3,2,3,4,3,3,1,2,4,3,2,3,5,1,1,8,1,2,1,6,2,1,4,0,1,0,1,0,0,0
1369,27,2,3,3,1,3,0,0,0,0,0,0,0,0,0,0,1,3,3,3,3,3,4,3,2,2,2,3,2,2,3,2,2,3,2,1,1,1,5,1,4,3,3,4,1,4,4,4,3,1,2,5,2,2,4,2,12,1,8,1,2,2,4,4,3,4,1,1,1,1,1,1,0
1370,27,2,12,6,2,4,0,0,1,0,0,0,0,0,0,0,0,4,4,4,4,3,3,1,1,2,2,1,1,2,6,0,5,0,5,0,5,2,5,1,1,3,1,5,5,5,5,3,3,1,1,3,3,3,3,2,6,1,3,1,2,1,3,4,1,4,0,0,0,1,1,1,0
1371,27,3,1,1,3,3,0,0,0,0,0,0,0,0,0,0,1,3,3,3,3,4,3,3,3,3,1,1,3,2,1,9,2,6,5,2,2,3,2,1,3,2,2,2,2,2,1,2,2,3,3,4,3,3,3,2,12,1,12,2,3,2,5,1,2,6,1,1,0,1,0,0,0
1372,27,1,1,1,2,3,0,0,1,1,0,0,0,0,0,0,0,2,2,2,2,3,3,3,3,2,1,2,3,2,2,99,99,99,99,99,99,2,3,2,2,1,1,3,1,3,1,5,5,2,3,3,3,5,5,4,1,2,12,7,66,2,2,1,2,4,1,1,1,0,0,1,0
1373,27,2,3,3,2,3,0,1,0,0,0,0,0,0,0,0,0,3,3,3,2,1,3,2,2,2,1,1,2,2,3,5,0,7,6,3,0,1,2,4,3,1,1,4,2,2,2,3,3,1,1,5,5,4,3,2,4,1,7,1,2,2,5,2,3,4,1,0,0,1,1,0,0
1374,27,2,4,4,1,4,0,0,0,0,0,0,0,0,0,0,1,3,3,4,3,4,4,4,4,1,1,1,4,2,12,0,6,5,7,2,6,1,1,3,5,4,4,5,1,4,2,5,5,1,2,4,3,2,5,8,12,1,10,1,2,2,3,4,3,4,0,1,1,1,0,0,0
1375,27,2,5,5,2,4,0,0,0,0,1,0,0,0,0,0,0,3,3,3,3,2,2,2,2,2,1,1,3,2,5,0,0,0,0,0,0,3,1,1,5,1,1,4,1,4,5,1,1,1,3,2,3,2,5,4,5,1,8,2,2,2,2,1,4,3,1,1,0,1,1,1,0
1376,27,1,5,5,2,2,0,1,1,1,0,0,0,0,0,0,0,2,2,2,3,3,3,3,2,2,1,1,3,2,5,8,7,8,5,6,5,3,3,2,4,2,2,2,2,2,2,3,3,2,2,4,4,4,4,4,5,1,13,7,66,3,1,4,2,6,1,1,0,1,0,1,0
1377,27,2,1,1,4,4,0,1,0,0,0,0,0,0,0,0,0,4,4,3,3,4,3,1,2,3,1,1,3,2,1,7,0,8,2,6,7,1,2,1,3,1,1,4,5,2,2,4,2,2,3,5,3,3,3,4,1,2,5,1,1,2,4,1,4,5,1,1,1,0,0,0,0
1378,27,1,5,5,2,3,0,0,0,0,0,0,0,0,0,0,1,1,2,5,5,3,5,5,5,5,2,2,3,2,5,5,2,4,2,5,2,4,3,1,5,2,3,3,2,5,4,3,3,4,3,3,3,3,4,8,1,2,13,7,66,3,2,1,4,3,1,1,0,1,0,0,0
1379,27,2,3,4,2,2,0,1,1,0,0,0,0,0,0,0,0,3,3,3,3,3,3,5,2,2,1,1,3,1,1,5,0,5,5,5,3,1,1,5,3,3,2,3,2,2,2,1,1,1,1,5,5,2,1,1,1,2,7,1,3,2,5,1,2,4,1,1,1,1,1,0,0
1380,27,2,5,5,3,3,0,0,0,1,0,0,0,0,0,0,0,3,2,3,2,3,5,2,2,3,1,1,2,2,5,3,2,6,2,2,2,3,2,1,4,1,2,5,2,4,5,3,2,4,3,4,4,3,2,4,5,1,11,7,66,2,5,4,2,5,0,0,0,0,0,1,0
1381,27,1,12,3,2,3,0,0,0,0,0,0,0,0,0,0,1,3,3,3,3,3,3,3,3,3,2,1,3,2,1,7,3,6,4,6,6,4,3,3,4,3,3,4,3,3,2,3,3,3,3,3,4,3,3,4,1,2,14,7,66,3,1,1,1,4,1,1,0,0,0,0,0
1382,27,3,12,3,2,2,0,1,0,1,0,0,0,0,0,0,0,2,2,3,2,3,4,2,2,2,2,3,3,2,5,5,5,5,5,3,5,3,2,1,4,2,3,3,3,3,3,1,1,2,3,4,4,3,4,4,12,2,9,5,66,2,2,2,2,4,0,1,0,1,0,0,0
1383,27,2,5,5,3,3,0,0,0,0,0,0,0,0,0,0,1,2,2,4,4,4,4,4,4,2,2,1,1,1,12,5,5,5,5,5,5,1,5,1,5,1,1,4,1,5,5,1,3,3,2,3,3,3,3,5,12,2,4,8,66,1,5,1,3,5,0,1,0,0,0,0,0
1384,27,2,1,3,2,5,0,1,0,0,0,0,0,0,0,1,0,2,2,2,2,2,2,2,2,3,3,1,3,2,3,2,99,5,99,0,99,1,3,2,3,2,2,4,2,3,2,2,2,1,3,3,3,3,2,2,3,1,5,2,2,2,2,3,2,4,0,1,0,1,0,1,0
1385,27,2,7,7,1,3,0,0,0,0,0,0,0,0,0,0,1,2,2,2,2,2,2,2,2,3,2,2,3,2,7,99,99,99,99,99,99,5,5,1,5,2,2,5,1,5,5,1,1,3,5,1,2,3,5,2,7,1,12,7,66,2,2,1,2,6,1,1,0,1,1,1,0
1386,27,2,3,3,3,3,0,1,0,0,0,0,0,0,0,0,0,2,2,2,2,3,3,2,3,3,3,3,3,2,99,5,2,6,2,4,3,3,3,3,4,3,2,3,1,5,4,3,1,2,3,3,3,3,5,4,1,2,11,2,3,3,4,3,4,6,1,1,0,1,0,0,0
1387,27,1,1,1,2,2,0,0,1,0,0,0,0,0,0,0,0,2,2,3,3,3,3,2,2,2,2,1,2,1,1,5,2,1,3,4,2,2,4,1,3,2,2,2,2,3,3,2,2,2,3,3,4,3,3,4,1,1,10,2,2,2,5,1,2,5,1,1,0,1,0,0,0
1388,27,3,99,99,2,2,99,99,99,99,99,99,99,99,99,99,99,2,2,3,3,3,3,5,5,5,3,3,5,3,99,99,99,99,99,99,99,3,4,3,3,3,3,2,3,3,2,2,2,3,3,3,3,3,3,4,99,2,10,5,66,2,2,5,3,5,0,0,0,1,0,0,0
1389,27,2,12,2,2,3,1,1,0,0,0,0,0,0,0,0,0,2,2,3,3,4,3,5,2,5,2,2,3,2,12,5,6,6,5,3,6,2,3,2,3,3,2,4,1,3,3,2,2,3,3,3,4,3,3,4,2,1,4,1,2,1,5,2,3,4,0,0,0,1,0,1,0
1390,27,3,12,1,3,3,0,0,0,0,0,0,0,0,0,0,1,2,2,3,2,3,3,2,2,3,2,2,2,2,1,5,4,2,4,3,2,3,3,2,4,2,3,4,1,3,4,2,2,2,3,3,2,3,3,4,12,2,8,1,1,2,3,1,2,3,0,0,0,1,0,0,0
1391,27,2,99,4,2,4,0,0,1,0,0,0,1,0,0,0,0,4,4,4,4,3,4,2,1,2,2,3,3,2,4,0,2,3,7,0,7,3,3,3,3,3,3,5,4,5,1,4,1,3,4,5,4,3,5,5,12,2,3,5,66,2,2,2,4,5,0,1,0,1,1,0,0
1392,27,2,3,4,2,4,0,0,0,0,0,0,0,0,0,0,1,4,3,3,2,2,3,2,2,2,1,1,2,2,1,5,0,7,7,0,3,1,1,3,4,3,2,3,2,2,3,4,1,1,4,5,4,2,5,2,12,99,99,99,66,4,7,5,99,99,0,0,0,0,0,0,1
1393,27,3,3,1,1,2,0,1,0,0,0,0,0,0,0,0,0,3,3,3,3,3,3,2,2,3,1,1,5,3,1,9,0,9,5,5,0,1,3,3,4,2,2,3,2,2,4,5,4,1,1,5,3,3,2,1,1,1,9,3,66,2,5,1,2,3,1,1,0,1,0,0,0
1394,27,3,12,1,2,2,0,1,0,0,0,0,0,0,0,0,0,2,2,2,2,2,2,2,2,2,2,1,2,2,1,8,4,7,4,5,4,2,4,2,4,2,3,4,3,2,2,1,1,2,4,4,2,3,2,2,1,2,7,1,2,2,4,1,2,3,0,1,0,1,1,1,0
1395,27,2,3,3,2,2,0,0,0,0,0,0,0,0,0,0,1,3,3,3,3,3,3,2,2,2,1,1,3,2,12,5,5,7,7,5,2,2,3,1,4,2,3,4,3,4,3,2,2,2,2,4,2,4,4,4,4,2,9,1,2,1,4,4,1,4,0,1,0,1,0,0,0
1396,27,2,12,6,3,4,0,0,0,0,1,0,0,0,0,0,0,3,3,3,3,3,3,3,3,3,1,1,2,2,6,0,0,0,0,0,0,2,2,3,3,2,2,4,2,4,2,2,2,3,3,3,3,3,3,2,6,2,10,7,66,1,2,2,2,5,0,1,0,1,0,0,0
1397,27,1,3,3,2,3,0,0,1,0,0,0,0,0,0,0,0,2,2,3,3,4,4,3,2,2,2,3,3,2,12,6,6,7,7,7,6,3,4,3,4,2,3,5,5,4,3,3,2,1,3,3,3,3,3,4,3,2,12,7,66,3,4,1,3,2,1,1,0,1,0,0,0
1398,27,2,1,4,1,3,0,0,1,1,0,0,0,0,0,0,0,2,2,2,2,3,3,2,2,2,1,1,2,2,1,8,0,1,8,5,5,1,2,3,4,2,3,3,1,2,2,1,1,1,3,5,2,1,2,4,4,2,15,7,66,3,2,5,1,4,0,1,0,0,0,0,0
1399,27,2,12,6,2,3,0,0,0,0,0,0,0,0,0,0,1,2,2,2,3,3,3,1,1,3,2,1,1,2,6,0,0,3,3,0,0,1,5,5,5,1,3,5,2,5,1,1,1,1,5,1,1,5,5,9,6,2,2,2,3,1,3,1,4,3,0,1,0,1,1,0,0
1400,27,2,3,3,4,4,0,0,0,0,0,0,0,0,0,0,1,3,3,3,3,3,3,4,3,3,2,1,3,2,12,0,0,0,0,0,0,1,2,1,5,1,1,5,5,5,5,3,3,2,3,3,3,3,3,4,12,2,12,7,66,2,4,1,2,6,0,1,0,0,0,0,0
1401,27,2,6,6,2,3,0,0,0,0,0,0,0,0,0,0,1,3,4,2,3,5,4,2,1,4,1,1,3,2,6,0,0,0,4,3,3,3,2,1,5,1,1,5,1,5,5,1,1,4,4,3,1,3,5,2,6,1,8,8,66,2,2,1,3,5,0,1,0,1,0,1,0
1402,27,2,3,4,1,4,0,0,0,0,0,0,0,0,0,0,1,4,4,3,3,2,2,1,1,4,1,1,2,2,4,1,2,2,9,0,1,1,2,5,1,3,1,5,3,5,5,5,5,3,1,5,5,5,5,2,4,1,11,7,66,3,5,2,1,3,0,0,0,0,1,0,0
1403,27,2,3,3,2,3,0,1,0,0,0,0,0,0,0,0,0,4,4,4,4,4,4,3,2,5,2,2,3,2,3,6,5,8,3,5,3,1,3,2,3,3,1,2,1,3,2,2,2,2,2,4,3,2,4,3,3,1,4,2,2,2,3,4,4,6,0,0,0,1,0,0,0
1404,27,2,12,1,3,3,0,0,0,0,0,0,0,0,0,0,1,2,3,3,3,3,3,5,2,2,1,2,2,2,1,3,0,5,0,3,0,2,2,3,3,2,3,4,2,3,2,3,2,1,4,3,3,3,3,4,12,2,6,2,3,3,2,1,5,6,0,1,0,1,1,0,0
1405,27,1,7,7,2,2,0,0,0,0,0,0,0,0,0,0,1,2,3,3,3,3,3,2,2,2,2,2,5,3,7,3,0,0,3,2,2,2,3,1,4,1,2,3,1,3,3,1,1,5,5,3,2,2,3,4,7,2,7,1,2,1,5,4,1,5,0,0,0,1,1,1,0
1406,28,2,3,3,1,2,0,1,1,0,0,0,0,0,0,0,0,3,3,3,2,2,4,2,1,1,1,1,1,1,1,10,0,10,10,0,0,1,1,5,1,3,5,1,5,1,3,5,5,1,1,5,5,1,1,4,4,1,9,1,2,2,5,4,2,3,0,0,0,1,1,0,0
1407,28,1,5,5,3,4,0,1,0,1,0,0,0,0,0,0,0,3,3,3,3,3,3,3,3,3,1,1,3,2,5,8,4,8,4,8,4,2,2,3,3,3,2,2,3,3,3,3,2,1,3,3,3,3,3,2,5,1,5,3,66,2,3,4,2,5,0,0,0,1,0,0,0
1408,28,1,2,1,2,1,1,0,0,0,0,0,0,0,0,0,0,2,1,3,3,2,3,1,2,2,1,1,3,2,1,6,5,2,3,6,6,1,1,5,1,1,1,1,5,5,5,5,1,5,5,5,1,1,1,2,1,1,7,3,66,2,1,2,3,3,1,1,0,1,1,1,0
1409,28,2,3,3,2,3,0,0,0,0,0,0,0,0,0,0,1,2,3,3,2,3,2,2,2,3,2,2,3,2,3,3,2,10,2,1,1,2,2,1,2,3,3,5,3,5,4,4,5,2,3,4,4,4,5,3,3,2,15,7,66,3,2,1,2,3,1,1,0,1,0,1,0
1410,28,3,9,9,1,3,0,0,0,0,0,0,1,1,0,0,0,2,3,3,4,4,4,4,4,3,1,1,2,2,1,10,0,5,5,5,5,1,1,5,5,1,5,1,5,1,1,5,5,2,1,5,1,5,1,1,1,1,7,1,2,2,2,1,5,1,1,1,1,1,0,0,0
1411,28,3,7,7,2,3,0,0,0,0,0,0,0,0,0,0,1,2,2,2,2,2,3,3,2,2,2,2,3,2,12,5,4,4,4,5,4,2,3,2,2,1,3,4,2,3,4,3,2,2,2,3,3,2,2,1,99,1,12,7,66,2,2,1,3,5,1,1,0,0,0,0,0
1412,28,2,3,11,1,4,0,0,0,0,0,0,0,0,0,0,1,4,4,3,4,2,2,1,1,3,2,3,1,2,12,0,0,5,5,0,0,1,3,1,5,1,1,5,3,5,5,5,1,1,1,5,5,3,5,2,4,1,2,6,66,1,5,1,4,4,0,0,0,0,0,0,1
1413,28,1,12,3,3,3,0,1,0,0,0,0,0,0,0,0,0,3,2,3,3,3,3,2,2,2,1,1,3,2,1,6,5,6,4,5,4,2,3,2,4,3,2,3,2,3,1,1,1,3,4,3,3,3,4,4,3,2,7,2,2,2,5,1,2,4,0,1,0,0,0,0,0
1414,28,1,3,3,1,4,0,1,1,0,0,0,0,0,0,0,0,2,2,3,3,3,3,3,2,2,1,1,2,2,1,6,3,8,3,5,5,2,1,3,4,1,1,5,3,4,3,4,3,2,4,4,4,5,5,4,3,1,13,7,66,2,2,1,2,5,1,1,0,0,0,0,0
1415,28,2,4,4,1,3,0,0,0,0,0,0,0,0,0,0,1,3,4,4,3,2,3,1,1,3,1,1,3,2,4,0,0,3,7,0,2,1,2,4,1,2,1,5,3,3,3,5,5,1,2,5,3,3,2,2,4,1,5,1,2,3,2,4,1,3,0,1,0,1,1,1,0
1416,28,2,2,2,1,3,0,0,0,0,0,0,0,0,0,0,1,2,2,3,5,5,5,4,2,1,2,2,4,2,99,0,5,0,5,2,5,5,5,1,4,4,2,3,2,3,5,2,2,2,4,2,2,3,5,4,12,1,13,7,66,1,5,4,1,6,1,1,0,0,0,0,0
1417,28,2,3,11,2,3,0,1,1,0,0,0,0,0,0,0,0,3,2,3,2,3,3,2,2,3,1,1,3,2,3,5,7,8,7,2,4,1,2,3,4,2,3,4,2,4,2,3,2,3,3,3,3,2,1,2,3,2,6,2,3,2,4,1,3,5,0,1,0,1,0,1,0
1418,28,1,1,1,2,2,0,0,0,1,0,0,0,0,0,0,0,2,2,3,2,4,4,4,4,1,2,2,2,1,1,5,5,3,5,5,5,2,3,1,4,4,3,3,2,4,4,5,4,1,4,4,5,3,99,4,1,1,12,7,66,2,5,2,2,99,1,1,0,1,0,0,0
1419,28,1,3,2,2,2,1,1,1,0,0,0,0,0,0,0,0,2,2,2,2,4,3,3,2,2,2,2,2,1,2,5,7,7,6,5,5,2,2,1,3,2,3,4,1,2,3,3,1,2,2,2,2,2,3,6,2,2,10,1,3,1,2,2,2,3,1,1,0,1,0,0,0
1420,28,1,4,2,2,2,0,0,0,1,0,0,0,0,0,0,0,2,2,2,3,3,3,3,3,2,2,2,2,2,1,6,4,1,3,7,5,1,4,2,4,99,99,99,99,99,99,99,99,4,4,2,2,2,4,5,1,1,7,7,66,1,5,1,2,5,1,1,1,0,0,0,0
1421,28,1,3,3,1,2,0,1,0,0,0,0,0,0,0,0,0,3,2,4,3,3,3,2,2,2,1,1,2,2,3,99,99,99,99,99,99,2,3,2,4,3,2,2,1,1,2,5,4,3,99,5,4,1,2,4,3,1,15,8,66,2,2,1,2,4,1,1,0,1,0,1,0
1422,28,1,5,5,3,3,0,0,0,1,0,0,0,0,0,0,0,2,2,3,2,3,2,3,3,2,3,3,3,2,1,7,5,5,5,7,3,3,3,1,4,2,3,4,3,4,4,3,3,2,3,3,3,3,2,9,1,2,11,7,66,2,5,1,2,4,1,1,0,1,0,0,0
1423,28,2,7,7,1,2,1,0,0,0,0,1,0,0,1,0,0,1,2,5,1,5,5,5,5,5,2,1,2,1,7,0,5,10,5,5,10,1,3,1,5,3,1,5,3,1,1,3,3,1,1,3,3,3,5,5,7,1,2,2,3,1,2,1,4,4,1,1,0,0,0,0,0
1424,28,2,7,7,2,3,0,0,0,0,0,0,0,0,0,0,1,2,2,3,3,4,4,4,5,2,2,2,3,2,7,2,5,2,5,2,5,5,4,1,4,1,2,5,2,4,5,1,1,4,4,5,2,4,4,2,7,2,11,1,3,2,4,1,3,5,1,1,0,0,0,0,0
1425,28,1,1,99,2,2,0,0,1,1,0,0,0,0,0,0,0,1,1,5,5,3,5,4,4,2,2,2,2,1,1,8,0,0,5,8,2,2,1,4,4,1,3,5,1,3,2,2,3,4,3,1,2,2,5,3,1,1,15,7,66,2,1,1,2,4,1,1,0,0,0,0,0
1426,28,1,1,1,2,3,0,0,0,0,0,0,0,0,0,0,1,2,2,3,2,4,4,3,3,2,2,3,3,2,1,5,5,5,5,5,5,3,3,2,99,99,2,3,3,4,3,2,2,99,99,99,99,99,99,3,1,2,10,5,66,2,3,2,2,4,1,1,0,1,0,0,0
1427,28,2,12,7,4,3,0,0,0,0,0,0,0,0,0,0,1,4,4,4,2,3,3,2,2,2,2,2,2,1,4,0,2,2,6,2,2,2,2,99,3,2,1,4,4,4,1,1,1,2,2,5,4,3,2,5,4,1,1,6,66,1,5,2,5,3,0,1,0,1,1,1,0
1428,28,3,5,4,2,4,0,0,0,0,0,0,0,0,0,0,1,3,3,3,3,4,3,3,2,2,1,1,3,2,12,2,1,2,4,1,0,2,3,4,3,3,2,5,2,3,3,3,3,2,3,5,4,3,5,4,12,1,12,7,66,2,3,4,2,5,0,0,0,1,0,1,0
1429,28,2,1,1,2,3,0,1,0,0,0,0,0,0,0,0,0,2,2,3,3,3,3,2,2,2,1,1,2,2,1,6,4,5,4,5,4,1,2,3,3,3,2,2,2,2,3,2,1,1,2,4,2,2,3,3,1,1,9,3,66,2,3,1,4,5,0,1,1,1,0,0,0
1430,28,3,5,5,2,2,0,0,0,0,0,0,0,0,0,0,1,2,3,3,3,2,2,2,2,2,2,1,3,2,5,4,4,0,4,4,4,2,4,1,5,3,3,4,3,3,4,3,3,3,4,3,3,3,5,3,5,2,9,1,3,2,2,1,3,5,1,1,0,1,0,0,0
1431,28,2,1,4,2,3,0,0,1,0,0,0,0,0,0,0,0,4,4,3,2,2,3,2,2,3,1,1,3,2,1,6,0,5,7,3,2,1,1,1,4,1,1,3,3,1,2,2,4,1,1,5,3,2,2,2,4,1,3,3,66,1,2,4,3,6,0,1,0,1,1,1,0
1432,28,1,3,99,2,2,0,1,0,0,0,0,0,0,0,0,0,2,2,3,3,3,3,3,2,2,1,1,2,3,1,6,3,6,3,6,6,2,2,2,3,3,3,2,2,2,3,2,2,1,2,3,3,3,3,4,1,1,11,1,2,2,3,1,3,5,0,1,0,1,0,0,0
1433,28,2,12,99,2,4,0,0,0,0,0,0,0,0,0,0,1,2,5,2,5,5,5,5,2,2,3,1,2,3,12,0,1,1,3,1,0,2,4,1,5,3,4,3,1,3,4,1,2,3,4,2,2,3,5,9,4,1,6,1,2,2,7,4,4,4,0,1,0,1,0,0,0
1434,28,1,7,7,2,2,1,0,0,0,0,1,0,0,1,0,0,2,2,2,2,2,2,2,2,2,2,2,2,3,7,8,6,5,7,5,0,3,1,1,3,3,1,5,1,3,3,3,3,3,3,3,3,3,3,4,7,1,7,1,1,1,2,3,1,4,0,0,0,1,0,0,0
1435,28,2,11,4,1,4,0,0,0,0,0,0,0,0,0,0,1,4,4,4,3,3,3,3,1,1,2,1,2,1,12,0,0,0,5,0,0,3,3,1,5,2,1,5,3,5,4,1,5,1,3,5,5,3,3,2,12,1,4,1,2,2,5,3,2,3,0,1,0,1,1,1,0
1436,28,2,3,3,1,2,0,1,0,0,0,0,0,0,0,0,0,2,2,2,3,3,3,3,2,1,1,1,2,3,1,6,5,6,4,6,7,2,2,2,3,2,2,2,1,2,2,2,2,1,2,2,2,1,4,2,7,1,13,7,66,2,5,2,3,3,0,1,0,0,0,0,0
1437,28,2,3,4,3,2,99,99,99,99,99,99,99,99,99,99,99,2,2,3,3,3,3,2,2,3,2,1,2,2,99,3,3,7,7,3,2,2,1,1,5,2,3,5,3,3,3,1,1,3,3,4,4,3,5,2,4,2,8,1,3,2,5,1,4,3,0,1,0,0,0,0,0
1438,28,3,2,2,2,3,0,1,0,0,0,0,0,0,0,0,0,2,2,3,3,4,4,3,2,2,2,2,3,2,12,5,5,0,0,5,5,3,4,1,4,3,3,2,2,2,3,1,1,2,4,2,2,4,2,3,12,2,12,3,66,2,5,1,2,2,1,1,0,1,0,0,0
1439,28,2,12,4,2,3,0,0,1,0,0,0,0,0,0,0,0,2,3,3,2,3,3,2,2,3,2,2,3,2,12,0,1,1,1,1,1,3,3,2,3,2,2,3,1,2,3,3,3,2,2,3,3,3,3,2,11,1,10,3,66,2,5,1,3,3,0,1,0,1,1,0,0
1440,28,2,4,4,2,2,0,0,0,0,0,0,0,0,0,0,1,2,2,3,2,3,2,5,2,2,1,1,2,2,1,6,4,6,6,5,6,1,4,4,2,2,2,3,4,2,2,2,5,1,3,5,2,2,1,3,12,1,2,6,66,1,5,1,2,3,0,1,0,1,1,1,0
1441,28,1,6,6,1,3,0,0,0,0,0,0,0,0,0,0,1,2,2,3,3,3,3,2,2,3,2,3,2,2,12,99,99,99,99,99,99,4,5,1,5,2,2,4,2,4,4,3,3,3,4,4,2,3,3,2,3,2,8,3,66,2,5,1,5,5,1,1,0,1,0,1,0
1442,28,2,2,6,1,4,0,0,1,0,1,0,1,0,0,0,0,3,3,3,3,3,4,3,2,1,1,1,3,2,6,0,5,3,5,3,5,1,4,1,2,2,1,5,4,5,2,1,1,4,2,3,4,4,5,2,6,1,10,2,3,2,5,4,3,5,0,0,0,1,1,1,0
1443,28,2,12,2,2,3,1,1,0,1,0,0,0,0,0,0,0,2,2,2,2,3,3,3,2,2,1,1,2,1,2,3,6,4,3,3,6,1,3,1,5,1,2,5,3,4,2,1,1,1,5,3,3,3,5,2,2,2,6,5,66,2,5,1,4,4,1,1,1,1,0,0,0
1444,28,1,1,1,1,2,0,1,0,1,0,0,0,0,0,0,0,2,1,2,1,2,2,2,2,2,2,1,2,2,1,7,3,5,3,7,1,2,3,3,1,1,2,5,1,1,3,5,5,3,3,3,3,1,1,4,1,2,13,3,66,2,2,1,3,5,1,1,1,1,0,1,0
1445,28,3,3,3,2,4,0,0,0,0,0,0,0,0,0,0,1,3,3,3,4,4,4,2,2,2,3,2,3,2,12,0,5,5,5,0,0,2,1,4,5,3,4,5,1,4,5,1,1,2,4,2,2,2,5,9,12,1,9,1,4,1,5,2,1,6,1,1,0,1,0,0,0
1446,28,2,12,4,1,3,0,0,1,0,0,0,0,0,0,0,0,3,4,3,3,2,2,1,1,3,1,1,2,2,12,0,2,1,5,0,0,3,3,3,3,3,3,5,5,5,5,5,5,1,2,1,3,3,3,2,4,2,5,3,66,2,5,1,5,3,0,0,0,0,1,1,0
1447,28,3,12,99,5,5,0,0,0,0,0,0,0,0,0,0,1,5,5,5,5,5,5,5,5,5,3,3,5,3,12,99,99,99,99,99,99,99,99,99,99,99,99,99,99,99,99,99,99,99,99,99,99,99,99,4,12,99,99,99,66,4,7,5,99,99,0,0,0,0,0,0,1
1448,28,3,12,11,4,5,0,0,0,0,0,0,0,0,0,0,1,5,5,5,5,5,5,5,5,5,3,3,5,3,12,0,0,0,0,0,0,3,3,3,3,3,3,3,3,3,3,1,1,3,3,3,3,3,3,9,12,2,4,2,2,1,2,4,1,6,0,1,0,0,0,0,0
1449,28,1,2,1,3,2,1,0,0,0,0,0,0,0,0,0,0,2,2,3,2,3,3,2,2,2,2,2,2,1,12,5,5,3,1,6,5,1,3,1,4,2,3,2,2,2,3,4,3,2,3,3,2,2,3,4,1,1,14,7,66,2,5,1,3,6,1,1,0,0,0,0,0
1450,28,1,5,5,2,2,0,0,0,1,0,0,0,0,0,0,0,5,5,5,5,5,5,5,5,5,3,3,2,3,5,8,3,2,3,8,0,3,3,3,5,1,3,5,3,3,1,3,1,1,3,3,3,3,3,4,5,2,13,7,66,3,1,1,2,7,1,1,0,0,0,0,0
1451,28,2,11,2,2,3,1,0,0,0,0,0,0,0,0,0,0,3,3,3,3,2,2,2,2,3,2,1,3,2,12,5,5,5,5,3,3,2,3,2,3,3,3,4,2,4,3,3,3,3,4,4,3,3,3,8,3,2,8,99,66,2,2,1,2,5,0,1,0,1,1,0,0
1452,28,2,4,4,3,3,0,0,0,0,0,0,0,0,0,0,1,2,2,2,2,3,3,3,3,2,1,1,3,2,12,3,6,7,7,3,4,3,3,2,4,2,2,4,2,4,2,3,3,3,4,4,4,3,3,4,4,1,11,3,66,2,2,1,2,5,0,1,0,0,0,0,0
1453,28,1,1,1,2,2,0,0,0,0,0,0,0,0,0,0,1,2,2,2,2,3,3,3,3,3,2,2,2,2,1,99,99,99,99,99,99,3,3,4,4,3,2,4,2,3,3,4,3,3,4,4,3,3,3,4,3,1,13,7,66,4,1,1,2,5,0,1,0,0,0,0,0
1454,28,3,12,3,2,3,0,1,0,0,1,0,0,0,0,0,0,3,2,2,2,3,2,2,1,2,2,1,3,2,3,2,3,9,1,4,4,1,5,1,3,3,2,5,1,4,4,1,1,1,3,3,3,3,3,2,6,2,3,2,2,1,5,2,1,5,0,1,0,1,0,1,0
1455,28,2,1,1,2,3,0,0,0,0,0,0,0,0,0,0,1,2,2,2,3,4,3,3,2,2,2,1,2,2,1,6,5,6,5,3,3,3,3,2,4,3,4,2,1,2,2,3,4,2,2,4,2,2,4,4,3,2,9,1,2,2,2,1,2,4,1,1,0,1,0,0,0
1456,28,2,1,1,4,4,0,0,0,0,0,0,0,0,0,0,1,3,3,2,2,3,4,2,2,3,2,2,2,1,1,1,0,0,0,0,0,2,3,3,2,1,2,5,1,4,1,2,2,2,2,4,4,3,2,2,1,1,1,6,66,1,2,1,2,3,0,1,0,1,1,0,0
1457,28,2,12,4,4,4,0,0,0,0,0,0,0,0,0,0,1,3,4,4,3,3,3,2,2,3,2,1,3,2,12,0,3,0,3,0,0,1,5,1,4,2,3,5,5,2,2,2,2,2,2,4,4,3,3,4,12,2,3,1,2,1,5,4,1,6,0,0,0,1,0,0,0
1458,28,3,3,3,5,3,0,1,0,0,0,0,0,0,0,0,0,3,3,3,3,3,3,2,3,3,1,1,3,2,4,5,7,8,8,5,5,1,1,4,4,2,3,5,1,5,3,2,2,1,4,3,2,5,5,5,4,2,5,1,3,2,3,1,4,5,0,1,0,1,1,1,0
1459,28,2,7,7,3,3,0,0,0,0,0,0,0,0,0,0,1,3,3,3,3,4,4,2,2,3,1,1,3,2,7,5,3,4,3,3,3,1,2,4,5,2,1,5,1,4,2,4,4,2,2,4,3,2,4,4,3,2,14,7,66,3,1,4,1,6,0,1,0,0,0,0,0
1460,28,2,12,1,1,3,0,0,0,0,0,0,0,0,0,0,1,3,3,3,3,3,3,3,2,2,1,1,3,2,3,6,1,4,1,3,1,1,2,2,3,2,4,4,2,4,5,4,3,1,2,3,2,3,2,2,12,1,10,1,1,2,5,1,2,3,0,0,0,1,0,0,0
1461,28,2,12,99,3,4,0,0,1,0,1,0,0,0,0,0,0,2,3,5,3,3,2,2,2,2,2,1,2,2,12,5,7,7,7,4,5,3,4,2,3,2,2,4,3,3,2,2,2,3,4,3,3,3,2,2,6,1,7,99,66,2,2,1,4,5,0,1,0,1,0,1,0
1462,28,2,1,1,3,3,99,99,99,99,99,99,99,99,99,99,99,3,3,3,3,3,3,2,2,3,2,1,2,2,1,5,3,4,3,3,2,3,3,1,3,2,1,5,1,5,5,3,3,1,5,1,5,5,5,2,12,1,9,1,2,2,2,1,2,5,0,1,0,1,0,0,0
1463,28,3,10,10,1,2,0,0,1,1,0,0,0,0,0,0,0,2,2,3,3,3,3,2,2,2,2,2,2,3,10,5,7,0,5,6,7,4,3,1,4,3,4,3,1,2,4,3,2,3,4,1,1,4,5,7,10,1,13,7,66,2,5,1,2,5,1,1,1,1,0,0,0
1464,28,2,1,9,1,3,0,0,1,0,0,0,1,0,0,1,0,4,4,3,3,3,3,3,2,3,1,1,3,2,1,6,0,3,6,0,0,1,3,5,3,3,2,3,3,2,2,5,5,1,3,5,3,3,3,1,1,1,12,2,2,2,5,1,2,4,0,0,0,1,1,1,0
1465,28,2,4,4,3,4,0,0,0,0,0,0,0,0,0,0,1,4,4,4,3,3,3,3,2,2,1,1,3,1,12,0,0,3,8,0,0,2,2,3,2,2,2,2,3,2,2,3,3,1,2,5,2,2,2,3,12,1,8,1,2,2,2,2,5,4,0,0,0,1,1,1,0
1466,28,2,5,5,2,2,0,0,1,1,0,0,0,0,0,0,0,2,2,3,3,3,3,4,2,2,1,1,3,2,1,7,5,5,5,5,5,1,5,1,3,1,3,5,1,3,1,5,5,1,3,2,2,2,5,8,12,1,14,7,66,2,3,4,2,6,0,1,0,1,0,1,0
1467,28,2,8,99,1,4,99,99,99,99,99,99,99,99,99,99,99,4,4,2,2,2,2,1,2,4,1,1,4,2,99,0,0,0,99,99,0,1,1,3,1,5,1,5,1,5,2,3,3,1,5,5,5,5,5,4,99,1,11,4,66,2,2,1,3,6,1,1,1,1,1,1,1
1468,28,1,2,2,3,3,0,0,0,0,0,0,0,0,0,0,1,3,3,3,3,3,3,3,2,3,1,1,2,2,2,0,8,0,5,8,8,1,1,1,2,2,1,1,1,1,99,3,3,1,99,5,5,5,5,4,1,1,15,7,66,3,2,5,1,6,0,1,0,0,0,0,0
1469,28,1,1,1,3,2,0,0,0,0,0,0,0,0,0,0,1,4,4,3,3,3,5,2,2,3,1,3,2,1,1,7,0,5,5,7,0,2,2,3,3,2,2,3,3,3,3,3,2,1,3,5,3,3,3,4,1,2,9,5,66,2,4,2,2,4,0,0,0,1,0,1,0
1470,28,2,4,4,1,4,0,0,0,0,0,0,0,0,0,0,1,2,2,2,2,4,4,2,2,2,2,2,2,2,4,0,0,3,9,0,0,1,1,1,2,4,1,5,1,4,2,1,1,1,1,5,4,1,4,2,4,1,6,1,2,2,5,4,3,4,0,1,0,1,0,0,0
1471,28,2,5,5,3,3,0,0,0,1,0,0,0,0,0,0,0,2,2,4,3,4,4,3,2,2,2,3,2,3,12,5,3,3,3,3,3,3,4,1,4,2,2,3,2,4,3,2,3,3,3,3,3,3,3,4,1,2,8,1,3,2,3,2,3,5,1,1,0,0,0,0,0
1472,28,3,12,1,2,3,0,1,0,0,0,0,0,0,0,0,0,2,3,4,3,4,4,3,2,3,2,1,2,2,3,7,0,4,1,1,0,2,4,3,4,2,2,2,2,5,3,3,2,1,2,4,3,3,3,9,3,1,6,1,2,2,5,1,4,4,0,1,0,1,0,0,0
1473,28,2,3,3,1,2,0,1,1,0,0,0,0,0,0,0,0,3,3,3,2,3,2,2,2,3,1,1,3,2,1,3,0,5,3,0,0,1,1,5,2,1,3,1,1,1,2,5,5,1,3,5,5,5,3,1,1,1,9,1,2,1,3,1,2,3,0,0,0,1,1,1,0
1474,28,2,4,4,2,3,0,0,0,0,0,0,0,0,0,0,1,3,3,3,3,3,3,2,2,3,1,1,2,2,12,5,0,2,8,5,0,2,2,2,3,3,1,4,3,3,2,3,4,2,4,5,3,2,3,2,4,1,7,2,2,2,2,4,2,5,0,1,0,1,0,1,0
1475,28,1,1,11,4,3,0,0,0,0,0,0,0,0,0,0,1,2,2,2,3,3,3,3,3,2,2,2,3,2,12,99,99,99,99,99,99,2,2,2,2,2,2,3,1,2,2,2,2,3,3,1,2,3,3,5,12,2,8,1,4,2,2,1,4,5,0,1,0,0,0,0,0
1476,28,1,2,2,1,2,1,0,0,0,0,0,0,0,0,0,0,2,2,2,2,2,2,2,2,3,2,2,2,1,1,8,8,5,3,6,6,1,1,1,3,1,1,3,2,3,1,3,3,1,3,5,1,2,5,4,2,1,12,4,66,2,2,1,2,4,1,1,1,1,0,0,0
1477,28,3,3,3,2,3,1,1,0,0,0,0,0,0,0,0,0,2,3,4,4,4,4,3,2,2,1,1,3,2,3,2,6,6,5,4,4,1,1,2,4,1,2,2,1,3,2,1,1,3,4,4,2,2,4,8,3,1,11,7,66,2,4,1,2,4,0,1,1,1,0,0,0
1478,28,2,12,1,3,3,0,0,0,0,0,0,0,0,0,0,1,2,2,2,3,3,3,3,2,2,2,2,2,1,6,5,5,5,5,4,5,5,2,1,3,4,4,2,1,5,4,1,2,2,2,1,3,2,4,8,3,1,9,1,2,1,5,1,3,4,0,1,0,1,0,1,0
1479,28,3,1,1,2,2,0,0,0,1,0,0,0,0,0,0,0,2,2,3,5,4,4,5,5,5,2,3,2,2,1,99,99,99,99,99,99,3,5,3,2,99,2,4,4,99,99,5,5,2,99,99,99,99,99,4,1,99,14,7,66,3,2,2,2,7,1,1,0,0,0,0,0
1480,28,2,2,2,2,2,1,1,0,0,0,0,0,0,0,0,0,1,1,2,2,3,3,3,2,2,2,2,3,2,2,5,10,7,6,5,10,2,3,1,5,1,2,5,2,3,3,5,3,2,4,1,3,3,5,4,2,2,13,8,66,2,2,1,2,5,1,1,0,0,0,0,0
1481,28,2,99,99,3,4,0,0,0,0,0,0,0,0,0,0,1,4,2,5,5,5,5,5,5,5,2,2,4,2,4,0,0,0,0,0,0,99,99,99,99,99,99,99,99,99,99,99,99,99,99,99,99,99,99,7,7,2,12,7,66,1,7,5,1,6,0,0,0,0,0,0,1
1482,29,3,3,3,2,5,0,1,0,0,0,0,0,0,0,0,0,2,2,3,3,5,3,3,3,2,3,1,3,2,3,4,6,7,6,5,6,2,3,1,4,1,1,3,2,4,4,2,2,3,3,4,1,4,3,8,3,2,12,2,3,1,2,4,99,4,0,1,0,1,0,0,0
1483,29,1,12,2,2,2,1,1,0,1,0,0,0,0,0,0,0,2,2,3,3,3,3,2,2,2,2,2,2,2,2,99,99,99,99,99,99,1,2,1,5,1,2,5,1,3,2,4,4,2,3,4,2,2,2,4,2,2,14,7,66,2,1,5,2,5,0,1,0,0,0,0,0
1484,29,1,3,3,1,2,0,1,1,0,0,0,1,0,0,0,0,2,2,5,5,5,5,3,1,1,1,1,3,2,1,3,1,2,2,3,2,3,4,1,3,3,2,4,2,3,4,2,4,1,3,4,4,5,5,4,1,2,12,7,66,2,2,4,2,5,1,1,0,0,0,0,0
1485,29,3,4,4,2,2,99,99,99,99,99,99,99,99,99,99,99,3,3,3,5,5,5,5,5,5,3,3,3,2,1,4,3,3,4,5,3,3,1,1,3,3,3,3,3,3,3,2,2,1,4,5,2,2,4,8,4,2,13,7,66,2,3,1,6,4,1,1,0,0,0,0,0
1486,29,2,1,1,2,2,0,0,0,0,0,0,0,0,0,0,1,3,3,4,4,4,4,2,2,2,3,1,2,2,1,6,4,5,4,4,4,1,3,3,4,2,2,3,2,3,2,2,2,1,3,3,2,2,4,2,1,2,6,6,66,1,5,1,3,4,0,1,0,1,1,0,0
1487,29,1,1,1,1,2,1,1,1,0,0,0,0,0,0,0,0,2,2,2,3,3,3,3,2,2,2,2,3,2,1,10,7,7,8,8,7,2,1,2,4,2,1,4,3,3,2,4,2,4,3,1,2,3,2,2,1,2,15,5,66,3,2,1,3,3,1,1,0,0,0,0,0
1488,29,1,3,3,1,3,0,0,0,0,0,0,0,0,0,0,1,1,1,3,2,2,3,2,2,2,1,2,3,2,3,0,8,9,7,10,10,1,2,1,5,3,3,5,5,3,4,2,3,2,2,1,1,1,5,3,3,2,12,3,66,2,2,1,2,2,1,1,0,0,0,0,0
1489,29,3,12,99,3,3,0,1,0,0,0,0,0,0,0,0,0,1,3,4,3,4,4,3,3,2,2,3,3,2,3,99,99,99,99,99,99,3,3,3,3,3,3,5,3,5,3,3,4,2,3,3,4,3,3,4,3,2,12,5,66,2,2,1,2,4,1,1,0,0,0,0,0
1490,29,3,2,2,2,2,0,0,0,0,0,0,0,0,0,0,1,2,2,3,2,4,3,4,2,1,2,2,3,2,2,1,1,0,0,1,0,2,3,1,5,2,3,3,1,3,4,1,1,2,3,1,3,2,4,1,12,1,12,7,66,2,2,1,2,5,1,0,0,1,0,1,0
1491,29,1,2,2,1,4,0,0,0,0,0,0,0,0,0,0,1,3,4,2,3,4,3,2,2,3,1,1,2,2,3,3,4,6,5,6,5,1,3,2,4,3,3,1,1,3,2,3,1,2,1,3,5,1,5,1,3,1,9,1,2,1,5,1,2,2,1,1,0,0,0,0,0
1492,29,2,6,6,1,3,0,0,0,0,1,0,0,0,0,0,0,4,4,4,4,2,2,1,1,3,1,1,3,3,6,0,6,1,6,0,2,1,1,1,5,3,1,5,1,5,3,3,3,2,3,4,2,3,5,2,6,1,7,1,2,2,3,1,6,4,0,0,0,0,0,1,0
1493,29,2,3,3,3,4,0,0,0,0,0,0,0,0,0,0,1,3,4,5,4,4,4,3,3,2,3,3,2,2,3,2,2,6,2,0,2,2,2,3,5,2,1,5,5,5,3,3,1,2,3,3,2,2,2,5,12,2,5,1,3,2,2,1,4,3,0,1,0,1,0,0,0
1494,29,2,3,3,3,3,0,0,0,0,0,0,0,0,0,0,1,1,2,2,3,4,4,2,2,2,2,2,2,2,12,99,99,99,99,99,99,3,3,1,5,3,3,3,3,3,2,3,5,3,3,2,3,3,3,8,3,2,2,6,66,1,2,1,4,3,0,1,0,1,0,0,0
1495,29,1,12,1,3,3,0,0,1,0,0,0,0,0,0,0,0,5,2,3,1,1,3,1,1,1,2,1,2,2,4,5,4,3,6,2,0,1,5,1,5,1,3,5,2,3,1,1,1,1,4,1,2,2,1,2,1,2,2,1,2,1,2,1,6,5,0,0,0,1,1,1,0
1496,29,1,12,1,2,2,0,1,0,1,0,0,0,0,0,0,0,2,3,3,2,4,4,3,3,2,2,1,2,1,3,5,3,8,5,5,0,2,4,2,2,3,2,5,2,5,5,3,1,3,4,3,2,3,4,2,3,2,11,7,66,3,2,4,3,5,0,1,0,1,0,0,0
1497,29,2,5,5,3,3,0,0,0,1,0,1,0,0,0,0,0,5,5,5,5,5,5,5,5,5,1,1,3,2,7,5,6,5,7,7,4,3,4,4,3,4,5,5,3,3,3,2,3,2,3,2,3,3,3,4,7,2,10,7,66,1,2,4,1,7,0,1,0,1,0,0,0
1498,29,2,2,2,2,3,0,0,0,0,0,0,0,0,0,0,1,2,2,3,2,3,3,3,5,5,2,2,3,2,2,0,6,0,0,1,5,4,2,1,4,3,4,4,1,4,4,1,1,2,3,1,2,2,5,4,2,1,10,7,66,1,4,1,3,5,1,1,0,0,0,0,0
1499,29,1,1,1,1,2,0,1,0,0,0,0,0,0,0,0,0,2,2,3,3,3,4,3,2,2,1,1,3,2,1,8,2,3,2,7,3,2,2,1,3,2,3,4,2,3,3,2,2,1,4,3,2,4,3,1,3,2,14,7,66,2,2,1,3,5,1,1,0,1,0,0,0
1500,29,1,1,1,2,3,0,0,1,0,0,0,0,0,0,0,0,3,3,3,4,4,4,4,3,3,1,1,3,2,1,10,2,5,8,7,2,1,2,5,5,2,1,1,2,1,1,5,5,1,1,5,3,3,3,7,1,1,15,7,66,2,2,1,6,3,1,1,0,1,0,1,0
1501,29,2,6,6,1,4,1,1,0,1,0,0,0,0,0,0,0,4,4,4,2,3,1,1,2,3,2,2,5,3,6,0,0,0,7,0,0,4,5,1,5,1,1,5,2,5,2,4,3,3,4,2,4,3,5,9,6,1,6,8,66,1,3,3,2,6,0,0,0,0,0,1,0
1502,29,2,3,3,1,3,0,1,0,0,0,0,0,0,0,0,0,2,2,3,3,3,3,3,2,2,1,1,2,2,3,3,6,9,6,3,8,2,2,4,4,3,2,3,1,3,2,5,5,1,2,1,2,4,5,2,3,2,12,7,66,2,5,1,99,4,1,1,0,0,0,0,0
1503,29,1,5,5,2,2,0,0,0,1,0,0,0,0,0,0,0,3,3,3,3,3,3,3,3,2,2,1,2,2,5,8,0,0,0,5,5,3,4,1,4,2,2,4,2,2,2,3,1,2,2,4,4,2,2,2,5,1,11,1,3,2,5,1,6,3,1,1,0,0,0,0,0
1504,29,2,1,1,2,3,0,1,0,0,0,0,0,0,0,0,0,2,2,3,3,3,3,2,2,2,3,1,3,2,1,7,2,4,3,3,4,1,3,2,3,3,2,2,2,2,3,3,3,1,3,2,2,1,5,2,12,2,12,7,66,2,2,1,4,4,1,1,0,1,0,0,0
1505,29,2,3,3,2,2,0,1,1,0,0,0,0,0,0,0,0,2,2,2,2,3,3,1,1,2,2,3,3,2,3,1,0,10,5,1,3,1,5,1,3,3,3,5,3,5,3,1,1,1,3,4,4,3,5,5,3,2,4,5,66,2,4,1,5,3,0,0,0,1,0,0,0
1506,30,3,99,99,3,2,99,99,99,99,99,99,99,99,99,99,99,3,3,3,3,3,3,3,3,3,3,3,3,2,99,99,99,99,99,99,99,2,4,2,3,3,3,4,2,4,2,3,3,2,3,3,3,3,3,9,99,2,14,7,66,3,2,5,6,4,0,0,0,0,0,0,1
1507,30,2,3,3,3,3,0,1,0,0,0,0,0,0,0,0,0,2,3,3,3,3,3,3,3,2,2,2,3,2,1,6,4,7,3,8,2,3,4,1,2,2,4,3,1,4,3,5,3,2,4,3,3,3,4,2,1,1,13,7,66,2,5,1,4,4,0,0,0,1,0,0,0
1508,30,3,3,3,2,3,1,1,0,0,0,0,0,0,0,0,0,5,3,4,3,4,4,2,2,2,2,3,3,2,12,1,1,1,1,1,1,2,1,1,5,1,2,2,1,2,3,3,3,1,4,4,4,3,2,4,12,1,12,7,66,2,1,1,2,7,0,1,0,1,0,1,0
1509,30,2,12,1,3,2,0,0,0,0,0,0,0,0,0,0,1,2,2,3,3,3,3,2,3,2,2,2,3,2,1,8,5,5,5,5,5,2,2,1,2,2,2,3,2,3,2,2,2,2,2,3,3,3,2,4,1,2,13,7,66,3,1,1,1,5,0,1,0,0,0,0,0
1510,30,1,1,1,2,2,0,0,0,1,0,0,0,0,0,0,0,3,4,4,3,3,4,3,3,3,1,1,3,2,1,4,1,2,2,5,1,1,2,3,2,4,3,1,1,1,2,4,4,1,2,1,1,4,3,1,1,1,14,7,66,2,2,3,2,6,0,1,0,0,0,0,0
1511,30,2,2,2,3,2,0,0,0,0,0,0,0,0,0,0,1,2,1,2,3,5,5,3,2,2,2,2,2,1,12,5,7,5,4,5,7,3,5,1,5,1,3,5,1,4,5,2,2,1,4,4,2,1,5,4,2,1,3,1,3,1,5,1,3,4,1,1,0,0,0,0,0
1512,30,2,6,6,2,3,0,0,0,0,1,0,0,0,0,0,0,1,2,2,2,3,3,3,2,2,1,1,3,2,99,99,99,99,99,99,99,1,2,3,3,1,1,3,2,3,1,2,2,2,3,3,3,3,5,2,12,2,8,2,3,1,2,3,6,7,0,1,0,1,0,1,0
1513,30,2,5,1,3,3,0,0,0,0,0,0,0,0,0,0,1,3,3,3,3,4,4,4,4,1,2,2,4,2,1,5,99,99,99,0,99,99,99,99,99,99,99,99,99,99,99,99,99,99,99,99,99,99,99,4,1,2,14,7,66,3,1,5,1,7,0,1,0,0,0,0,0
1514,30,1,5,1,2,2,0,1,1,0,0,0,0,0,0,0,0,2,2,3,3,4,4,3,3,2,2,2,3,1,1,7,4,6,2,5,5,5,3,5,5,2,5,1,3,3,4,1,1,2,1,3,3,1,5,2,1,1,10,1,2,2,2,1,3,3,1,0,0,0,0,0,0
1515,30,3,1,1,3,3,1,0,0,0,0,0,0,0,0,0,0,3,3,3,2,2,3,3,2,2,1,1,2,2,1,99,99,99,99,99,99,1,3,3,3,2,2,3,3,3,3,3,3,3,3,2,3,3,3,4,99,2,1,6,66,1,3,1,4,5,0,0,0,1,1,1,0
1516,30,1,3,99,2,2,0,1,0,1,0,0,0,0,0,0,0,2,2,3,2,3,3,3,2,2,1,1,2,1,12,5,3,7,3,5,5,2,2,2,3,3,2,3,3,4,1,3,3,1,3,4,2,3,2,5,12,2,9,5,66,2,3,1,3,6,0,1,0,1,0,0,0
1517,30,2,2,2,2,2,0,0,0,0,0,0,0,0,0,0,1,2,2,3,3,4,4,2,2,2,2,1,2,1,2,2,10,7,8,0,9,3,1,1,2,2,3,2,2,2,3,4,3,1,2,3,2,4,4,2,2,1,3,4,66,1,3,1,3,6,1,1,0,0,0,0,0
1518,30,2,1,9,3,2,0,0,0,0,0,0,0,0,0,0,1,2,2,2,3,3,3,3,3,3,2,2,2,2,9,0,0,5,0,0,0,99,99,99,99,99,99,99,99,99,99,99,99,1,1,1,2,1,1,5,99,2,8,1,1,1,5,1,4,2,0,0,0,0,1,0,0
1519,30,2,6,6,1,4,0,0,0,0,0,0,0,0,0,0,1,3,3,3,3,3,3,2,2,3,3,1,3,2,6,0,5,0,4,0,5,1,1,2,5,3,1,5,1,5,3,1,1,3,5,3,3,3,5,4,6,2,3,5,66,2,3,1,3,6,0,1,0,1,1,1,0
1520,31,1,1,1,2,2,0,0,1,0,0,0,0,0,0,0,0,2,2,3,3,3,3,3,2,2,1,2,3,2,1,5,4,1,7,8,6,2,4,3,4,1,1,4,1,3,3,2,2,3,2,5,4,4,5,8,4,1,11,1,3,2,2,1,2,5,1,1,0,1,1,1,0
1521,31,2,4,4,1,4,0,0,0,0,0,0,0,1,0,0,0,4,4,4,4,4,4,1,1,2,1,1,2,2,4,5,0,3,8,0,0,1,3,5,1,3,1,5,5,5,2,5,1,1,1,5,5,1,1,2,4,1,5,1,2,1,6,4,1,6,0,0,0,1,0,0,0
1522,31,3,1,99,1,3,0,0,0,0,0,0,0,0,0,0,1,2,2,3,3,4,4,4,4,2,2,3,4,2,7,1,1,1,1,1,1,3,5,1,5,3,3,5,5,5,5,1,1,3,5,2,2,4,5,4,12,2,10,5,66,2,5,5,4,4,1,1,0,1,1,0,0
1523,31,1,5,5,2,2,0,0,0,1,0,0,0,0,0,0,0,3,3,3,3,3,3,2,2,3,2,1,2,1,1,7,1,2,2,8,1,2,5,99,1,5,1,1,1,1,3,2,1,3,4,4,2,3,1,3,1,1,2,2,2,1,2,1,6,4,0,1,0,1,1,1,0
1524,31,1,1,1,3,3,0,0,0,0,0,0,0,0,0,0,1,2,2,2,2,3,2,2,3,3,2,2,3,2,12,5,5,5,5,6,5,4,4,2,3,2,3,4,2,4,3,3,4,3,4,3,2,4,2,2,12,2,12,4,66,2,2,1,5,4,1,1,0,1,0,1,0
1525,31,1,2,1,1,2,1,0,0,1,0,0,0,0,0,0,0,2,2,2,2,2,2,2,1,3,2,2,2,1,1,99,99,99,99,10,99,2,1,2,3,1,2,4,1,1,1,2,1,3,2,5,3,5,2,4,1,2,14,4,66,2,1,1,4,2,1,1,0,0,0,0,0
1526,31,1,1,1,1,2,0,0,0,0,0,0,0,0,0,0,1,2,2,3,3,3,4,3,3,2,2,2,3,2,1,8,5,5,5,10,5,3,4,1,5,1,2,5,1,3,5,3,1,1,4,5,3,2,2,4,12,2,11,1,2,2,2,1,6,3,1,1,0,1,0,0,0
1527,31,1,99,99,3,3,0,0,0,0,0,0,0,0,0,0,1,2,3,3,3,3,3,3,3,3,2,2,3,2,99,5,5,6,5,5,5,2,2,3,3,3,3,5,5,5,5,3,3,1,3,5,3,3,3,9,99,1,13,7,66,2,2,1,3,5,1,0,0,1,0,0,0
1528,31,1,99,1,1,1,0,0,0,0,0,0,0,0,0,0,1,3,3,3,3,3,3,3,2,3,2,2,2,2,1,10,0,0,0,10,0,3,3,3,3,3,3,3,3,3,3,3,3,3,3,3,3,3,3,2,1,2,6,6,66,1,6,4,5,4,1,1,1,0,0,0,0
1529,31,1,1,1,2,3,0,0,0,0,1,0,0,0,0,0,0,2,3,3,3,3,3,3,3,3,2,2,2,3,1,99,99,99,99,10,99,99,99,99,99,99,99,99,99,99,99,99,99,99,99,99,99,99,99,9,99,1,7,1,4,4,5,1,6,4,1,1,0,0,0,0,0
1530,32,2,2,2,2,2,1,0,0,0,0,0,0,0,0,0,0,2,2,3,3,4,4,3,2,2,2,2,2,1,2,5,7,3,5,7,7,3,3,1,3,2,2,5,2,4,2,2,3,3,3,2,2,4,3,4,2,2,10,5,66,2,2,1,3,5,1,1,0,0,0,0,0
1531,32,1,12,1,2,2,0,0,1,0,0,0,0,0,0,0,0,2,2,2,3,3,3,3,2,2,2,1,2,2,1,8,7,7,7,7,5,99,99,99,99,99,99,99,99,99,99,99,99,3,3,4,3,2,3,4,4,2,1,6,66,1,2,4,1,5,0,1,0,0,0,0,0
1532,32,2,4,1,1,3,0,0,0,0,0,0,0,0,0,0,1,1,1,3,2,3,4,3,1,2,2,2,1,2,99,5,5,1,5,1,1,2,1,1,4,1,99,3,1,4,1,2,1,2,99,3,2,5,5,8,12,2,3,1,2,1,4,1,4,4,0,1,0,1,1,0,0
1533,32,2,12,2,2,4,0,0,0,0,0,0,0,0,0,0,1,3,3,3,4,5,4,5,3,2,2,3,3,2,2,5,5,5,5,5,5,3,4,1,4,3,3,3,2,3,3,2,2,3,3,3,2,3,4,2,2,1,8,2,2,1,2,4,1,5,0,1,0,1,0,0,0
1534,32,2,2,99,2,3,0,0,0,0,0,0,0,0,0,0,1,2,2,3,3,4,4,3,3,2,1,1,2,2,12,99,99,99,99,99,99,2,2,1,4,3,2,2,2,2,2,4,2,2,3,3,3,3,2,4,12,1,10,1,3,2,2,1,2,5,1,1,1,1,0,0,0
1535,32,1,1,1,2,2,1,1,1,1,0,0,0,0,0,0,0,2,2,2,2,3,4,4,4,2,2,3,2,2,1,6,3,4,2,5,2,1,3,2,3,1,2,4,3,2,2,2,3,4,3,4,3,5,4,2,3,2,11,7,66,2,2,1,4,6,1,1,0,1,0,0,0
1536,32,1,1,1,2,2,0,0,1,1,0,0,0,0,0,0,0,1,1,2,2,3,3,4,4,1,1,1,3,1,1,7,4,4,5,8,6,1,2,1,4,1,3,2,1,2,2,5,5,1,3,5,2,5,2,8,4,1,13,4,66,2,2,1,2,4,1,1,0,1,0,0,0
1537,32,1,1,1,2,3,0,0,1,1,0,0,0,0,0,0,0,1,2,3,3,3,3,3,2,2,2,2,2,1,1,7,6,5,4,7,6,2,3,1,3,2,3,2,1,2,4,3,2,2,2,4,2,4,4,2,1,2,11,7,66,2,2,1,2,4,1,1,0,1,0,0,0
1538,32,1,1,4,1,3,0,0,1,1,0,0,0,0,0,0,0,3,3,4,3,4,4,4,2,2,1,3,2,2,1,6,4,3,5,7,4,2,1,3,4,5,2,5,2,4,4,3,2,2,2,5,4,5,2,2,1,2,12,2,3,2,2,1,2,6,1,1,0,1,0,0,0
1539,32,1,5,5,2,2,1,0,0,0,0,0,0,0,0,0,0,3,3,3,3,3,3,2,2,2,2,2,3,2,12,99,99,99,99,99,99,2,3,3,3,3,3,3,3,3,3,3,3,3,3,3,3,3,3,5,12,2,6,2,2,3,2,1,5,6,0,1,0,1,1,0,0
1540,32,1,1,1,2,2,0,0,1,1,0,0,0,0,0,0,0,2,2,2,2,5,5,1,2,3,3,2,2,1,1,99,99,99,99,99,99,2,3,1,4,1,2,4,2,1,2,3,3,3,1,3,3,3,3,1,1,2,14,7,66,3,1,1,6,4,1,1,0,0,0,0,0
1541,32,1,1,1,2,2,0,0,0,1,0,0,0,0,0,0,0,2,2,2,2,2,2,2,2,2,2,2,2,2,1,8,0,0,0,8,0,5,5,1,4,1,1,5,1,5,5,5,5,4,3,3,4,4,4,4,1,2,12,5,66,2,2,1,5,5,1,1,1,0,0,0,0
1542,32,3,2,1,1,2,0,1,0,0,0,0,0,0,0,0,0,2,2,3,5,5,5,4,4,1,1,2,2,2,12,5,1,2,1,6,0,1,2,1,3,1,2,3,1,3,5,5,3,1,2,5,3,4,4,4,12,1,14,7,66,2,1,1,6,4,1,1,1,0,0,0,0
1543,32,2,12,2,3,3,0,0,0,0,0,0,0,0,0,0,1,1,2,3,3,3,3,2,2,4,2,2,2,2,12,1,99,99,99,2,99,3,5,1,3,1,1,4,3,4,1,3,1,1,4,5,3,3,2,9,3,2,1,6,66,1,5,4,1,3,0,1,0,0,0,0,0
1544,33,2,1,1,3,3,0,0,0,0,0,0,0,0,0,0,1,2,3,5,5,4,5,4,3,2,2,3,3,2,1,5,3,3,3,2,2,3,3,1,3,4,4,5,1,3,3,2,2,3,4,3,2,3,2,9,12,2,9,1,1,1,4,1,6,3,1,1,0,1,1,1,0
1545,33,1,5,5,1,1,0,0,0,1,0,0,0,0,0,0,0,2,2,3,2,3,3,2,2,2,2,2,2,2,5,8,5,5,5,8,5,4,5,1,4,1,1,3,2,3,4,3,1,2,4,1,3,1,1,4,5,2,14,7,66,3,1,1,2,4,1,1,0,0,0,0,0
1546,33,3,12,3,3,3,1,1,1,0,0,1,0,0,0,0,0,2,2,5,5,5,5,5,5,5,2,2,2,3,12,5,3,5,3,5,3,5,3,1,5,3,5,5,3,3,3,5,5,3,3,4,3,1,5,8,1,1,15,4,66,2,2,1,2,4,1,1,0,0,0,0,1
1547,33,2,5,2,2,2,0,0,0,0,0,0,0,0,0,0,1,2,2,3,3,3,3,3,3,2,2,2,2,2,2,3,5,2,4,5,7,3,4,1,4,2,3,4,1,3,2,4,4,2,4,2,2,3,4,2,12,2,14,5,66,2,2,1,2,4,1,1,1,0,0,0,0
1548,33,3,2,2,2,3,0,0,0,0,0,0,0,0,0,0,1,3,3,3,3,3,3,2,2,3,2,3,2,3,12,5,5,5,5,5,5,3,3,2,4,3,3,3,3,3,3,2,2,3,2,3,4,3,3,4,12,2,9,1,3,2,3,1,3,4,0,1,0,1,0,1,0
1549,33,1,3,3,1,2,0,1,0,0,0,0,0,0,0,0,0,2,2,3,3,3,3,3,2,2,2,2,2,2,3,5,6,6,6,5,6,4,4,1,3,1,2,2,1,2,2,3,3,3,2,3,2,3,4,5,3,2,12,7,66,3,2,1,3,5,1,1,0,0,0,0,0
1550,33,2,12,99,3,3,0,0,0,0,0,0,0,0,0,0,1,3,3,3,3,3,3,2,2,3,2,2,3,2,12,0,99,99,99,0,99,2,4,2,4,2,2,4,4,5,1,2,2,2,2,3,4,3,5,3,12,1,3,2,2,2,2,4,2,5,0,1,0,0,0,0,0
1551,33,1,8,8,1,3,0,1,0,0,0,0,0,0,0,0,0,3,4,3,2,2,2,1,1,3,1,1,2,2,8,5,6,5,4,7,4,1,1,3,5,3,2,5,3,2,3,2,2,1,2,3,3,3,4,2,1,1,10,1,2,1,5,1,1,5,0,1,0,1,0,1,0
1552,33,2,6,6,2,4,0,0,0,0,0,0,0,0,0,0,1,2,2,2,2,3,2,1,1,1,2,1,3,2,6,0,0,0,0,0,5,1,5,1,3,1,1,5,3,3,1,5,1,1,3,5,3,3,3,7,6,1,4,2,1,1,2,3,1,5,0,0,1,0,0,0,0
1553,33,1,1,1,2,2,0,1,1,1,0,0,0,0,0,0,0,2,2,3,3,3,3,3,3,2,2,2,2,2,1,7,3,3,3,5,2,2,4,1,4,2,3,5,3,4,2,4,4,2,3,3,3,4,3,4,1,1,13,2,3,3,3,1,6,5,0,1,0,0,0,1,0
1554,33,2,2,2,2,3,1,0,0,0,0,0,0,0,0,0,0,1,1,2,2,3,3,2,2,2,1,1,2,2,2,6,7,5,5,5,6,1,2,1,4,2,2,4,1,1,1,2,2,2,4,4,2,2,2,1,1,1,6,2,2,2,5,1,4,4,0,1,0,1,0,1,0
1555,33,2,3,6,2,3,0,0,0,0,0,0,0,0,0,0,1,4,4,4,4,4,4,2,2,3,2,1,3,2,6,2,0,2,1,0,0,2,3,2,3,3,3,5,1,5,1,3,4,1,3,3,3,3,4,2,6,2,7,5,66,2,2,1,3,4,1,1,1,1,0,1,0
1556,33,2,12,6,4,3,0,1,0,0,1,0,0,0,0,0,0,3,3,3,2,2,2,2,2,3,1,1,2,2,6,3,4,7,3,0,2,1,2,2,3,2,1,5,4,4,3,1,1,3,4,3,4,4,2,5,6,2,5,1,2,2,2,1,3,5,1,0,0,1,0,0,0
1557,33,2,2,2,3,3,1,0,0,0,0,0,0,0,0,0,0,2,2,2,3,3,3,3,2,3,2,2,3,2,12,5,5,5,5,5,5,3,3,3,3,2,3,4,1,3,1,3,3,3,3,3,3,3,3,2,12,1,11,7,66,3,2,1,2,5,0,1,0,0,0,0,0
1558,33,1,2,3,1,3,1,0,0,0,0,0,0,0,0,0,0,2,2,3,3,3,3,3,2,2,2,2,3,1,2,0,8,2,5,5,5,3,3,1,3,2,4,3,1,3,1,1,1,3,3,3,3,2,5,5,2,1,9,3,66,2,3,1,3,3,1,1,0,1,0,0,0
1559,33,1,2,1,2,3,0,0,0,0,0,0,0,0,0,0,1,2,2,2,2,3,3,3,3,2,2,1,2,2,1,3,4,2,3,3,5,2,2,2,4,3,3,4,4,4,4,2,1,1,2,4,1,4,5,3,12,2,9,3,66,2,5,1,3,2,0,1,0,1,0,0,0
1560,33,3,1,1,2,3,0,1,0,0,0,0,0,0,0,0,0,3,3,3,3,3,3,2,2,3,1,1,5,2,1,6,4,5,4,7,5,3,4,1,4,3,2,3,2,3,3,2,2,3,3,3,2,3,4,8,3,2,9,3,66,3,5,1,2,4,0,1,0,1,1,1,0
1561,33,2,5,1,3,3,0,0,0,0,0,0,0,0,0,0,1,3,3,3,4,5,5,3,3,4,1,1,3,2,12,99,99,99,99,99,99,5,5,5,4,3,3,5,1,3,3,2,3,3,3,3,3,3,3,4,1,2,13,7,66,2,2,1,4,6,1,1,0,0,0,0,0
1562,33,1,1,1,2,2,0,0,0,1,0,0,0,0,0,0,0,2,2,3,5,5,5,3,5,2,2,2,2,2,1,10,4,5,3,9,0,2,1,2,2,3,3,2,2,2,2,3,3,3,2,4,3,2,2,4,1,2,15,7,66,3,2,1,1,2,1,1,1,0,0,0,0
1563,33,2,12,3,3,4,0,0,0,0,0,0,0,0,0,0,1,2,2,3,2,4,4,2,3,2,1,1,3,2,12,0,5,5,0,0,5,1,1,1,3,3,1,1,1,4,3,5,5,3,5,1,3,5,5,4,3,2,12,7,66,3,1,4,1,7,1,1,0,0,0,0,0
1564,33,1,5,1,3,2,0,1,0,1,0,0,0,0,0,0,0,1,2,3,3,3,3,3,3,1,1,1,2,2,3,6,4,5,4,6,4,2,2,1,4,2,2,4,3,2,2,5,3,2,2,2,2,3,2,2,1,2,12,5,66,2,4,1,2,4,1,1,0,0,0,0,0
1565,33,2,2,3,1,1,1,1,1,0,0,0,0,0,0,0,0,1,1,5,5,5,5,5,5,2,1,1,2,3,2,1,9,9,9,1,9,1,1,1,2,3,3,2,2,2,3,2,1,1,2,5,2,1,2,1,1,1,10,2,2,2,4,1,3,3,1,1,0,0,0,0,0
1566,33,2,12,3,4,3,0,0,0,0,0,0,0,0,0,0,1,3,3,4,3,4,4,1,3,3,2,1,3,2,12,0,0,1,0,0,0,1,1,1,5,3,3,5,4,5,1,1,1,3,2,3,4,3,3,4,3,1,4,2,4,2,2,1,5,5,0,0,0,1,0,0,0
1567,33,1,1,1,3,2,0,0,0,0,0,0,0,0,0,0,1,2,2,2,3,3,3,3,4,1,2,1,2,1,1,6,4,5,4,4,4,3,2,1,5,3,4,4,3,2,3,3,2,1,2,4,2,3,4,4,1,2,8,1,4,3,2,1,2,4,1,1,0,0,0,0,0
1568,33,1,1,1,1,2,0,1,0,0,0,0,0,0,0,0,0,4,4,2,5,5,5,4,2,1,1,1,2,2,1,8,0,5,0,8,0,1,1,5,5,1,1,1,5,1,5,5,5,1,1,5,3,5,1,7,1,2,15,7,66,3,2,1,99,6,1,1,1,0,0,0,0
1569,33,1,1,1,2,2,0,0,0,0,0,0,0,0,0,0,1,2,2,3,5,5,5,3,3,2,1,2,3,2,12,5,5,5,5,5,5,3,4,1,4,3,3,4,2,4,3,3,3,3,3,2,2,2,3,4,12,1,13,7,66,2,2,1,5,4,1,1,0,0,0,0,0
1570,33,2,12,4,2,3,0,0,0,0,0,0,0,0,0,0,1,2,2,3,3,4,4,2,1,4,1,1,2,2,1,7,3,4,7,4,2,1,1,1,4,2,2,2,4,3,2,2,3,3,1,5,4,2,3,3,12,1,2,6,66,1,5,4,1,4,0,1,0,1,1,1,0
1571,34,2,12,8,1,4,0,0,1,0,1,0,1,0,0,0,0,3,3,2,2,2,2,1,1,2,2,2,2,2,4,0,0,0,10,0,0,4,3,2,3,2,1,5,2,5,3,3,3,2,2,5,5,99,5,2,6,2,5,1,2,2,5,1,4,4,0,0,0,1,1,1,0
1572,34,2,4,4,1,3,0,0,0,0,0,0,0,0,0,0,1,2,2,2,3,3,3,1,1,2,2,2,3,1,4,0,0,0,8,0,0,2,1,1,5,1,1,3,3,2,4,3,3,1,2,5,4,4,5,4,4,1,1,7,66,1,2,1,4,3,0,1,0,1,1,0,0
1573,34,1,8,1,3,3,0,1,0,1,0,0,0,0,0,0,0,2,4,4,2,3,3,3,3,3,2,1,4,2,3,8,0,7,1,7,6,3,2,1,4,2,3,2,2,2,4,5,4,2,2,4,3,2,2,4,12,1,9,1,2,1,5,4,1,4,0,0,0,1,0,0,0
1574,34,2,5,4,1,2,0,0,0,0,0,0,0,0,0,0,1,3,3,3,3,3,3,2,2,3,2,1,3,2,4,5,3,3,8,0,3,1,4,3,4,3,3,5,1,3,4,5,1,2,3,4,4,5,2,4,4,1,13,7,66,3,2,3,1,7,0,1,0,1,0,1,0
1575,34,1,5,5,2,2,0,0,0,1,0,0,0,0,0,0,0,2,2,3,2,3,3,4,3,2,2,2,3,2,1,7,5,5,5,9,3,1,5,3,5,2,1,4,2,2,2,2,3,2,4,4,4,3,2,4,1,2,15,7,66,2,1,1,3,4,1,1,0,0,0,0,0
1576,34,1,12,1,3,3,1,0,0,0,0,0,0,0,0,0,0,2,2,2,2,3,3,5,2,2,3,3,2,3,1,2,1,1,1,1,1,3,3,2,3,3,3,3,2,2,2,3,3,3,3,2,2,3,3,5,1,2,7,3,66,2,3,1,5,5,0,1,0,1,0,0,0
1577,34,1,1,1,2,2,0,0,0,0,0,0,0,0,0,0,1,2,2,3,2,3,3,2,2,2,2,2,3,2,1,5,0,0,0,5,5,1,3,1,3,2,2,2,2,3,3,3,4,1,2,5,4,3,2,1,1,1,7,1,2,2,3,1,3,4,1,1,0,1,0,0,0
1578,34,2,4,99,3,3,99,99,99,99,99,99,99,99,99,99,99,3,3,3,3,3,3,2,3,3,2,1,2,2,12,99,99,99,99,99,99,2,3,2,4,2,2,3,2,3,2,2,2,3,3,3,3,3,2,4,99,2,1,6,66,1,5,1,4,4,0,1,0,1,1,1,0
1579,34,1,1,1,2,2,1,0,0,1,0,0,0,0,0,0,0,2,1,3,3,4,3,3,3,2,3,2,3,2,1,7,3,2,2,7,3,3,3,3,3,2,2,3,3,99,3,5,5,3,3,3,3,3,3,4,1,2,14,5,66,2,2,1,2,4,1,1,0,0,0,0,0
1580,34,1,1,1,2,2,0,0,0,0,0,0,0,0,0,0,1,3,4,4,4,4,4,3,4,2,1,1,3,2,1,6,0,0,0,5,2,2,2,3,3,2,3,4,1,2,2,5,5,1,3,3,2,2,3,1,1,2,14,5,66,2,2,1,2,5,1,1,0,1,0,0,0
1581,34,2,2,6,3,3,1,1,1,0,0,0,0,0,0,0,0,2,2,3,2,3,3,2,2,2,1,1,3,2,2,4,7,6,7,5,5,3,2,2,5,3,2,3,2,2,2,2,2,3,3,4,3,3,4,4,1,1,10,2,2,2,2,4,3,4,1,1,1,1,1,0,0
1582,34,1,3,3,2,2,0,1,0,0,0,0,0,0,0,0,0,1,1,2,1,3,3,1,2,2,1,1,3,2,3,6,5,7,5,6,6,1,4,1,5,3,1,5,5,5,1,1,3,2,1,3,2,1,4,2,3,2,1,6,66,4,7,5,99,99,0,0,0,0,0,0,1
1583,34,2,4,4,1,4,0,0,0,0,0,0,0,0,0,0,1,4,4,4,4,2,2,1,2,4,2,3,2,2,12,0,2,6,8,0,1,3,5,1,5,1,1,5,3,5,4,4,4,1,3,3,4,2,5,2,4,2,10,8,66,2,2,1,3,4,0,0,0,1,1,1,0
1584,34,2,8,8,3,4,99,99,99,99,99,99,99,99,99,99,99,2,3,3,3,3,3,2,2,3,1,1,3,2,8,1,3,3,5,0,2,2,4,2,2,2,2,5,1,4,3,4,2,2,4,2,3,2,4,5,4,2,4,1,1,2,2,4,4,4,0,1,0,1,1,0,0
1585,34,1,5,5,2,3,0,0,0,1,0,0,0,0,0,0,0,4,4,4,4,4,4,5,4,4,2,2,2,2,5,5,3,0,0,5,0,2,3,2,4,2,3,4,2,4,2,5,2,1,3,5,4,3,3,3,5,1,7,1,4,2,5,4,3,4,1,1,0,0,0,0,0
1586,34,1,3,4,1,3,0,0,0,0,0,0,0,0,0,0,1,2,2,2,2,3,3,2,1,3,1,1,3,2,4,2,5,8,10,5,5,1,1,2,1,1,1,4,3,1,5,2,5,1,1,5,2,99,5,9,12,1,7,2,2,2,5,1,4,4,1,1,0,1,0,1,0
1587,34,2,3,4,1,4,0,0,1,0,0,0,0,1,0,0,0,5,3,3,3,3,2,2,1,3,3,3,5,2,12,0,0,0,2,0,0,1,1,1,5,1,1,5,3,2,4,3,5,1,1,5,5,5,5,5,12,2,6,2,4,2,3,4,4,5,0,1,0,0,1,1,0
1588,34,2,1,1,3,4,0,0,0,0,0,0,0,0,0,0,1,2,3,3,3,4,4,4,3,2,3,1,3,2,1,3,1,1,2,0,0,1,5,1,4,3,4,5,2,5,3,3,2,2,1,4,4,3,3,2,1,2,3,8,66,1,5,4,1,4,0,1,0,1,1,0,0
1589,34,2,12,6,1,4,0,0,0,0,0,0,0,0,0,0,1,3,4,3,3,2,2,1,1,3,2,3,2,3,6,0,2,3,3,0,0,2,1,1,1,3,1,5,3,5,1,1,1,2,3,4,4,3,5,8,6,1,3,2,2,1,5,4,2,4,0,0,0,1,1,1,0
1590,34,2,12,4,1,3,0,1,1,0,1,0,0,0,0,0,0,4,4,2,3,3,3,2,2,2,1,1,3,2,12,5,3,5,5,5,3,1,2,3,2,3,3,4,2,3,3,3,2,2,2,3,2,4,2,8,3,1,6,3,66,2,3,2,4,3,0,1,0,0,0,1,0
1591,34,2,4,3,2,2,0,0,0,1,0,0,0,0,0,0,0,2,2,3,2,3,3,3,3,2,2,1,2,1,1,5,5,5,0,0,10,2,2,1,4,2,2,4,2,4,4,4,4,3,2,3,2,2,2,4,1,2,9,5,66,2,5,2,2,3,1,1,0,1,0,0,0
1592,34,2,2,1,2,3,0,0,0,0,0,0,0,0,0,0,1,2,3,3,3,3,3,2,2,3,2,2,2,2,1,8,3,2,2,1,0,1,3,1,3,2,3,4,1,3,2,3,1,1,3,2,2,2,5,1,1,1,9,1,1,2,4,2,4,4,1,1,0,0,0,0,0
1593,34,2,2,2,2,3,0,0,0,0,0,0,0,0,0,0,1,3,3,4,4,4,4,3,2,3,2,2,2,2,10,0,5,0,0,0,3,3,4,1,4,2,2,4,4,3,1,1,1,2,3,2,3,2,4,4,10,2,8,1,3,2,5,1,4,3,0,1,0,1,0,0,0
1594,34,1,1,1,2,2,0,1,1,1,0,0,0,0,0,0,0,2,2,3,2,3,3,2,2,3,1,1,3,2,1,7,1,6,5,7,6,1,1,3,2,2,3,2,2,1,1,3,3,1,3,4,3,5,3,3,3,1,12,4,66,2,5,1,2,3,1,1,0,1,1,1,0
1595,34,1,2,1,2,2,1,0,0,0,0,0,0,0,0,0,0,2,2,2,4,4,4,2,2,2,1,1,3,2,1,6,6,5,6,8,6,1,1,1,4,2,2,3,1,2,2,2,1,1,3,1,2,2,2,1,1,1,9,1,2,1,2,1,2,4,0,1,0,1,0,0,1
1596,34,1,1,1,3,2,0,0,0,0,0,0,0,0,0,0,1,1,2,3,3,3,2,4,4,1,1,1,3,2,1,5,0,0,0,3,0,1,5,5,5,2,3,3,1,1,1,5,5,1,3,3,3,3,1,1,1,1,13,2,3,2,4,1,3,4,1,1,0,0,0,0,0
1597,34,2,12,1,2,3,0,0,0,0,0,0,0,0,0,0,1,2,2,2,3,4,4,3,4,2,2,2,4,2,1,7,1,4,3,0,2,3,1,1,5,2,2,4,2,4,4,5,3,1,2,4,2,5,2,2,1,2,10,5,66,2,2,1,2,4,1,1,0,1,0,0,0
1598,34,1,1,1,2,2,0,0,0,1,0,0,0,0,0,0,0,2,2,2,2,2,2,2,2,3,1,1,2,2,1,8,4,4,4,6,3,2,2,3,3,2,3,3,3,3,3,5,5,2,2,5,3,3,2,2,1,2,15,7,66,3,1,1,1,4,0,1,0,0,0,0,1
1599,34,2,12,2,2,3,1,1,0,0,0,0,0,0,0,0,0,2,2,2,3,4,4,3,3,2,2,1,3,2,12,4,5,5,3,6,7,3,4,2,4,2,99,4,2,2,4,2,2,3,3,2,2,3,3,8,12,1,11,7,66,2,2,1,2,5,1,1,0,0,0,0,0
1600,34,1,99,1,2,2,0,1,1,1,0,0,0,0,0,0,0,2,2,3,3,3,3,3,3,3,2,2,2,2,1,9,7,8,8,8,7,3,3,2,3,2,2,4,4,4,4,5,4,2,2,3,3,3,3,4,1,2,15,7,66,2,2,1,2,4,1,1,0,0,0,0,0
1601,34,3,12,3,3,2,0,1,0,0,0,0,0,0,0,0,0,2,2,3,3,3,3,3,3,2,2,1,3,2,1,8,2,8,5,6,2,2,4,1,5,2,3,2,2,3,1,1,1,1,2,1,3,3,3,3,12,2,11,2,3,1,2,4,1,5,1,0,0,0,0,0,0
1602,34,2,1,1,1,2,0,1,0,1,0,0,0,0,0,0,0,2,2,4,4,4,4,2,3,2,1,1,3,2,1,7,3,5,3,6,6,1,99,2,3,2,99,1,1,3,99,3,4,2,3,3,3,3,2,4,12,2,13,1,3,2,4,1,2,3,1,1,0,0,0,0,0
1603,34,3,12,2,3,3,0,0,0,0,0,0,0,0,0,0,1,2,2,3,3,4,3,2,2,2,1,1,2,2,1,5,7,7,5,3,5,2,3,3,2,2,3,2,2,2,2,1,1,1,3,5,1,1,5,5,1,1,6,3,66,2,6,1,5,3,1,1,0,1,0,1,0
1604,34,1,12,1,2,2,0,0,0,0,0,0,0,0,0,0,1,2,2,3,3,3,3,3,2,2,2,2,3,2,1,5,1,1,1,1,1,2,3,2,3,2,3,3,2,3,2,4,4,1,3,4,3,3,3,4,12,2,14,7,66,3,2,1,1,4,1,1,0,0,0,0,0
1605,34,1,1,7,2,2,0,0,1,0,0,1,0,0,0,0,0,2,3,2,3,3,3,2,2,2,2,1,3,2,12,5,5,5,5,6,4,2,3,1,4,3,4,5,3,3,4,3,3,3,3,3,3,2,3,8,1,1,7,2,2,2,2,1,4,5,1,1,1,1,0,0,0
1606,34,2,3,3,2,3,0,1,1,0,0,0,0,0,0,0,0,3,4,4,3,4,4,3,3,2,1,1,3,2,3,1,4,7,6,4,5,2,1,4,3,3,2,2,2,3,3,2,1,1,1,5,5,3,3,2,3,1,7,2,2,2,2,4,4,4,0,1,1,1,0,0,0
1607,34,2,12,99,3,3,0,1,0,0,0,0,0,0,0,0,0,3,4,4,3,4,3,2,1,3,1,1,2,2,1,5,1,5,1,1,1,3,3,5,3,3,2,3,5,3,1,5,5,1,3,5,1,2,5,3,3,1,8,2,4,2,3,3,2,4,0,0,0,1,0,0,0
1608,34,2,1,1,3,3,0,0,0,0,0,0,0,1,0,0,0,4,3,4,3,3,2,2,1,2,1,1,2,1,1,8,0,5,1,5,1,2,1,2,3,2,3,3,4,2,2,3,3,2,3,2,3,3,3,5,5,1,7,2,2,2,2,2,3,5,0,1,0,1,0,1,0
1609,34,1,1,1,2,2,0,0,0,0,0,0,0,0,0,0,1,2,2,2,2,3,3,2,2,3,1,1,2,2,1,5,5,5,5,5,5,2,2,2,3,2,2,3,2,2,2,2,2,2,2,2,3,3,3,2,1,2,10,7,66,1,5,1,1,4,1,1,0,1,0,0,0
1610,34,1,1,1,2,2,0,0,0,1,0,0,0,0,0,0,0,2,2,3,3,3,3,3,3,3,1,1,2,2,1,99,99,99,99,99,99,2,1,2,3,2,3,3,3,2,2,1,3,99,99,1,99,99,99,4,1,2,14,7,66,3,2,2,1,6,1,1,0,0,0,0,0
1611,34,2,7,7,1,4,0,0,0,0,0,0,0,0,0,0,1,2,2,3,4,4,4,3,4,2,2,2,4,2,7,0,4,0,0,0,5,5,5,1,5,5,5,5,1,5,5,2,1,2,5,1,1,3,5,4,7,1,15,7,66,2,5,1,4,6,1,1,0,0,0,0,0
1612,34,1,1,1,2,2,1,1,1,0,0,0,0,0,0,0,0,1,1,2,2,2,2,2,2,2,2,2,2,2,1,5,5,5,5,5,4,3,1,99,3,1,1,4,1,4,1,5,3,2,2,4,3,2,4,2,1,2,15,7,66,3,1,1,2,4,1,1,0,0,0,0,0
1613,34,2,4,4,1,4,0,0,0,0,0,0,0,0,0,0,1,3,3,2,5,5,5,5,5,5,2,3,3,1,12,0,99,2,99,99,99,99,3,99,99,99,99,99,99,99,99,99,1,3,99,4,99,1,5,2,4,1,7,3,66,1,3,1,3,4,0,0,0,0,0,0,1
1614,35,2,12,4,3,3,0,0,0,0,0,0,0,0,0,1,0,2,3,3,3,3,3,2,2,3,2,1,2,2,4,2,4,3,4,1,3,2,3,2,4,1,1,4,3,2,2,3,4,3,2,5,2,2,2,2,4,1,3,2,2,1,2,2,1,5,0,1,1,1,1,1,0
1615,35,1,1,4,2,2,0,0,1,0,0,0,0,0,0,0,0,2,2,2,3,3,3,3,2,2,1,1,3,2,1,6,5,5,6,8,6,3,4,1,5,3,3,2,2,3,3,3,3,2,4,4,2,3,5,5,4,2,11,7,66,3,4,4,1,4,0,1,0,1,0,0,0
1616,35,1,1,1,2,2,0,0,0,0,0,0,0,0,0,0,1,2,2,5,5,5,5,5,3,5,2,2,2,3,1,7,5,5,5,7,5,3,4,2,3,2,2,3,3,2,3,4,4,2,3,3,3,2,3,1,1,1,14,7,66,2,2,2,2,3,1,1,0,0,0,0,0
1617,35,2,12,1,3,3,0,0,0,0,0,0,0,0,0,0,1,2,2,2,2,2,3,2,1,3,1,1,3,2,1,6,3,3,3,2,3,1,1,2,4,2,3,3,4,4,5,2,2,3,2,99,3,3,3,5,12,2,1,6,66,1,2,1,6,5,0,0,0,1,1,0,0
1618,35,1,5,5,3,3,0,1,1,1,0,0,0,0,0,0,0,2,2,3,2,3,3,3,3,2,2,1,3,2,5,5,4,5,4,6,3,1,5,2,3,3,5,5,3,3,5,3,3,2,3,3,3,3,2,4,3,2,12,7,66,2,2,3,2,4,1,1,0,1,0,0,0
1619,35,1,1,1,2,2,0,1,0,1,0,0,0,0,0,0,0,1,2,2,2,3,3,3,2,2,1,1,3,2,1,8,5,5,4,8,4,1,1,1,5,2,2,4,1,1,2,5,4,1,2,3,3,3,4,4,1,1,14,3,66,2,2,1,3,3,1,1,0,1,0,0,0
1620,35,3,12,1,2,3,0,0,0,0,0,0,0,0,0,0,1,2,2,3,3,4,4,3,3,2,1,1,3,2,12,5,5,5,5,5,5,2,3,3,4,2,3,3,2,2,3,3,3,2,2,5,2,3,2,8,12,1,11,7,66,2,2,1,2,6,0,1,0,1,0,0,0
1621,35,2,12,2,3,4,0,0,0,0,0,0,0,0,0,0,1,3,3,3,3,3,3,2,2,2,2,1,3,2,2,0,10,5,5,0,10,1,3,1,4,1,1,5,3,5,2,1,1,1,3,1,1,2,1,5,7,1,7,1,2,2,5,1,4,4,0,0,0,1,0,0,0
1622,35,2,1,1,3,2,0,1,1,0,0,0,0,0,0,0,0,2,2,3,2,3,3,3,3,2,2,2,2,1,1,8,5,6,6,5,6,2,3,2,2,2,3,3,3,3,3,2,2,3,3,4,3,3,2,4,1,2,11,7,66,2,5,1,2,4,1,1,0,1,0,0,0
1623,35,3,7,2,2,3,1,1,0,0,0,0,0,0,0,0,0,5,3,3,3,3,3,2,2,2,3,3,3,3,12,5,6,6,5,5,5,2,3,1,5,3,1,4,3,5,5,2,2,1,2,2,4,5,3,2,2,2,11,7,66,3,2,5,1,4,0,1,0,1,0,1,0
1624,35,1,1,1,2,2,1,1,0,0,0,0,0,0,0,0,0,1,2,2,2,2,3,3,3,2,1,1,2,2,1,8,3,7,2,5,5,1,1,2,5,3,2,2,1,2,1,5,5,1,5,5,3,5,2,4,1,1,15,7,66,3,4,1,3,5,0,1,0,0,0,0,0
1625,35,2,12,99,4,4,0,0,0,0,0,0,0,0,0,0,1,3,4,4,4,4,4,2,2,4,2,2,2,1,12,0,0,0,0,0,0,2,1,2,3,3,2,5,1,4,3,1,1,3,3,3,3,3,5,4,12,2,7,2,3,2,2,3,2,4,0,0,0,1,0,0,0
1626,35,2,3,3,2,2,0,1,0,1,0,0,0,0,0,0,0,2,2,3,2,3,3,3,2,2,1,1,3,2,1,5,6,7,6,0,6,1,2,4,3,4,4,4,2,2,4,3,3,1,2,2,2,1,2,1,12,1,9,1,1,2,5,1,2,3,1,1,1,1,1,0,0
1627,35,3,2,2,1,2,0,1,0,0,0,0,0,0,0,0,0,2,2,2,2,3,3,3,2,2,1,1,3,3,2,6,8,7,6,7,7,2,2,3,2,2,4,2,2,3,3,2,2,2,3,2,1,2,2,4,2,1,11,1,2,2,2,1,2,4,0,1,1,1,0,0,0
1628,35,1,1,1,2,2,0,0,0,0,0,0,0,0,0,0,1,2,2,2,2,2,2,2,2,2,2,2,2,1,1,5,5,5,5,5,5,3,3,3,3,3,3,3,3,3,3,3,3,3,3,3,3,3,3,4,1,1,13,7,66,2,1,1,3,6,1,0,0,0,0,0,0
1629,35,1,1,1,1,2,0,1,0,0,0,0,0,0,0,0,0,1,1,3,2,3,3,2,2,2,3,2,2,3,1,8,5,6,5,7,5,2,3,2,5,1,3,3,1,2,2,4,4,3,4,4,3,5,2,2,1,2,8,5,66,2,3,1,3,4,1,1,0,1,0,0,0
1630,35,2,12,99,4,4,0,0,0,0,0,0,0,0,0,0,1,5,5,5,2,2,2,2,2,2,3,2,2,2,12,5,5,5,5,5,5,1,3,3,4,3,3,3,4,2,2,2,2,3,3,4,3,3,3,4,12,2,2,1,1,1,3,4,1,3,0,0,0,0,1,1,0
1631,35,3,12,99,2,3,1,1,1,0,0,0,0,0,0,0,0,2,2,3,2,3,4,5,2,2,3,3,3,2,1,5,5,7,5,4,6,2,3,1,3,2,3,4,1,2,3,3,3,2,4,4,2,1,5,2,4,1,10,2,2,2,3,1,3,5,0,1,0,1,0,0,0
1632,35,2,1,4,1,4,0,0,1,0,0,0,0,0,0,0,0,4,4,3,3,2,2,1,1,3,1,1,1,2,1,0,0,0,10,0,0,1,1,3,2,1,1,5,5,3,1,2,5,1,1,5,5,5,5,2,4,1,8,2,2,3,2,1,1,3,0,0,0,1,1,1,0
1633,35,3,12,3,3,3,1,1,0,0,0,0,0,0,0,0,0,3,3,3,3,3,3,3,3,2,2,3,3,3,12,5,5,5,4,5,5,2,3,1,3,2,2,3,3,3,3,2,2,1,3,4,2,3,4,2,1,2,11,4,66,2,3,1,2,5,1,1,0,1,0,0,0
1634,35,1,1,2,2,2,0,0,0,1,0,0,0,0,0,0,0,2,2,2,3,3,3,3,2,2,1,1,2,2,1,7,6,5,4,8,8,1,4,2,4,4,4,5,2,4,4,2,2,2,4,4,2,2,4,2,1,1,9,2,2,2,2,1,3,4,1,1,0,0,0,0,0
1635,35,2,4,4,2,2,0,0,1,0,0,0,0,0,0,0,0,3,3,3,3,3,3,2,2,2,1,1,2,1,1,5,0,1,6,0,0,1,5,3,2,2,1,5,3,5,3,3,3,1,1,4,4,4,2,8,12,1,10,7,66,2,2,1,3,4,0,0,0,1,0,0,0
1636,35,2,12,4,1,3,0,0,0,0,0,0,0,0,0,0,1,3,3,3,3,3,3,2,1,3,1,1,3,2,4,2,1,1,8,1,1,1,2,4,3,3,1,5,1,3,3,3,3,1,3,5,5,3,4,8,4,1,7,1,2,2,5,1,4,6,0,1,0,1,1,1,0
1637,36,1,1,1,3,2,0,0,0,0,0,0,0,0,0,0,1,2,2,3,3,3,3,2,2,2,1,1,2,2,1,8,4,6,4,8,4,1,2,1,4,3,2,2,2,2,1,2,3,2,2,2,1,3,4,7,3,2,15,7,66,3,2,1,3,4,1,1,0,0,0,0,0
1638,36,2,6,6,2,4,0,0,0,0,1,0,0,0,0,0,0,3,3,3,3,3,2,1,1,2,2,1,2,2,6,99,99,99,99,99,99,2,4,2,2,2,99,5,1,5,2,1,4,2,4,3,3,3,4,7,6,1,5,1,1,2,5,1,4,4,0,1,0,1,1,1,0
1639,36,3,12,99,2,3,99,99,99,99,99,99,99,99,99,99,99,2,3,2,5,5,3,3,5,2,3,1,2,1,99,99,99,99,99,99,99,2,3,99,3,1,99,5,1,5,1,99,3,2,3,3,3,3,3,4,99,1,12,7,66,2,2,1,2,6,1,1,1,0,0,0,0
1640,36,3,12,99,4,4,0,0,0,0,0,0,0,0,0,0,1,5,5,5,5,5,5,5,4,4,3,2,2,2,1,3,2,2,4,3,3,5,1,5,1,4,5,5,5,5,4,2,2,1,1,4,2,5,5,3,12,1,8,3,66,2,5,1,3,3,1,1,0,1,0,1,0
1641,36,2,12,6,3,3,0,0,0,0,1,0,0,0,0,0,0,2,2,3,3,3,3,3,2,3,1,1,3,2,1,5,3,7,4,1,3,1,3,3,4,2,2,4,3,4,3,2,2,1,4,4,3,2,4,2,3,99,7,2,2,2,3,1,4,5,0,1,0,1,0,0,0
1642,36,2,12,99,1,4,0,0,0,0,0,0,0,0,0,0,1,4,4,3,2,1,1,1,1,3,2,2,2,1,99,0,0,0,7,0,0,2,1,1,5,3,1,5,1,5,3,3,3,2,4,3,3,4,5,4,99,1,8,2,2,1,2,4,1,6,0,1,0,1,1,1,0
1643,36,1,4,4,3,3,1,1,1,1,0,0,0,0,0,0,0,3,3,3,3,5,5,5,5,5,2,3,2,1,1,4,4,4,4,4,4,2,4,2,3,2,3,4,2,4,2,3,4,3,3,3,3,4,4,2,1,1,7,1,2,2,2,1,4,5,1,1,0,1,0,1,0
1644,36,2,7,7,1,2,0,1,1,0,0,1,0,0,0,0,0,2,2,2,2,2,2,2,1,2,2,2,3,2,3,5,0,10,5,0,10,5,5,5,5,2,1,4,4,5,1,5,5,5,2,5,4,3,5,4,3,2,13,1,1,2,2,1,3,4,1,1,0,1,0,1,0
1645,36,2,4,4,2,2,0,0,1,0,0,0,0,0,0,0,0,2,3,3,4,4,3,2,2,2,3,3,3,2,4,6,0,4,10,99,99,2,4,1,2,2,2,4,5,4,3,1,1,1,3,4,3,3,4,5,4,2,3,1,1,2,5,1,2,6,1,0,0,0,1,1,0
1646,36,1,1,1,2,2,0,1,0,1,0,0,0,0,0,0,0,1,1,3,2,4,3,3,3,3,2,1,2,1,1,9,0,9,0,8,0,4,2,1,4,2,3,4,1,3,4,3,1,1,3,2,3,4,3,4,1,2,14,7,66,3,5,1,1,6,1,1,1,0,0,0,0
1647,36,1,1,3,2,2,0,1,0,0,0,0,0,0,0,0,0,2,2,3,3,4,4,5,2,2,1,2,3,2,1,8,4,6,2,6,4,3,4,2,4,3,3,3,3,4,3,3,3,1,3,2,3,2,3,4,3,1,12,3,66,2,3,1,2,3,1,1,0,0,0,0,0
1648,36,2,12,4,2,3,0,0,0,0,0,0,0,0,0,0,1,2,2,3,3,3,3,3,2,2,2,2,3,2,12,4,4,3,5,5,5,2,3,1,4,2,3,2,1,4,3,3,2,3,3,3,3,4,5,2,12,2,6,7,66,2,4,3,4,5,1,1,0,1,0,0,0
1649,36,3,99,4,2,3,0,1,0,1,0,0,0,0,0,0,0,1,1,3,3,3,3,1,2,1,1,2,2,2,12,99,99,99,99,99,99,1,4,99,99,2,5,5,1,2,5,1,1,2,2,1,1,5,2,4,4,2,11,1,3,1,5,1,2,5,1,1,0,0,0,0,0
1650,36,2,12,6,3,3,0,0,0,0,0,0,0,0,0,0,1,3,3,3,3,3,3,3,3,3,2,2,3,2,12,0,0,0,0,0,0,3,3,3,3,3,3,3,3,3,3,3,3,3,3,3,3,3,3,5,6,2,4,1,2,2,2,1,4,4,0,1,0,1,0,0,0
1651,37,2,4,4,2,3,0,0,1,0,1,0,0,0,0,0,0,2,2,3,3,4,4,3,3,2,2,2,3,2,12,5,5,0,10,0,5,1,3,1,5,2,1,5,3,5,5,1,1,1,5,3,4,1,5,4,4,1,7,8,66,2,2,1,4,4,1,1,0,1,0,1,0
1652,37,3,4,4,2,2,1,1,1,0,0,0,0,0,0,0,0,2,2,2,2,3,3,5,3,2,1,1,2,2,4,6,6,7,7,5,5,2,3,2,2,2,3,4,2,3,3,3,3,2,2,3,2,4,4,3,1,1,13,7,66,2,5,1,2,7,0,1,0,1,0,0,1
1653,37,1,4,99,3,2,0,0,1,0,0,0,0,0,0,0,0,2,3,3,3,4,4,3,3,3,3,2,3,2,4,5,3,4,5,5,3,2,4,2,4,3,3,4,3,3,3,3,3,3,3,3,3,3,3,4,4,2,12,7,66,3,3,1,1,3,1,1,0,0,0,0,0
1654,37,2,4,4,1,4,0,1,1,0,0,0,0,0,0,0,0,2,3,3,3,4,4,2,2,3,1,1,2,2,1,5,7,6,8,0,7,1,1,5,5,2,1,1,1,1,4,1,5,1,2,4,2,3,5,1,1,1,12,7,66,2,4,1,3,6,1,1,0,0,0,0,1
1655,37,2,12,4,3,4,0,1,1,0,0,0,0,0,0,0,0,3,3,3,3,3,3,2,2,3,2,1,2,2,2,5,5,5,7,4,5,3,2,1,4,2,2,4,2,2,2,3,2,2,3,1,3,3,4,5,4,2,8,1,2,2,3,1,5,6,0,1,0,1,1,0,0
1656,37,1,1,1,3,3,0,0,1,0,0,0,0,0,0,0,0,2,2,2,2,2,3,3,3,2,2,2,2,2,4,5,5,5,5,5,5,2,2,2,3,2,2,5,3,5,3,3,3,2,3,3,3,3,2,4,4,2,8,2,2,2,4,1,2,4,0,1,0,1,0,0,0
1657,37,2,1,1,2,3,0,0,1,0,0,0,0,0,0,0,0,2,2,2,2,3,3,2,2,2,2,2,2,2,1,6,4,3,4,6,3,2,3,2,3,2,3,4,2,4,2,3,3,2,3,4,3,3,2,4,1,2,10,2,3,2,2,1,5,6,1,1,0,0,0,0,0
1658,37,3,4,4,3,2,0,0,1,0,0,0,0,0,0,0,0,3,3,3,3,3,3,3,2,2,2,2,1,1,1,8,6,6,8,6,5,3,4,1,5,1,1,5,2,1,2,4,1,1,2,4,1,3,2,4,1,1,11,7,66,2,4,1,2,4,1,1,0,1,0,0,0
1659,37,1,4,4,2,3,0,0,1,0,0,0,0,0,0,0,0,2,2,3,3,3,3,3,3,2,2,2,3,2,4,99,99,99,99,99,99,3,2,1,3,2,2,4,2,3,3,3,3,2,2,3,3,3,3,2,4,2,6,1,2,2,4,1,4,4,1,1,0,1,0,0,0
1660,37,2,12,2,4,4,0,0,0,0,0,0,0,0,0,0,1,3,3,4,2,3,3,2,3,2,2,1,3,2,12,99,99,99,99,99,99,3,4,1,3,3,2,3,1,4,3,2,2,3,2,3,3,3,4,2,12,2,2,6,66,1,3,1,4,4,0,0,0,1,0,0,0
1661,37,2,12,4,1,4,0,0,1,0,0,0,0,0,0,0,0,3,4,4,3,2,2,1,1,4,2,1,2,2,4,0,0,1,10,0,0,1,5,1,2,1,1,5,1,5,5,2,5,1,3,5,4,4,3,2,4,1,5,1,2,2,5,4,4,4,1,1,0,1,0,1,0
1662,37,2,8,8,2,3,0,0,0,0,0,0,0,0,0,0,1,3,3,3,3,2,2,2,2,3,2,1,2,2,8,0,3,3,3,0,5,3,3,1,3,1,1,3,1,4,3,1,2,2,3,4,2,2,5,4,8,1,2,2,4,1,2,4,3,5,0,1,0,1,0,1,0
1663,37,2,8,4,2,3,0,0,0,0,0,0,0,0,0,0,1,3,3,3,2,2,2,1,1,3,2,1,3,2,4,2,5,5,5,0,1,3,4,3,4,3,2,5,3,2,1,1,5,3,4,4,5,3,4,7,6,2,3,1,1,1,2,4,2,5,0,1,0,1,1,1,0
1664,37,2,4,4,2,3,0,0,0,0,0,0,0,0,0,0,1,4,4,3,3,4,3,2,2,3,1,1,4,2,4,0,0,2,6,0,0,1,2,5,3,2,1,3,3,4,2,5,1,1,2,4,3,5,4,1,12,1,4,2,2,2,5,4,3,4,0,1,0,1,0,1,0
1665,37,2,6,6,3,3,0,0,0,0,1,0,0,0,0,0,0,2,2,2,2,3,3,2,2,3,1,1,2,2,6,0,5,5,5,0,5,1,1,2,2,2,2,5,1,5,1,1,1,1,3,3,4,3,3,5,6,1,5,2,4,2,1,1,6,1,0,1,0,1,1,1,0
1666,37,2,12,4,2,3,0,0,0,0,0,0,0,0,0,0,1,3,4,2,2,3,2,2,2,2,1,1,4,2,1,4,0,2,7,0,1,1,1,3,2,3,1,5,2,5,2,3,3,1,2,5,4,5,3,2,12,1,6,2,2,1,5,1,3,6,0,1,1,1,0,1,0
1667,37,2,1,3,2,3,0,1,0,0,0,0,0,0,0,0,0,2,4,3,2,3,3,1,1,3,3,3,2,1,99,5,5,6,5,0,3,99,99,99,99,99,99,99,99,99,99,99,99,4,3,3,2,1,1,4,3,2,5,3,66,3,5,2,2,4,0,0,0,1,0,0,0
1668,38,2,2,2,2,3,0,0,0,0,0,0,0,0,0,0,1,2,2,4,2,3,3,3,3,2,1,1,3,2,2,99,99,99,99,99,99,2,3,3,4,2,3,2,2,2,3,2,2,2,3,4,2,3,4,4,12,2,7,1,2,1,3,4,2,4,0,1,0,0,0,1,0
1669,38,2,12,6,3,4,0,0,0,0,0,0,0,0,0,0,1,2,2,3,3,4,4,3,3,3,1,2,2,2,1,5,3,4,5,2,2,1,5,1,3,1,1,5,1,2,3,2,2,2,2,3,3,3,4,4,12,2,8,2,3,2,4,4,3,5,0,1,0,1,0,0,0
1670,38,3,3,4,2,3,0,0,1,1,0,0,0,0,0,0,0,2,2,2,3,4,4,4,3,2,1,1,3,2,1,5,2,3,7,5,5,2,3,4,4,1,3,5,2,3,3,2,1,1,2,5,2,1,2,2,1,1,11,7,66,2,2,1,4,4,1,1,1,0,0,0,0
1671,38,1,1,1,2,2,0,1,0,0,0,0,0,0,0,0,0,2,2,3,5,5,5,3,3,2,1,1,2,2,1,99,99,99,99,99,99,1,3,1,4,2,3,3,1,2,3,1,3,2,4,3,2,4,3,4,99,1,13,4,66,2,5,1,3,5,1,1,0,0,0,0,0
1672,38,2,12,11,4,4,0,0,0,0,0,0,0,0,0,0,1,4,4,4,4,4,4,4,4,4,2,3,3,2,12,99,99,99,99,99,99,3,3,3,3,3,3,3,3,3,3,3,3,3,3,3,3,3,3,4,12,1,12,7,66,2,2,1,2,5,1,1,0,0,0,0,0
1673,38,1,1,1,3,2,0,1,0,0,0,0,0,0,0,0,0,2,2,2,5,5,5,2,2,3,2,2,2,2,1,7,5,5,5,5,5,3,4,3,3,2,3,4,3,3,3,3,3,3,3,4,3,3,3,4,1,2,11,4,66,2,2,1,4,5,1,1,0,0,0,0,0
1674,38,1,1,1,2,2,1,0,0,0,0,0,0,0,0,0,0,2,2,2,2,3,3,3,2,1,1,1,3,2,1,99,99,99,99,99,99,1,3,2,3,1,2,3,2,1,3,3,3,1,2,3,2,2,2,1,1,1,13,2,2,2,1,1,3,4,1,1,0,0,0,0,0
1675,38,1,1,1,2,2,0,0,1,1,0,0,0,0,0,0,0,2,2,2,3,3,3,3,2,3,1,2,3,2,1,6,4,3,4,8,5,2,2,2,3,2,2,4,3,2,3,3,4,2,3,2,2,2,3,1,1,99,99,99,66,4,7,5,99,99,0,0,0,0,0,0,1
1676,38,3,10,10,2,2,0,0,0,0,0,0,0,0,1,0,0,2,2,3,3,3,3,3,3,2,2,2,3,2,10,4,3,4,3,4,6,4,4,1,5,3,3,3,3,3,4,3,5,2,3,1,2,3,5,3,10,1,9,2,2,2,5,3,2,3,1,1,0,0,0,0,0
1677,38,1,8,8,3,2,0,0,0,0,0,0,0,0,0,0,1,1,2,2,3,3,3,3,3,2,2,2,2,1,1,8,5,6,5,8,6,1,3,1,5,1,3,5,3,3,1,1,1,3,4,4,3,3,2,4,8,2,9,2,2,2,2,1,3,4,1,1,0,1,0,1,0
1678,38,2,12,6,4,4,0,0,1,1,1,0,0,0,0,0,0,3,3,3,3,3,3,2,3,3,2,1,2,2,1,2,2,2,2,2,2,2,2,2,3,2,2,4,3,4,2,3,3,2,3,3,4,3,3,9,2,1,6,8,66,2,1,4,5,5,0,0,0,1,0,0,0
1679,38,3,5,5,2,2,0,0,1,1,0,0,0,0,0,0,0,3,3,3,3,2,2,3,2,2,1,1,2,2,5,5,2,2,4,2,2,1,2,2,4,3,2,5,4,3,2,5,5,1,99,4,2,4,5,2,5,2,10,5,66,2,3,1,4,4,0,0,0,1,1,1,0
1680,38,1,4,1,1,3,0,0,0,0,0,0,0,0,0,0,1,2,2,2,2,3,3,5,2,3,1,1,4,2,12,5,0,0,2,5,3,2,3,3,3,4,3,4,1,3,5,3,3,1,2,2,2,2,1,2,1,1,8,2,2,1,2,5,3,7,0,1,0,0,0,0,0
1681,38,2,12,99,2,3,0,0,0,0,0,0,0,0,0,0,1,2,2,2,2,2,3,3,3,2,2,1,3,2,12,3,3,3,3,4,4,2,3,2,3,2,1,3,2,4,3,2,2,3,3,3,3,3,3,2,6,2,14,7,66,3,1,3,3,6,0,1,0,0,0,0,0
1682,38,1,1,1,3,3,0,0,0,0,0,0,0,0,0,0,1,3,3,3,4,4,4,4,3,3,2,2,3,2,1,7,3,3,3,7,3,3,2,1,3,3,2,5,5,3,4,3,3,3,3,2,3,3,4,4,12,2,10,5,66,2,4,2,2,4,0,1,0,1,0,0,0
1683,38,2,12,1,2,2,0,0,0,0,0,0,0,0,0,0,1,1,1,2,2,3,3,2,2,3,2,2,3,2,1,7,2,2,2,6,3,2,5,1,5,3,3,3,3,2,2,1,2,3,3,3,3,3,3,4,1,2,2,2,2,1,2,4,4,3,0,1,0,1,0,0,0
1684,38,2,5,5,3,3,0,0,0,1,0,0,0,0,0,0,0,2,2,3,3,3,3,3,3,5,3,3,5,2,12,99,99,99,99,99,99,2,3,3,4,3,3,5,2,5,3,2,2,2,4,3,3,3,3,4,5,2,9,8,66,1,2,1,4,5,0,1,0,1,0,0,0
1685,38,2,12,6,3,3,0,0,0,0,0,0,0,0,0,0,1,2,3,3,3,4,4,2,1,3,2,3,3,3,6,2,5,5,5,2,5,3,3,1,3,2,2,5,3,4,3,2,2,3,3,3,2,3,2,2,6,2,7,2,3,2,2,3,6,6,1,1,0,1,0,0,0
1686,38,1,1,1,1,2,0,0,0,1,0,0,0,0,0,0,0,2,2,2,1,2,1,1,1,2,2,1,1,2,1,10,99,99,99,99,99,1,2,1,1,1,2,1,2,2,1,1,1,3,99,5,99,99,5,4,1,1,10,2,4,1,1,1,1,3,1,1,0,0,0,0,0
1687,38,1,1,1,2,2,0,1,0,0,0,0,0,0,0,0,0,2,2,2,2,2,3,2,2,3,2,1,2,1,1,8,7,8,7,8,7,3,5,1,3,2,1,4,3,4,2,2,2,4,2,4,4,2,4,2,1,1,6,7,66,1,2,1,3,6,1,1,0,1,1,1,0
1688,39,2,4,4,1,4,0,0,0,0,0,0,0,0,0,0,1,4,4,4,1,1,1,1,1,2,1,1,2,2,4,0,0,0,9,0,0,2,2,5,3,1,1,3,3,5,2,3,2,1,1,5,5,5,5,2,4,1,6,2,2,2,2,4,3,5,0,0,0,1,1,1,0
1689,39,1,1,1,2,2,0,1,0,0,0,0,0,0,0,0,0,3,3,2,4,4,4,3,3,2,1,1,3,2,1,6,0,3,0,6,0,1,2,3,2,5,4,3,2,3,1,5,5,1,1,4,5,5,4,7,1,1,8,1,2,3,2,2,1,3,0,1,1,0,0,0,0
1690,39,1,1,1,2,2,0,0,0,1,0,0,0,0,0,0,0,1,1,2,3,5,5,3,5,3,1,2,4,1,1,8,0,0,0,9,2,3,2,1,1,1,1,1,1,2,2,5,5,1,1,3,2,1,1,4,1,1,15,7,66,2,2,1,2,5,1,1,0,0,0,0,0
1691,39,1,2,2,2,3,0,0,0,0,0,0,0,0,0,0,1,3,3,4,4,4,4,4,4,2,2,1,4,3,1,5,8,9,7,7,8,4,2,1,5,1,2,3,4,5,2,1,1,1,1,4,3,3,5,2,1,2,8,1,2,3,3,1,3,3,1,1,0,1,0,0,0
1692,39,2,11,11,1,2,0,0,0,0,0,0,0,0,0,1,0,3,3,3,3,2,2,1,1,3,2,2,2,2,12,5,1,0,1,1,1,3,5,1,3,2,3,5,2,4,5,2,2,3,3,3,3,3,3,4,12,2,10,7,66,3,4,1,2,6,0,0,0,1,1,1,0
1693,39,2,12,6,3,4,0,0,0,0,1,0,0,0,0,0,0,2,3,3,3,2,1,1,1,3,2,1,2,2,6,6,7,6,7,2,5,2,5,1,4,2,2,4,3,4,1,1,1,3,4,3,2,2,2,8,6,2,1,8,66,1,2,1,5,4,0,1,0,0,1,0,1
1694,39,2,7,7,3,3,0,0,0,0,0,0,0,0,0,0,1,2,2,3,5,5,5,5,5,5,2,1,2,2,7,99,99,99,99,99,99,4,3,3,5,2,3,4,2,4,4,4,4,2,4,2,5,5,3,4,99,1,14,7,66,2,1,1,2,6,1,1,0,0,0,0,0
1695,39,2,12,99,2,3,0,0,0,0,0,0,0,0,0,0,1,2,2,3,5,5,5,5,4,5,1,1,2,2,12,5,5,5,5,5,3,2,2,1,5,3,3,5,1,3,5,1,1,1,3,3,3,5,5,4,12,1,14,7,66,2,2,1,1,5,1,1,0,0,0,0,0
1696,39,1,12,1,2,3,0,0,0,0,0,0,0,0,0,0,1,2,2,3,3,3,4,4,4,1,2,2,3,2,1,5,2,1,2,5,1,3,4,1,2,1,5,5,5,5,1,5,3,3,3,3,2,3,5,2,1,2,11,5,66,2,2,1,2,5,1,1,0,0,0,0,0
1697,39,1,1,1,2,2,0,1,0,0,0,0,0,0,0,0,0,1,2,2,2,4,4,4,3,1,2,2,2,3,1,7,4,5,4,7,4,2,4,2,4,2,4,4,2,2,4,2,2,1,4,2,2,4,2,4,1,1,12,1,2,2,5,1,2,4,1,1,0,0,0,0,0
1698,39,3,1,11,2,3,0,0,0,0,0,0,0,0,0,0,1,2,2,2,3,4,3,4,4,2,2,3,2,2,1,0,0,0,0,0,0,2,3,1,3,2,3,4,1,4,3,3,3,3,3,3,3,3,3,2,12,1,3,1,1,1,5,1,5,4,1,1,0,1,0,0,0
1699,39,1,1,5,2,2,0,0,0,1,0,0,0,0,0,0,0,2,3,4,4,4,4,2,2,3,1,1,2,2,1,6,1,3,1,5,2,1,3,2,4,3,3,4,3,2,3,2,2,1,2,4,3,2,2,1,12,1,8,1,2,1,4,1,2,4,0,1,0,1,0,1,0
1700,39,2,2,99,2,3,0,0,0,0,0,0,0,0,0,0,1,3,3,3,3,3,4,3,3,2,2,2,2,2,12,5,5,5,5,3,5,4,3,2,3,2,3,4,3,4,2,3,3,3,3,4,2,4,4,4,2,2,11,7,66,2,2,1,4,5,1,1,0,1,0,0,0
1701,40,1,1,4,3,3,0,0,1,0,0,0,0,0,0,0,0,1,1,1,2,2,3,3,1,1,2,2,2,2,1,6,5,6,8,8,8,3,5,1,5,1,2,2,3,2,1,1,1,2,4,4,2,3,4,4,4,2,3,1,2,1,5,4,1,3,0,1,0,0,1,0,0
1702,40,3,12,3,2,3,0,0,0,0,0,0,0,0,0,0,1,4,4,3,3,4,3,2,2,3,1,1,2,2,2,5,6,5,5,4,4,2,2,1,2,3,4,2,1,4,1,1,3,1,2,3,1,3,4,3,12,2,7,1,1,1,5,2,1,4,1,1,0,1,0,1,0
1703,40,2,4,4,2,3,0,0,0,0,0,0,0,0,0,0,1,2,2,2,2,2,2,2,2,3,1,1,3,2,3,5,3,8,8,5,8,1,1,2,2,4,2,3,4,4,2,3,3,2,1,4,3,3,3,5,4,1,6,1,2,2,5,4,3,3,1,1,1,1,1,1,0
1704,40,1,12,1,1,1,0,0,0,0,0,0,0,0,0,0,1,2,2,2,2,3,3,3,3,3,1,1,2,1,12,5,5,5,5,5,5,1,3,3,5,1,3,4,3,3,1,3,3,2,3,3,3,3,3,1,1,2,7,1,2,1,4,3,3,7,0,1,0,1,0,0,0
1705,40,2,7,7,3,3,0,0,0,0,0,0,0,0,0,0,1,5,1,5,5,5,5,5,5,5,1,1,2,2,12,0,2,3,2,2,2,2,2,1,5,1,1,5,1,1,1,1,1,4,3,3,1,5,5,2,12,2,15,7,66,3,2,1,1,99,0,1,0,0,0,0,0
1706,40,2,4,4,2,3,0,1,1,0,0,0,0,0,0,0,0,2,2,3,2,3,3,2,2,3,2,2,2,2,4,1,6,5,8,2,6,2,3,1,4,3,2,4,4,2,3,1,1,1,1,5,3,1,2,2,2,2,5,2,3,2,3,4,4,4,0,0,0,1,0,0,0
1707,40,2,3,9,2,4,0,0,0,0,0,0,0,0,0,0,1,3,3,3,3,3,3,2,2,3,2,2,1,2,9,0,1,3,0,5,5,1,1,1,1,2,2,1,1,1,1,1,1,1,2,2,2,2,2,8,4,2,12,1,2,2,2,2,1,4,0,1,0,1,1,0,0
1708,40,2,2,2,2,3,0,0,0,0,0,0,0,0,0,0,1,2,3,3,3,4,4,4,3,1,2,2,3,2,7,0,10,0,0,0,10,5,2,1,3,99,99,99,99,99,99,99,99,2,4,1,2,1,5,2,12,1,10,2,3,1,5,4,1,99,1,0,0,0,0,0,0
1709,40,3,99,99,2,2,1,1,0,0,0,0,0,0,0,0,0,2,2,3,3,3,5,3,3,2,3,3,4,2,99,99,99,99,99,99,99,2,99,99,3,3,4,2,3,3,3,3,4,1,3,3,2,99,99,1,99,2,12,99,66,2,2,1,3,5,1,1,0,0,0,0,0
1710,40,3,12,1,2,3,0,0,0,0,0,0,0,0,0,0,1,2,2,3,2,3,3,3,2,3,2,2,3,2,12,0,0,0,0,0,0,3,4,2,5,2,1,5,5,5,3,3,3,2,2,2,3,3,5,4,12,2,8,2,3,2,4,1,4,3,0,1,0,1,0,1,0
1711,40,2,1,11,3,3,0,1,1,0,0,0,0,0,0,0,0,2,2,3,4,4,4,2,2,2,1,1,3,2,1,5,3,5,2,0,3,2,2,2,4,3,3,3,3,3,4,4,3,2,2,4,3,4,2,4,1,2,9,1,2,2,2,1,2,5,0,1,1,1,0,0,0
1712,40,3,11,99,4,4,0,0,0,0,0,0,0,0,0,0,1,3,3,4,4,4,4,5,4,5,3,1,4,2,12,99,99,99,99,99,99,1,1,99,99,2,99,1,2,2,1,1,1,99,1,5,99,99,99,9,12,1,11,8,66,3,2,1,1,3,0,0,0,0,0,0,1
1713,40,1,2,2,3,2,1,0,1,0,0,0,0,0,0,0,0,2,2,3,3,3,5,4,3,2,1,3,3,2,2,4,5,2,5,5,4,2,3,2,3,3,3,4,3,2,3,4,2,3,2,3,3,4,4,3,2,2,14,7,66,1,2,2,1,5,1,1,1,0,0,0,0
1714,40,2,6,4,1,3,0,0,0,0,0,0,0,0,0,0,1,4,4,4,4,4,4,5,5,5,2,2,2,2,12,1,0,1,3,1,0,1,3,1,2,1,1,5,2,2,1,5,5,2,1,5,5,3,5,2,4,1,8,1,2,2,2,1,2,6,0,0,0,1,1,0,0
1715,40,3,99,99,5,5,0,0,0,0,0,0,0,0,0,0,1,4,4,4,4,4,4,5,4,5,3,1,3,2,12,0,0,0,0,0,0,2,3,3,3,2,1,3,1,3,3,5,3,4,3,3,1,3,5,4,12,1,8,8,66,1,2,1,4,7,0,1,0,0,0,0,0
1716,40,1,1,1,2,2,0,1,0,0,0,0,0,0,0,0,0,1,5,5,5,5,5,2,2,2,1,1,3,2,1,6,3,5,3,4,7,2,3,2,3,2,1,1,1,1,1,2,2,2,2,4,2,4,2,1,4,99,99,99,66,4,7,5,99,99,0,0,0,0,0,0,1
1717,40,2,2,4,3,3,0,0,0,0,0,0,0,0,0,0,1,2,3,3,3,3,3,3,3,2,2,1,3,2,1,2,3,3,5,1,3,3,3,1,3,2,2,5,3,4,3,2,1,3,2,4,4,2,2,3,4,1,6,1,2,1,2,1,5,4,0,1,0,1,1,0,0
1718,40,3,1,1,3,2,0,0,0,0,1,0,0,0,0,0,0,3,3,3,3,3,3,3,3,2,2,3,3,2,1,6,5,5,5,4,5,3,2,2,4,3,3,4,2,2,2,2,2,2,4,3,2,3,3,5,1,2,12,1,2,2,4,1,3,4,0,1,0,1,0,1,0
1719,40,1,12,1,4,3,0,0,0,0,0,0,0,0,0,0,1,5,5,5,5,5,5,5,5,5,1,1,3,2,1,3,3,3,3,3,3,3,3,3,4,2,3,4,1,3,3,2,2,3,3,3,3,3,3,4,12,2,11,5,66,2,2,1,5,4,0,1,0,0,0,0,0
1720,40,2,12,3,3,3,0,1,0,0,0,0,0,0,0,0,0,1,2,3,2,3,3,2,2,3,2,3,2,2,3,3,4,7,5,2,5,2,4,1,4,3,4,3,2,2,2,3,1,2,2,4,2,4,4,4,3,2,2,1,2,1,5,2,4,4,0,1,0,1,0,0,0
1721,40,1,1,1,1,2,1,1,0,0,0,0,0,0,0,0,0,2,3,2,3,3,3,3,2,3,2,2,2,2,1,5,5,6,0,6,0,2,3,1,5,1,2,2,3,2,1,2,1,2,2,1,2,1,2,9,1,1,7,1,4,2,5,2,3,3,1,1,0,1,0,0,0
1722,40,1,1,1,2,2,0,1,1,1,0,0,0,0,0,0,0,2,2,3,3,4,4,3,2,2,1,1,2,1,1,8,5,6,5,8,6,2,3,2,3,2,3,3,2,3,2,5,3,2,3,5,2,3,1,4,1,2,10,5,66,2,2,2,2,3,0,1,0,0,0,0,0
1723,40,2,2,2,1,4,0,0,0,0,0,0,0,0,0,0,1,4,4,4,4,3,4,2,2,4,1,1,4,2,12,4,4,1,1,3,3,1,1,5,5,1,1,1,5,1,1,5,5,1,1,5,5,1,5,7,12,1,9,1,2,2,5,4,2,3,1,1,0,1,1,0,0
1724,40,1,1,4,2,2,0,0,1,0,0,0,0,0,0,0,0,2,2,3,3,4,4,3,3,2,1,1,3,2,1,6,5,4,6,7,6,1,1,1,2,3,3,3,1,2,3,4,4,2,2,4,1,3,2,5,4,1,12,7,66,2,6,1,2,3,1,1,0,0,0,0,0
1725,40,1,1,1,2,2,0,0,0,0,0,0,0,0,0,0,1,4,4,4,2,2,2,2,3,2,1,3,2,3,1,6,0,3,1,6,6,2,2,3,3,2,4,2,3,2,3,4,3,1,3,5,3,4,3,1,1,1,10,1,1,2,2,1,5,4,0,1,1,1,0,1,0
1726,40,2,4,4,2,4,0,0,0,0,0,0,0,0,0,0,1,3,4,2,2,1,1,1,2,3,2,2,2,2,4,0,2,2,8,0,2,4,2,1,3,3,2,4,3,4,3,4,4,2,3,4,3,1,3,3,4,2,7,5,66,2,2,4,3,3,0,0,0,1,1,1,0
1727,40,2,1,1,3,3,1,0,0,0,0,0,0,0,0,0,0,3,3,3,3,4,4,3,2,2,1,1,3,2,1,4,3,4,2,0,2,1,1,4,4,2,2,2,2,2,4,3,3,1,2,5,4,4,4,4,1,1,9,3,66,3,2,1,2,5,0,0,0,1,0,1,0
1728,40,2,12,6,1,4,0,0,0,0,0,0,0,0,0,0,1,2,2,5,5,4,5,4,4,1,2,2,4,2,12,2,3,0,1,1,3,5,5,1,5,1,5,1,1,5,5,1,1,1,5,1,99,1,5,3,12,1,11,7,66,1,6,1,1,5,1,1,0,0,0,0,0
1729,40,1,1,1,2,3,0,1,1,1,0,0,0,0,0,0,0,2,2,3,2,2,2,2,2,2,1,1,2,2,1,6,2,3,3,6,2,1,1,4,1,2,2,2,2,2,2,5,3,1,1,5,3,3,3,4,1,1,12,7,66,2,2,2,2,4,0,1,0,1,0,0,0
1730,40,1,1,1,2,2,0,1,0,0,0,0,0,0,0,0,0,3,3,3,3,4,3,3,3,2,1,1,3,2,1,8,0,5,2,5,0,1,1,3,5,1,1,1,2,2,2,5,5,1,1,4,3,4,1,1,1,1,14,7,66,2,5,5,2,6,0,1,0,0,0,0,0
1731,40,2,4,4,1,4,0,0,1,0,1,0,0,0,0,0,0,4,4,4,2,1,1,1,1,2,2,2,1,1,4,0,4,4,10,0,5,5,5,3,2,1,1,5,1,5,3,1,1,1,5,3,5,5,1,2,4,1,3,1,2,1,5,4,1,5,0,0,0,1,1,1,0
1732,40,3,1,3,3,3,0,1,0,1,0,0,0,0,0,0,0,2,2,3,2,2,2,3,4,4,3,3,3,2,99,99,99,99,99,99,99,99,2,99,5,2,3,5,3,3,2,3,3,3,3,99,99,99,2,4,99,2,13,7,66,4,5,4,1,4,0,1,0,1,0,0,0
1733,40,3,12,99,4,3,0,0,0,0,0,0,0,0,0,0,1,3,3,3,3,3,3,5,5,5,2,2,1,1,12,99,99,99,99,99,99,2,3,1,4,1,1,5,1,5,3,2,2,2,3,1,3,3,3,2,12,2,10,2,3,2,2,4,2,5,0,1,0,0,0,0,0
1734,40,1,1,1,1,2,0,0,0,1,0,0,0,0,0,0,0,3,3,4,3,3,4,3,3,3,2,2,1,1,1,99,99,99,99,99,99,1,1,1,3,1,2,5,4,4,5,5,5,3,3,4,5,4,5,4,1,1,15,7,66,3,2,2,1,7,0,1,0,0,0,0,0
1735,40,1,1,1,2,2,0,0,0,0,0,0,0,0,0,0,1,2,3,3,3,3,2,2,2,2,1,1,3,2,1,7,4,5,5,6,5,2,3,1,4,3,2,2,2,3,3,2,2,3,2,2,3,3,3,4,1,2,10,3,66,2,5,1,3,4,1,1,0,1,0,1,0
1736,40,1,2,2,1,3,1,1,1,0,0,0,0,0,0,0,0,2,2,2,2,2,2,2,2,2,1,1,1,2,2,9,10,9,10,9,10,2,2,1,1,1,1,3,1,3,1,3,1,1,1,1,5,3,3,4,2,1,9,2,3,1,5,1,1,6,1,1,0,1,1,1,0
1737,40,2,12,6,2,4,0,0,0,0,0,0,0,0,0,0,1,4,4,4,2,2,3,2,1,1,2,1,2,2,12,0,0,0,0,0,0,1,3,1,4,1,3,1,5,5,1,5,1,2,3,5,4,3,5,9,12,1,4,3,66,2,3,4,3,3,0,0,0,1,1,0,0
1738,40,2,1,1,3,4,0,0,0,0,0,0,0,0,0,0,1,3,3,3,4,5,5,3,3,3,1,3,3,2,1,5,0,0,0,5,0,2,3,99,99,2,2,3,3,3,3,1,5,1,99,5,3,3,1,5,1,99,15,5,66,4,2,1,1,4,1,1,0,0,0,0,0
1739,40,1,1,1,2,3,0,0,1,1,0,0,0,0,0,0,0,1,3,3,3,3,3,2,2,2,2,3,3,2,1,9,6,6,7,7,6,1,5,1,5,1,1,1,1,1,1,1,1,1,5,5,5,1,1,5,1,2,2,1,1,1,5,4,1,3,0,0,0,0,0,0,1
1740,40,2,3,3,2,4,0,0,0,0,0,0,0,0,0,0,1,3,3,3,3,4,4,1,2,3,2,3,3,2,12,2,2,6,4,3,2,2,3,1,3,2,4,5,4,4,3,2,1,2,2,4,3,5,5,9,12,2,7,2,2,2,5,1,5,3,0,1,0,1,0,0,0
1741,40,3,2,2,2,3,0,0,0,0,0,0,0,0,0,0,1,3,3,3,3,3,3,3,3,2,2,1,3,2,12,5,6,4,6,4,4,4,3,1,3,3,3,5,2,4,3,2,2,1,5,5,2,2,4,8,12,1,11,1,3,2,5,2,2,3,0,1,0,0,0,0,0
1742,40,2,2,2,2,2,99,99,99,99,99,99,99,99,99,99,99,2,2,3,3,5,5,3,2,2,2,2,2,1,1,99,99,99,99,99,99,4,2,2,2,3,3,3,1,1,4,4,3,2,3,3,3,2,3,4,2,1,14,7,66,3,2,1,1,6,1,1,1,0,0,0,0
1743,40,2,6,6,2,3,0,0,0,0,1,1,0,0,1,0,0,2,2,2,2,3,3,2,2,2,2,1,2,2,7,2,5,3,3,4,5,4,3,1,4,2,2,2,4,2,2,1,2,2,3,2,2,1,5,2,2,1,6,7,66,1,5,1,2,7,0,1,0,1,1,1,0
1744,40,2,12,1,3,3,1,1,0,0,0,0,0,0,0,0,0,2,2,3,3,3,3,3,2,2,1,1,3,2,1,5,4,4,4,3,4,2,3,2,3,3,2,4,1,4,3,3,1,2,3,4,2,3,3,1,1,2,12,7,66,1,4,2,1,6,0,1,0,1,0,0,0
1745,40,1,7,7,2,2,1,1,0,0,0,1,0,0,0,0,0,3,3,3,5,5,5,3,3,2,2,1,3,2,12,5,3,4,0,5,0,5,4,1,3,3,2,5,2,5,3,2,2,2,3,1,3,3,4,4,12,2,14,7,66,3,2,1,2,6,0,1,0,0,0,0,0
1746,40,2,1,1,3,3,0,0,0,0,0,0,0,0,0,0,1,2,2,3,3,3,3,3,3,2,1,1,3,2,1,7,4,2,3,3,3,4,3,3,3,4,3,3,3,4,3,2,2,2,3,3,3,3,3,2,99,1,13,4,66,2,2,1,3,6,1,1,1,1,0,0,0
1747,40,1,2,2,2,2,0,1,0,0,0,0,0,0,0,0,0,2,2,2,5,5,5,5,5,5,2,2,3,2,2,3,6,5,4,7,10,3,3,99,5,4,3,5,2,4,3,3,4,2,3,3,4,99,3,4,3,2,14,7,66,2,2,1,2,5,1,1,0,0,0,0,1
1748,40,1,1,1,2,2,1,1,1,1,0,0,0,0,0,0,0,1,2,2,2,3,4,2,2,2,2,1,2,2,1,10,8,9,6,9,6,2,4,1,5,1,2,5,1,1,1,5,5,1,2,3,1,1,1,9,99,2,6,4,66,2,3,1,4,3,0,1,0,1,0,0,0
1749,40,3,4,2,2,2,1,0,0,0,0,0,0,0,0,0,0,2,3,3,3,3,3,5,4,2,3,3,2,2,12,6,4,3,3,6,6,2,2,4,2,1,4,2,1,2,2,4,2,3,2,4,2,4,2,1,1,1,10,1,3,2,5,1,6,3,0,1,0,1,0,0,0
1750,40,1,1,1,1,2,0,1,1,1,0,0,0,0,0,0,0,3,3,3,3,3,3,3,3,1,1,1,2,2,1,8,3,6,4,8,3,1,2,2,3,1,2,3,1,2,1,4,4,1,2,3,2,3,3,1,1,2,15,7,66,2,2,1,2,3,1,1,0,0,0,0,0
1751,40,2,3,3,3,3,0,1,0,1,0,0,0,0,0,0,0,2,2,2,3,3,3,3,3,2,1,1,2,1,3,8,7,10,9,5,5,1,5,1,3,1,3,5,3,3,3,5,5,5,3,5,1,5,3,2,3,1,7,7,66,1,2,1,3,6,0,1,0,0,0,1,0
1752,40,2,12,99,4,4,0,0,0,0,0,0,0,0,0,0,1,3,4,4,5,5,5,4,4,4,2,2,4,2,99,99,99,99,99,99,99,4,1,1,5,5,5,5,1,5,5,3,1,4,5,3,2,1,5,7,12,2,7,99,66,4,2,1,6,6,0,1,0,0,0,0,0
1753,40,2,11,3,3,2,0,0,0,0,0,0,0,0,0,0,1,2,2,2,3,3,3,4,4,2,2,2,3,2,12,99,99,99,99,99,99,2,3,1,3,3,3,4,1,2,2,3,3,2,3,5,3,3,4,4,7,2,15,7,66,3,2,1,2,5,0,1,0,0,0,0,0
1754,40,2,4,4,3,3,0,0,1,0,0,0,0,0,0,0,0,2,2,3,2,3,3,2,2,2,2,2,2,1,4,3,3,3,5,3,3,2,3,1,4,2,3,3,3,3,3,2,2,3,2,3,2,3,3,4,1,2,10,5,66,2,4,2,2,3,1,1,1,1,0,0,0
1755,40,1,6,2,3,3,0,0,0,0,0,1,0,0,0,0,0,2,2,5,2,4,3,3,4,2,2,2,5,3,10,0,5,0,4,6,5,4,4,1,3,3,3,4,3,4,5,2,2,2,3,2,3,2,5,1,7,2,12,5,66,2,2,1,2,3,1,1,0,1,0,0,0
1756,40,1,1,1,2,3,0,0,0,0,0,0,0,0,0,0,1,2,2,3,3,4,4,3,3,2,1,1,2,2,1,7,2,2,2,5,5,2,2,3,4,2,2,4,2,3,3,3,3,2,4,5,3,4,3,4,1,1,11,7,66,2,5,1,3,5,1,1,0,0,0,0,0
1757,40,3,4,3,2,2,0,0,0,0,0,0,0,0,0,0,1,2,2,3,3,3,3,5,2,2,2,3,3,2,12,5,5,5,5,5,5,5,2,1,2,2,2,5,1,3,3,3,3,1,3,2,1,2,4,1,12,2,13,7,66,3,2,1,1,5,0,1,0,1,0,0,0
1758,40,2,9,4,1,3,0,0,1,0,0,0,0,1,0,0,0,2,3,2,2,3,2,1,1,4,1,1,3,2,9,4,0,2,7,0,0,1,1,5,5,1,1,5,3,2,2,5,5,1,3,5,5,3,5,2,4,2,12,7,66,2,4,1,2,4,0,0,0,1,0,1,0
1759,40,2,12,3,3,3,0,1,0,0,0,0,0,0,0,0,0,2,2,3,2,3,3,2,2,2,2,1,2,2,3,5,3,10,3,3,1,1,5,1,3,2,3,5,3,5,1,1,1,1,3,3,3,3,3,4,3,2,7,2,2,1,4,4,1,4,0,1,0,0,0,0,0
1760,40,2,12,6,2,4,0,0,0,0,1,0,0,0,0,0,0,3,3,4,3,3,3,2,2,3,2,1,2,2,6,5,5,5,5,3,5,1,3,2,5,1,1,5,1,3,1,1,1,3,3,2,4,3,3,4,6,1,6,1,2,2,3,1,3,5,0,0,0,1,0,0,0
1761,40,2,2,2,2,2,0,0,0,0,0,0,0,0,0,0,1,2,2,2,3,3,4,2,1,3,2,2,2,2,12,5,5,5,5,2,2,3,4,2,3,2,2,5,4,3,2,2,1,3,4,5,3,3,2,2,12,2,4,1,3,2,5,2,3,5,0,1,0,1,0,0,0
1762,40,1,1,1,3,2,0,1,1,0,0,0,0,0,0,0,0,2,2,2,2,2,3,3,3,2,2,2,3,2,12,5,5,3,6,9,5,2,3,2,3,1,2,3,1,2,3,3,3,2,3,4,2,3,4,4,4,1,11,2,2,1,5,1,3,5,1,1,0,0,0,0,0
1763,40,1,2,2,2,3,1,0,0,0,0,0,0,0,0,0,0,3,2,5,2,2,2,2,3,3,2,2,3,2,3,5,8,7,7,5,6,5,1,2,3,3,2,5,1,4,1,5,1,99,99,99,99,99,99,9,99,1,14,7,66,2,1,1,2,5,1,1,0,0,0,0,0
1764,40,2,3,3,2,4,0,0,0,0,0,0,0,0,0,0,1,3,3,5,3,3,3,5,1,5,2,1,2,2,1,5,5,5,5,0,5,3,5,3,2,3,2,3,5,3,1,3,3,2,2,4,4,3,5,5,4,1,4,2,2,2,5,4,4,3,0,1,0,1,1,1,0
1765,40,1,1,1,2,3,0,0,1,0,0,0,0,0,0,0,0,2,2,3,2,3,3,3,4,1,2,2,3,2,1,7,5,6,6,7,7,4,4,1,2,2,1,2,1,4,2,5,4,2,4,4,1,4,4,2,4,1,9,3,66,2,2,2,2,5,1,1,0,0,0,0,0
1766,40,1,1,1,2,2,0,0,0,0,0,0,0,0,0,0,1,2,2,2,2,5,5,5,5,2,1,1,2,3,6,8,7,5,7,8,7,3,3,99,4,2,2,4,2,3,3,3,2,1,3,4,2,3,3,4,1,2,11,7,66,3,4,4,1,6,0,1,0,1,1,0,0
1767,40,2,12,5,3,3,0,0,0,0,0,0,0,0,0,0,1,2,2,2,3,3,3,3,3,4,1,3,3,2,12,99,99,99,99,99,99,1,2,3,5,1,4,5,5,3,2,3,3,2,2,3,1,2,5,4,1,2,10,7,66,3,2,2,2,6,0,1,0,0,0,0,0
1768,40,1,12,3,2,2,0,1,0,0,0,0,0,0,0,0,0,1,1,3,3,4,4,3,3,1,2,1,2,3,1,7,2,5,2,7,0,1,1,2,4,1,2,5,1,5,3,5,5,1,3,3,4,3,5,4,1,2,13,7,66,3,2,4,1,6,1,1,0,0,0,0,0
1769,40,1,5,5,2,3,0,0,0,0,0,0,0,0,0,0,1,2,3,3,3,3,4,3,3,3,2,2,3,2,7,99,99,99,99,99,99,3,5,2,3,3,3,5,1,5,5,5,3,1,3,1,3,3,5,4,1,2,14,7,66,3,4,4,1,6,1,1,0,0,0,0,0
1770,40,2,2,2,2,3,0,0,0,0,0,0,0,0,0,0,1,2,2,3,2,3,3,2,2,3,2,1,2,2,2,99,99,99,99,99,99,1,4,1,5,4,3,3,2,4,3,1,1,2,3,3,3,4,4,4,2,2,8,2,3,1,4,1,3,3,1,1,0,1,0,0,0
1771,40,2,12,2,3,4,0,0,0,0,0,0,0,0,0,0,1,3,4,3,3,3,3,2,3,2,2,2,2,2,1,2,0,1,0,0,0,2,1,1,2,2,1,5,2,3,2,3,2,2,2,5,5,3,5,2,12,1,4,2,3,1,2,1,4,4,0,0,0,0,1,0,0
1772,40,1,2,2,2,2,1,1,0,0,0,0,0,0,0,0,0,2,2,3,3,3,3,3,3,2,2,2,2,2,2,5,7,6,6,7,7,3,3,1,4,2,2,5,2,3,2,5,4,1,3,3,4,2,4,4,2,2,11,5,66,2,4,2,2,4,1,1,0,0,0,0,0
1773,40,2,6,6,1,4,0,0,0,0,0,0,0,0,0,0,1,5,5,5,5,5,5,2,1,4,1,1,4,2,6,0,0,0,0,0,0,1,1,1,1,1,1,5,1,5,5,5,5,1,5,5,5,5,5,2,6,1,8,1,2,2,2,4,2,3,1,1,1,1,1,1,1
1774,40,2,5,5,3,3,0,0,0,1,0,0,1,0,1,0,0,2,2,3,3,2,3,2,1,2,2,1,3,2,99,1,7,5,7,1,7,99,99,99,99,99,99,99,99,99,99,99,99,1,2,3,4,3,1,2,5,2,11,7,66,1,2,4,2,6,1,1,0,1,0,0,0
1775,40,2,6,6,3,3,0,0,0,0,1,0,0,0,0,0,0,3,3,3,3,3,3,2,3,3,1,1,3,2,6,5,5,5,5,5,5,3,3,3,3,3,3,3,3,3,3,3,3,2,3,2,3,3,2,4,6,2,6,99,66,2,7,4,99,5,1,0,0,1,0,0,0
1776,40,1,1,1,2,2,0,0,0,0,0,0,0,0,0,0,1,2,3,3,4,4,4,4,4,1,1,1,3,2,1,8,5,5,5,8,4,1,1,1,3,1,1,2,1,2,3,5,1,4,1,5,5,5,5,4,1,1,13,4,66,2,2,1,6,3,1,1,0,0,0,0,0
1777,41,2,1,1,2,3,0,0,0,0,0,0,0,0,0,0,1,2,2,2,3,3,3,2,2,3,2,2,3,2,1,5,4,4,4,3,3,1,3,1,5,1,1,5,3,5,5,1,1,2,3,2,3,3,3,2,12,2,5,1,2,1,5,1,4,3,1,1,0,1,1,0,0
1778,41,2,12,3,5,4,0,0,0,0,0,0,0,0,0,0,1,2,2,3,4,4,4,2,2,3,1,1,3,2,3,0,1,8,1,3,1,1,2,4,5,2,2,5,3,5,1,1,1,1,2,4,3,3,5,9,3,2,5,8,66,2,2,5,4,6,0,1,0,1,0,0,0
1779,41,1,1,2,2,2,1,1,1,0,0,0,0,0,0,0,0,2,2,3,4,4,4,3,2,2,2,1,3,2,2,7,8,6,5,7,8,3,2,2,3,3,2,3,2,2,3,2,2,1,1,4,2,3,4,1,2,2,11,5,66,2,3,1,2,3,1,1,0,1,1,1,0
1780,41,2,4,99,1,4,0,0,1,0,1,0,0,0,0,0,0,3,3,3,3,3,2,1,1,1,1,1,2,2,4,0,5,0,10,0,5,99,99,99,99,99,99,99,99,99,99,99,4,99,99,99,99,99,99,2,4,2,9,2,2,2,2,1,2,5,0,0,0,0,0,1,0
1781,41,1,1,1,2,2,0,0,0,1,0,0,0,0,0,0,0,5,5,5,5,5,5,5,5,5,2,2,2,1,1,7,5,5,5,6,5,3,3,3,4,3,3,5,3,4,3,1,1,3,3,3,3,3,3,4,1,2,11,1,2,2,3,1,3,3,1,1,0,1,0,0,0
1782,41,1,1,1,2,2,0,0,0,0,0,0,0,0,0,0,1,2,2,2,3,3,3,3,2,2,1,1,2,1,3,7,5,7,6,8,7,2,3,2,3,3,3,4,3,3,3,3,3,2,3,3,2,3,3,4,5,1,8,1,2,1,6,1,3,4,0,1,0,0,0,0,0
1783,41,3,12,4,2,3,0,0,0,0,0,0,0,0,0,0,1,2,2,3,3,2,2,1,1,3,2,1,3,2,4,3,3,0,7,3,8,2,2,1,5,1,1,4,4,5,1,1,1,1,1,5,2,2,5,2,4,2,2,6,66,1,5,1,3,6,1,1,0,1,1,1,0
1784,41,2,12,1,3,3,0,0,0,0,0,0,0,0,0,0,1,3,2,2,4,4,4,4,2,2,2,2,2,2,12,0,0,0,1,0,0,3,2,1,1,1,1,1,1,3,1,3,3,1,2,4,4,3,5,2,12,1,5,1,2,2,5,4,2,3,0,1,0,1,1,0,0
1785,41,1,1,1,3,2,1,0,0,0,0,0,0,0,0,0,0,2,2,2,2,3,3,5,3,3,2,3,3,2,1,5,5,5,5,7,7,3,5,3,5,3,3,5,5,5,3,5,3,3,3,3,3,3,3,9,99,2,14,7,66,3,5,1,1,4,0,1,0,0,0,0,0
1786,41,2,1,99,3,3,0,0,0,0,0,0,0,0,0,0,1,3,3,3,3,3,3,3,3,2,3,1,3,2,99,2,3,3,3,0,0,1,1,2,2,2,1,3,2,3,3,3,2,2,2,3,3,3,2,4,12,2,13,5,66,2,2,1,4,5,1,1,0,0,0,0,0
1787,41,3,99,99,2,2,99,99,99,99,99,99,99,99,99,99,99,2,2,2,2,2,2,2,2,2,2,2,2,1,99,99,99,99,99,99,99,3,5,1,3,3,3,5,3,5,1,3,1,3,3,4,3,3,3,4,99,99,99,99,66,4,7,5,99,99,0,1,0,1,0,0,0
1788,41,2,1,1,3,3,0,0,1,0,0,0,0,0,0,0,0,3,3,3,3,3,3,2,2,3,2,1,2,2,1,9,4,6,8,8,0,2,3,3,3,2,3,3,3,3,2,2,2,2,2,3,3,3,3,4,4,2,13,7,66,2,2,1,3,4,0,0,0,1,0,1,0
1789,42,2,12,5,3,3,0,0,1,1,0,0,0,0,1,0,0,2,2,3,2,3,3,3,2,2,1,1,2,2,99,5,5,5,5,3,5,1,1,3,4,99,1,4,1,4,4,4,3,2,4,1,4,4,3,4,5,2,13,8,66,2,3,1,2,4,1,1,0,1,0,0,0
1790,42,1,1,1,2,2,1,0,0,0,0,0,0,0,0,0,0,2,2,3,3,3,3,2,2,2,2,2,3,2,1,7,5,3,5,6,7,1,2,1,3,2,2,3,2,4,2,4,3,2,2,2,2,3,2,5,1,1,9,1,1,2,5,2,3,4,1,1,0,1,0,0,0
1791,42,1,1,1,2,3,0,1,0,0,0,0,0,0,0,0,0,2,4,4,4,3,4,1,1,3,2,1,3,1,1,4,4,4,4,2,2,2,3,1,3,3,3,5,3,3,3,1,2,2,3,5,3,2,2,3,1,2,6,1,2,2,4,1,5,4,1,0,0,1,0,0,0
1792,42,3,1,6,3,3,0,0,0,0,1,0,0,0,0,0,0,3,3,3,3,3,3,2,2,3,3,3,3,2,6,5,5,6,5,5,5,1,3,3,3,3,2,2,3,4,3,2,3,2,3,4,3,3,3,4,12,2,8,2,2,3,2,4,1,6,0,1,0,1,0,0,0
1793,42,3,12,99,4,3,0,0,0,0,0,0,0,0,0,0,1,3,3,3,3,3,3,3,3,2,2,1,3,2,12,5,5,5,5,5,5,3,3,3,3,3,3,3,3,3,3,3,3,3,3,3,3,3,3,4,12,1,2,1,2,1,2,4,3,7,0,0,0,1,0,0,0
1794,42,2,2,3,2,3,0,0,0,0,0,0,0,0,0,0,1,2,2,3,3,3,3,3,3,3,2,2,2,1,12,99,99,99,99,99,99,3,3,2,3,3,3,5,4,3,2,3,3,3,3,3,2,3,3,4,2,2,10,5,66,2,4,4,2,4,0,1,0,1,0,0,0
1795,42,3,5,5,3,3,0,0,0,0,0,0,0,0,0,0,1,3,3,3,3,4,4,3,4,3,2,2,3,2,5,4,4,4,4,4,3,3,2,1,3,4,3,4,2,3,3,3,3,2,3,3,3,4,5,3,12,2,12,7,66,1,2,4,2,5,0,1,0,1,0,0,0
1796,42,2,12,11,2,4,0,0,1,0,0,0,0,0,0,1,0,2,2,3,3,3,3,3,2,1,1,1,1,2,12,1,1,1,2,1,1,1,2,4,5,2,1,1,4,1,1,5,5,1,1,5,4,3,5,2,4,1,1,7,66,1,2,1,3,4,0,1,0,0,1,1,0
1797,42,1,12,2,4,3,0,1,1,0,0,0,0,0,0,0,0,2,2,2,3,3,3,2,3,2,1,1,3,2,12,3,3,2,2,5,3,2,3,1,3,3,4,3,2,3,3,3,1,2,3,2,2,3,4,3,12,2,15,7,66,3,1,1,1,4,1,1,0,0,0,0,0
1798,42,3,4,4,3,3,0,0,1,0,0,0,0,0,0,0,0,3,3,3,3,4,4,4,3,3,1,1,3,2,1,5,2,4,3,1,1,3,3,4,2,2,3,4,1,5,2,3,3,1,3,2,3,3,3,2,4,2,10,2,3,2,3,1,3,4,0,1,0,0,0,0,0
1799,42,1,12,1,3,3,0,0,0,0,0,0,0,0,0,0,1,2,2,3,3,3,3,3,3,3,1,1,2,1,12,99,99,99,99,99,99,2,3,1,3,2,2,5,1,5,5,3,3,2,3,5,3,3,5,4,1,2,12,2,3,2,2,4,2,7,1,1,0,0,0,0,0
1800,42,1,5,5,1,2,0,0,0,1,0,0,0,0,0,0,0,2,2,2,2,2,2,3,2,2,2,1,3,2,5,5,0,0,0,3,0,5,3,3,3,2,2,3,2,5,5,3,2,5,3,5,1,5,5,4,5,2,12,7,66,3,1,4,2,7,1,1,0,0,0,0,0
1801,42,2,2,4,4,4,0,0,0,0,0,0,0,0,0,0,1,4,4,4,4,4,4,4,4,4,1,2,4,2,12,0,0,0,0,0,0,1,1,1,1,3,3,5,5,5,1,3,3,1,1,3,3,3,3,2,12,1,8,2,2,2,2,1,2,6,0,0,0,0,0,0,1
1802,42,3,12,1,3,3,0,0,0,0,0,0,0,0,0,0,1,5,2,3,3,3,3,5,2,2,2,1,2,2,1,6,5,5,5,6,4,2,4,2,4,2,2,4,2,2,2,2,3,2,4,3,2,3,4,5,12,2,6,6,66,3,3,4,3,7,0,1,0,1,0,0,0
1803,43,2,2,2,3,3,0,0,0,0,0,0,0,0,0,0,1,3,3,3,3,3,3,2,3,3,1,1,3,2,12,5,5,5,5,5,5,1,1,1,5,1,1,1,1,1,1,1,1,3,3,3,3,3,3,2,12,1,8,2,2,2,2,1,3,4,0,0,0,1,1,0,0
1804,43,2,2,2,2,1,1,0,0,0,0,0,0,0,0,0,0,1,1,1,3,4,4,4,4,1,2,2,3,1,2,99,99,99,99,99,99,2,3,3,3,5,1,5,3,3,5,1,1,1,3,4,3,3,5,2,2,2,10,2,2,2,2,1,3,6,1,1,0,0,0,0,0
1805,43,2,12,4,2,3,0,0,0,0,0,0,0,0,0,0,1,2,2,3,3,4,4,3,3,2,1,1,3,2,4,4,5,4,6,3,5,1,4,2,3,4,4,3,3,2,2,1,1,2,2,3,1,3,2,5,3,2,7,2,3,2,5,1,2,4,0,1,0,1,0,0,0
1806,43,3,12,11,4,4,0,0,0,0,0,0,0,0,0,0,1,4,4,4,4,4,4,4,4,4,1,3,4,3,12,1,1,1,1,1,1,3,3,3,3,3,3,3,3,3,3,3,3,3,3,3,3,3,3,9,12,2,7,1,2,2,3,1,4,4,0,1,0,1,0,0,0
1807,43,2,99,6,3,4,0,0,0,0,1,0,1,0,0,0,0,4,4,4,4,4,4,2,1,3,2,1,4,2,99,0,0,0,0,0,0,4,4,4,4,3,4,4,3,4,4,3,4,1,1,1,1,2,1,9,99,1,11,1,1,2,2,1,4,5,1,1,0,0,0,0,0
1808,43,2,6,7,3,4,0,0,0,0,1,1,0,0,0,0,0,3,3,3,3,3,3,2,2,2,2,1,3,2,12,0,1,1,1,5,5,3,3,1,5,3,2,4,2,3,1,2,2,1,5,3,2,3,3,5,7,2,2,1,2,1,4,4,2,4,0,1,0,0,1,0,0
1809,43,1,1,1,1,1,0,1,0,1,0,0,0,0,0,0,0,1,1,1,1,1,1,1,1,1,2,2,1,1,1,99,99,99,99,10,99,1,5,1,1,1,1,1,1,1,1,5,1,2,1,3,2,3,3,4,1,1,14,7,66,2,1,2,1,7,1,0,0,0,0,0,0
1810,43,2,6,6,5,4,0,0,0,0,0,0,0,0,0,0,1,3,3,3,4,4,3,3,2,2,1,1,3,2,12,3,2,4,3,2,2,2,3,1,5,1,1,5,1,3,3,2,3,2,3,4,3,3,4,2,12,2,8,1,2,2,3,1,6,5,1,1,1,1,1,1,0
1811,43,2,1,1,3,3,0,0,0,0,0,0,0,0,0,0,1,2,2,3,3,3,3,2,2,2,2,2,3,2,12,2,1,1,1,1,1,3,5,1,4,3,5,5,5,5,1,3,5,4,4,99,2,3,1,4,12,2,8,1,2,2,2,1,5,4,0,1,0,0,1,0,0
1812,43,2,8,8,2,4,0,0,0,0,0,0,0,0,0,0,1,3,4,3,3,5,5,2,2,4,1,1,2,2,12,0,0,0,1,0,1,2,3,3,3,4,1,5,3,5,4,5,5,1,3,4,3,2,4,8,12,2,13,7,66,3,2,1,3,6,1,0,0,0,0,0,0
1813,43,1,12,1,4,3,0,0,0,0,0,0,0,0,0,0,1,2,2,3,3,4,4,3,3,1,2,2,5,2,12,99,99,99,99,99,99,5,5,1,3,2,3,2,1,2,1,1,1,3,5,3,1,3,3,4,99,2,7,1,3,2,2,1,6,2,0,1,0,1,1,0,0
1814,43,2,1,99,1,4,0,0,0,0,0,0,0,0,0,0,1,4,4,4,4,4,4,4,4,2,1,1,3,2,1,5,0,0,0,0,0,1,4,3,3,3,4,3,1,3,1,3,3,2,3,5,3,3,5,2,1,2,12,7,66,2,2,1,3,3,1,1,1,0,0,0,1
1815,43,2,2,2,3,3,0,0,0,0,0,0,0,0,0,0,1,2,2,2,2,3,3,2,2,3,2,1,3,2,12,1,2,2,1,1,2,1,3,1,2,4,3,3,3,3,3,3,3,3,3,3,3,3,3,2,12,1,8,8,66,2,2,5,4,5,0,0,0,1,1,1,0
1816,43,2,1,3,2,3,0,1,0,0,1,0,0,0,0,0,0,2,2,3,2,3,3,3,2,2,2,2,3,2,12,0,5,5,0,0,0,2,4,1,4,4,4,4,4,4,3,3,2,2,4,2,2,3,2,4,3,1,11,7,66,2,2,1,2,6,0,1,0,1,0,0,0
1817,43,2,2,99,2,3,0,0,0,0,0,0,0,0,0,0,1,2,3,3,3,3,3,2,2,3,2,1,1,2,2,3,5,5,3,5,7,3,3,1,4,3,3,4,3,5,1,5,5,2,5,4,1,5,5,4,6,2,8,1,2,2,2,1,4,5,0,1,0,1,0,0,0
1818,43,1,12,3,3,3,1,1,1,0,0,0,0,0,0,0,0,3,3,4,3,3,3,2,2,1,2,2,3,2,2,6,9,8,8,6,9,2,5,1,2,3,3,4,2,3,3,3,2,3,2,5,4,2,3,3,2,2,14,7,66,3,1,1,6,3,1,1,0,0,0,0,0
1819,43,1,2,2,2,2,0,1,0,1,0,0,0,0,0,0,0,2,4,3,3,4,4,3,2,1,1,1,2,2,1,8,7,5,5,6,8,2,2,3,3,1,3,2,2,4,4,5,4,2,2,4,2,3,2,1,1,1,10,1,2,2,5,4,2,5,1,1,0,0,0,1,0
1820,43,2,12,4,2,3,0,0,0,0,0,0,0,0,0,0,1,2,2,4,3,4,4,3,2,2,2,1,2,2,12,3,5,6,6,6,6,2,3,1,3,2,2,5,3,2,5,1,1,2,3,3,2,3,4,4,12,2,8,1,2,2,3,4,3,4,1,1,0,1,0,0,0
1821,43,1,1,1,2,2,0,0,0,0,0,0,0,0,0,0,1,2,2,2,3,4,4,3,3,3,1,1,3,2,1,6,0,5,0,6,5,1,1,3,4,2,2,2,1,3,2,5,3,1,3,4,2,4,5,4,3,1,9,2,2,1,2,2,1,4,1,1,0,0,0,0,0
1822,43,2,6,9,1,3,0,0,0,0,0,0,0,0,0,0,1,2,4,4,3,2,3,2,1,3,2,3,2,2,8,0,0,0,5,0,0,2,3,2,3,3,1,4,4,4,3,3,5,2,3,3,3,2,4,2,4,2,3,1,2,1,3,4,1,5,0,0,0,0,1,0,0
1823,43,2,12,4,1,3,0,0,0,0,0,0,0,0,0,0,1,3,3,3,2,2,2,1,1,2,3,1,3,2,4,1,0,0,7,0,0,2,3,3,3,2,1,4,2,4,5,3,5,1,2,5,5,2,3,3,4,2,6,1,2,2,3,1,5,4,0,0,0,1,1,1,0
1824,43,2,12,99,2,4,0,0,0,0,0,0,0,0,0,0,1,2,3,4,4,4,2,5,3,2,2,2,4,2,12,0,5,0,2,1,1,5,5,1,5,1,1,5,1,5,1,3,3,5,5,1,5,3,5,2,7,2,11,5,66,4,2,1,3,4,1,1,1,0,0,1,0
1825,43,2,12,2,2,2,0,0,0,0,0,0,0,0,0,0,1,2,2,2,2,2,2,2,2,2,2,2,2,2,12,5,5,5,4,6,4,3,2,4,5,1,1,99,3,5,1,3,3,2,3,4,3,3,4,2,1,1,10,2,2,2,2,1,2,7,1,1,0,0,0,1,0
1826,43,3,2,99,1,2,0,0,0,0,0,0,0,0,0,0,1,3,3,4,4,5,5,3,4,2,2,1,3,2,1,1,2,2,1,3,0,3,3,1,2,1,5,2,1,4,3,3,2,3,4,4,1,5,99,4,12,1,11,2,2,2,2,1,4,4,1,1,0,1,0,0,0
1827,43,1,4,4,1,2,1,0,1,0,0,0,0,0,0,0,0,1,3,3,4,4,4,3,3,2,2,2,3,2,12,99,99,99,99,99,99,3,2,2,4,3,2,3,1,4,4,3,4,2,3,3,2,3,2,2,1,2,10,5,66,3,2,1,2,5,1,1,0,1,0,0,0
1828,43,2,1,1,1,3,0,0,0,0,0,0,0,0,0,0,1,4,4,4,4,4,2,3,2,3,1,1,2,1,1,3,1,1,1,3,3,2,1,2,3,1,3,2,1,2,3,4,3,1,3,3,3,1,3,4,12,2,13,7,66,1,3,1,1,5,0,0,1,0,0,1,0
1829,44,1,1,1,1,2,0,0,1,0,0,0,0,0,0,0,0,1,2,2,2,3,3,3,2,2,2,1,2,2,1,8,1,3,3,10,2,2,3,2,3,2,3,4,1,3,2,5,5,2,2,5,1,5,2,4,1,2,15,7,66,3,2,1,3,4,1,1,0,0,0,0,0
1830,44,1,1,1,2,3,0,0,1,0,0,0,0,0,0,0,0,2,2,3,3,3,3,2,2,2,1,1,3,2,1,7,5,4,6,7,4,2,3,2,4,1,1,5,2,5,5,3,3,1,2,4,3,5,4,2,1,1,14,7,66,2,2,2,3,6,1,1,0,1,0,0,0
1831,44,2,4,4,1,3,0,0,1,0,1,0,0,0,0,0,0,3,3,3,3,2,2,1,1,2,2,1,3,2,4,0,0,1,10,0,0,3,2,2,2,3,1,5,2,4,3,4,3,1,4,5,4,3,5,4,2,2,9,2,3,2,2,3,2,5,0,0,0,1,0,1,0
1832,44,2,99,4,2,4,0,0,1,0,0,1,0,0,0,0,0,5,2,5,2,5,1,3,2,4,2,3,1,3,12,3,2,0,9,0,0,1,5,3,3,1,1,5,1,5,3,1,1,1,3,4,1,5,5,1,12,2,4,2,2,1,3,4,1,4,0,1,0,1,1,1,0
1833,44,1,12,1,1,1,0,0,0,1,0,0,0,0,0,0,0,1,5,1,5,5,5,3,2,1,2,1,2,2,3,99,99,99,99,99,99,3,3,3,1,1,3,3,3,5,5,5,5,5,2,5,5,1,1,6,1,2,13,7,66,3,4,1,2,4,1,0,0,0,0,0,0
1834,44,3,1,6,2,3,0,0,0,0,0,0,0,0,0,0,1,3,4,2,2,1,1,2,2,3,2,3,2,3,12,0,0,0,0,2,2,3,3,1,3,2,2,4,2,5,4,1,1,2,2,3,2,3,4,2,12,2,10,1,2,1,4,3,1,4,0,0,0,0,1,0,0
1835,44,2,6,6,2,3,0,0,0,0,0,0,0,0,0,0,1,3,3,3,3,3,4,2,2,3,2,2,3,2,7,0,5,0,1,0,0,3,4,1,4,1,3,5,1,5,5,3,1,3,4,1,4,3,5,4,99,1,6,2,3,1,5,1,3,5,1,1,0,1,1,0,0
1836,44,1,1,1,3,2,0,0,0,0,0,0,0,0,0,0,1,2,2,3,3,4,4,4,3,1,2,2,3,1,1,7,2,1,2,5,5,2,3,1,4,1,2,5,2,4,1,3,4,2,1,5,2,4,2,4,1,2,11,7,66,2,4,1,4,4,0,1,0,1,0,0,0
1837,44,1,5,5,2,3,0,0,0,1,0,0,0,0,0,0,0,3,3,3,3,4,4,4,3,2,2,1,3,2,5,99,99,99,99,99,99,2,1,2,5,4,3,4,3,3,1,3,3,1,3,3,3,3,4,4,1,2,13,5,66,2,1,1,3,5,0,1,0,1,0,0,0
1838,44,2,12,4,3,4,0,0,0,0,0,0,0,0,0,0,1,3,4,4,3,4,4,3,3,2,1,1,3,2,4,3,3,4,3,0,1,1,1,1,4,1,2,2,1,4,4,3,4,2,3,1,2,2,5,2,1,2,2,7,66,1,2,1,4,5,0,1,0,1,1,1,0
1839,44,2,3,3,4,4,0,0,0,0,0,0,0,0,0,0,1,2,3,4,3,4,4,4,4,4,2,1,3,1,3,1,0,1,0,0,0,1,2,1,3,2,4,4,2,2,1,5,5,1,3,1,1,3,3,3,12,1,7,3,66,2,4,4,4,6,0,1,0,0,0,0,0
1840,44,1,1,1,2,2,0,1,0,1,0,0,0,0,0,0,0,2,3,2,2,4,4,3,3,2,1,1,3,2,1,5,3,5,1,8,5,1,2,3,2,3,3,2,1,2,3,3,4,1,4,2,3,3,3,8,2,1,13,7,66,2,5,1,2,4,1,1,0,1,0,0,0
1841,44,2,1,4,2,3,0,1,1,1,0,0,0,0,0,0,0,2,2,2,3,4,4,3,2,2,1,1,3,2,1,6,4,6,6,5,4,1,1,4,4,4,3,3,3,3,3,5,3,2,2,4,4,5,5,4,3,1,13,7,66,2,5,1,2,5,1,1,0,1,0,0,0
1842,44,2,1,1,2,2,0,0,1,0,0,0,0,0,0,0,0,1,2,2,1,2,3,2,3,3,1,1,3,1,1,10,3,3,2,2,1,1,1,1,1,1,1,1,1,1,1,1,1,1,1,1,1,1,1,3,1,1,14,3,66,2,2,1,2,4,0,1,0,0,0,0,0
1843,44,2,99,99,3,4,99,99,99,99,99,99,99,99,99,99,99,3,4,3,3,3,3,2,2,3,2,1,3,2,7,99,99,99,99,99,99,2,4,3,2,2,2,4,1,4,4,2,1,1,4,5,4,99,4,2,99,2,7,5,66,2,4,1,3,5,0,0,0,1,0,0,0
1844,44,2,4,4,2,4,0,0,1,0,1,0,1,0,0,0,0,3,4,3,2,2,2,1,1,3,1,1,3,2,4,0,0,0,9,0,0,1,1,2,1,1,1,5,1,3,5,5,2,1,3,4,3,1,5,3,4,1,7,4,66,2,5,4,4,3,0,1,0,1,0,0,0
1845,44,2,3,4,1,3,0,0,0,1,0,0,1,0,0,0,0,4,4,4,2,2,1,1,1,4,1,1,3,1,8,99,99,99,99,99,99,3,1,5,2,5,1,5,2,5,4,5,5,1,4,5,4,1,5,8,8,1,13,3,66,2,5,1,2,5,0,1,0,1,0,1,0
1846,45,2,1,1,2,3,0,0,0,1,0,0,0,0,0,0,0,2,3,3,3,3,3,2,2,2,1,2,2,2,1,7,5,7,3,5,1,1,1,1,3,1,1,2,2,2,2,2,2,2,3,2,3,3,3,2,1,1,11,2,2,3,2,4,1,6,0,0,0,1,0,0,0
1847,45,2,12,99,3,3,0,0,0,0,0,0,0,0,0,0,1,2,2,2,2,2,2,2,2,3,2,2,2,2,12,5,5,5,5,5,5,2,3,1,4,2,3,2,2,2,1,2,2,3,3,3,2,3,3,5,12,1,1,6,66,1,5,4,1,4,0,1,0,1,0,0,0
1848,45,2,12,11,2,3,0,0,0,0,0,0,0,0,0,0,1,3,3,3,3,4,4,3,2,3,1,2,2,3,12,0,0,0,0,0,0,1,3,2,5,1,2,5,3,5,2,1,3,2,3,4,4,3,3,4,6,2,2,2,4,1,3,1,6,3,0,1,0,0,0,0,0
1849,45,2,6,6,2,3,0,1,0,0,1,1,1,0,0,0,0,2,3,3,2,3,3,2,2,3,2,2,2,2,6,0,6,7,3,0,2,2,5,1,2,1,2,4,2,2,4,1,1,2,4,1,2,2,2,2,6,2,9,7,66,1,2,4,1,6,1,0,0,1,1,0,0
1850,45,1,12,99,3,3,0,0,0,0,0,0,0,0,0,0,1,2,2,3,3,3,3,2,3,3,2,1,3,2,1,5,4,5,4,5,3,3,4,2,5,1,2,3,2,3,2,2,2,2,4,2,2,3,3,2,3,2,11,2,3,2,2,3,2,5,0,1,0,0,0,0,0
1851,45,1,12,3,2,3,0,1,0,0,0,0,0,0,0,0,0,2,3,4,4,4,4,3,3,1,2,3,3,2,1,99,99,99,99,99,99,2,4,1,3,2,2,5,2,4,4,2,2,1,3,2,1,3,3,1,1,2,12,5,66,2,3,3,2,6,1,1,0,0,0,0,0
1852,45,2,12,4,3,3,0,0,0,0,0,0,0,0,0,0,1,2,2,3,3,3,3,2,2,3,2,2,2,2,4,0,7,6,9,0,8,2,3,2,4,2,2,5,1,3,2,3,1,2,5,3,4,3,4,2,12,1,10,2,2,1,2,4,1,7,0,1,0,1,1,1,0
1853,45,1,1,1,1,2,0,0,0,0,0,0,0,0,0,0,1,3,3,3,3,4,4,2,2,2,1,1,2,2,1,7,0,3,3,6,4,1,4,4,4,4,2,4,4,2,2,5,4,1,1,4,4,3,2,8,1,1,8,1,2,2,5,1,4,5,0,1,0,1,0,0,0
1854,45,3,1,2,3,4,0,0,0,0,0,0,0,0,0,0,1,2,3,5,2,3,5,2,2,2,2,3,2,2,2,5,5,5,5,5,5,2,3,2,3,1,3,4,2,4,1,1,1,4,3,2,3,3,4,4,1,2,3,2,3,1,3,4,1,5,0,0,0,1,0,0,0
1855,45,2,3,4,2,4,0,0,0,0,0,0,0,0,0,0,1,2,3,3,3,3,3,5,5,2,1,2,4,2,12,1,1,2,2,0,2,1,3,1,2,4,3,5,5,5,5,5,3,1,1,5,5,3,3,8,12,1,5,1,2,2,5,1,5,3,0,1,0,1,0,0,0
1856,45,2,12,99,3,3,0,0,0,0,0,0,0,0,0,0,1,3,3,3,3,3,4,2,3,3,3,3,3,2,12,3,4,4,4,3,3,2,3,3,3,3,2,4,2,5,2,2,3,3,3,3,3,3,4,2,99,2,7,5,66,2,2,4,3,6,0,1,0,0,0,0,0
1857,45,1,1,1,2,2,0,1,0,0,0,0,0,0,0,0,0,1,2,3,2,4,4,3,3,2,2,1,2,2,1,6,3,3,3,5,4,2,3,2,4,1,3,4,1,3,2,2,2,2,3,3,3,3,3,4,1,1,11,7,66,2,2,4,3,5,1,1,0,1,0,0,0
1858,45,2,3,8,2,4,0,0,0,0,0,0,0,0,0,0,1,3,3,3,2,2,3,2,2,3,2,2,1,2,4,0,5,8,8,0,2,3,4,2,2,2,3,1,5,5,5,2,4,2,1,4,3,2,1,4,12,1,3,2,2,2,4,4,2,4,0,1,0,1,0,0,0
1859,45,1,1,1,3,3,0,0,0,1,0,0,0,0,0,0,0,3,3,3,3,3,3,3,3,3,2,2,3,2,1,5,2,2,1,9,5,1,3,1,2,2,3,2,2,3,2,5,5,3,2,4,5,2,2,4,1,2,14,5,66,2,3,1,2,99,1,1,0,0,0,0,0
1860,45,2,12,99,3,3,0,0,0,0,0,0,0,0,0,0,1,2,3,3,2,3,3,3,3,3,1,1,3,2,1,2,2,2,2,2,2,3,3,3,3,3,3,3,3,3,3,3,3,2,3,3,3,3,3,2,12,2,7,3,66,2,2,1,4,4,0,1,0,1,1,0,0
1861,46,3,1,1,3,3,0,1,0,0,0,0,0,0,0,0,0,2,3,3,2,3,3,5,2,2,2,1,3,2,3,99,99,99,99,99,99,3,2,1,3,2,2,3,99,3,4,3,3,3,2,3,2,3,3,4,2,2,14,99,66,4,2,1,1,5,1,1,0,0,0,0,0
1862,46,1,1,1,2,2,0,0,1,0,0,0,0,0,0,0,0,2,2,2,2,2,2,2,3,3,1,1,2,2,1,8,8,8,8,8,8,1,3,1,5,3,3,5,1,1,3,3,3,1,3,3,3,3,3,5,1,1,7,4,66,2,5,1,6,3,1,1,0,1,0,1,0
1863,46,1,1,3,2,2,0,1,1,1,0,0,0,0,0,0,0,2,2,3,3,4,3,2,2,3,1,1,2,2,3,7,5,8,5,8,7,1,3,4,5,2,2,3,2,2,3,2,1,3,2,5,4,4,4,1,1,1,9,1,2,2,2,1,2,3,1,1,0,1,0,0,0
1864,46,3,12,99,3,3,99,99,99,99,99,99,99,99,99,99,99,1,1,2,1,3,3,5,4,5,3,3,3,2,12,99,99,99,99,99,99,1,1,99,5,1,5,5,3,3,3,3,3,1,3,1,3,3,3,2,12,2,2,1,2,1,2,1,4,4,0,1,0,0,0,0,0
1865,46,1,1,1,5,2,0,1,0,0,0,0,0,0,0,0,0,2,2,2,3,3,3,2,2,3,2,1,2,1,12,5,4,6,4,5,4,3,4,1,3,3,3,4,2,3,3,2,1,2,5,3,2,3,4,2,3,2,10,1,3,2,5,1,2,5,1,1,0,1,0,0,0
1866,46,1,1,1,2,2,1,0,1,1,0,0,0,0,0,0,0,2,2,2,2,3,2,2,3,2,2,2,2,2,1,10,6,3,4,10,8,1,2,99,1,1,2,4,1,2,3,4,4,2,2,4,4,5,3,5,1,2,12,5,66,2,2,1,2,3,0,1,1,0,0,0,0
1867,46,1,1,2,3,3,1,1,0,0,0,0,0,0,0,0,0,3,3,3,3,3,3,2,2,2,2,2,2,2,1,6,5,4,4,6,5,2,4,1,5,3,3,4,3,3,3,2,2,2,3,4,3,3,3,3,2,2,11,7,66,2,2,1,2,4,0,1,0,1,0,0,0
1868,46,1,1,99,2,3,0,0,0,0,0,0,0,0,0,0,1,3,3,3,3,3,3,2,3,2,1,1,2,1,12,5,5,5,5,5,5,1,1,5,5,1,1,5,1,3,1,3,3,1,1,5,1,1,3,4,12,1,7,1,1,3,2,1,1,4,0,1,0,0,0,0,0
1869,46,2,12,4,3,2,0,0,0,0,0,0,0,0,0,0,1,2,2,2,2,2,2,2,2,3,2,1,2,2,1,1,0,0,8,0,0,2,2,2,4,3,2,4,3,3,3,4,3,2,3,4,2,3,3,2,4,2,8,1,2,2,2,1,2,4,0,1,0,1,0,1,0
1870,46,1,1,1,2,2,0,0,0,1,0,0,0,0,0,0,0,1,2,3,3,3,3,3,3,2,1,2,2,2,1,10,0,5,0,6,0,1,3,1,3,2,2,3,2,2,5,5,5,2,3,4,3,3,3,4,1,1,13,7,66,2,1,1,2,5,1,1,0,0,0,0,0
1871,46,3,12,99,3,3,0,0,0,0,0,0,0,0,0,0,1,3,3,3,2,3,3,2,2,2,2,1,3,1,12,3,2,3,3,3,2,2,3,1,5,1,1,3,1,5,1,3,2,2,2,3,2,2,5,2,12,2,11,2,3,1,2,4,1,4,1,1,1,1,1,1,0
1872,46,1,5,5,2,2,0,0,0,1,0,0,0,0,0,0,0,2,2,3,3,3,3,3,3,2,2,2,2,3,5,5,2,2,2,5,0,3,5,1,5,3,1,3,2,3,2,3,3,3,3,3,3,3,4,4,5,1,11,7,66,2,2,1,2,4,0,1,0,0,0,0,0
1873,46,1,1,3,3,3,1,1,0,0,0,0,0,0,0,0,0,2,2,3,3,3,3,2,2,2,1,1,3,2,1,5,5,5,5,8,5,3,3,99,2,2,3,3,3,3,3,3,3,3,3,4,2,3,4,4,3,2,13,7,66,2,2,1,2,5,1,1,0,0,0,0,0
1874,46,3,2,2,2,2,0,1,1,0,0,0,0,0,0,0,0,2,2,2,2,2,3,2,2,2,2,1,2,2,1,5,5,5,5,5,5,3,1,1,5,2,3,3,2,4,1,3,3,3,3,3,3,3,3,4,12,2,2,1,2,1,4,1,4,4,1,1,0,1,0,0,0
1875,46,1,12,1,3,3,0,0,0,0,0,0,0,0,0,0,1,5,3,5,5,5,5,5,2,2,2,2,2,2,3,8,5,5,5,10,5,1,1,2,2,1,1,3,3,3,3,2,3,1,1,5,5,3,3,2,7,2,11,8,66,4,1,1,2,5,0,1,0,0,0,0,0
1876,46,2,5,4,3,3,0,0,0,0,0,0,0,0,0,0,1,1,3,5,3,5,5,2,3,3,1,2,4,2,1,1,1,3,4,0,1,1,4,1,5,2,2,4,1,2,2,1,1,2,2,4,4,3,5,4,2,2,15,7,66,3,1,1,1,4,0,1,0,0,0,0,0
1877,46,2,3,2,2,3,0,0,0,0,0,0,0,0,0,0,1,2,3,3,3,3,3,2,2,3,1,1,2,2,3,0,5,7,5,2,4,1,5,1,3,2,1,1,1,3,1,1,1,2,3,5,3,3,5,3,4,2,10,2,3,2,2,1,2,5,1,1,0,1,0,0,0
1878,46,1,2,2,2,2,0,0,1,0,0,0,0,0,0,0,0,2,2,3,2,5,5,3,3,2,2,2,3,2,12,7,9,7,7,9,9,1,3,2,3,2,1,1,1,1,1,5,3,3,3,4,3,4,5,2,2,2,12,5,66,2,2,1,3,6,1,1,0,1,0,0,0
1879,46,2,1,2,1,4,1,1,0,0,0,0,0,0,0,0,0,3,2,3,3,3,3,3,3,3,1,1,3,2,1,4,6,5,5,2,4,2,2,2,4,2,4,5,3,5,2,4,5,2,2,3,4,2,4,3,1,2,4,2,2,1,3,4,3,5,0,1,0,0,0,0,0
1880,46,2,3,3,3,3,0,1,0,0,0,0,0,0,0,0,0,2,2,3,2,3,3,3,2,2,1,2,2,1,3,5,8,10,8,5,6,3,4,1,4,3,2,5,1,5,1,2,3,3,4,3,2,3,3,2,3,2,9,2,2,3,2,1,2,4,0,1,0,1,1,1,0
1881,46,2,8,8,1,4,0,0,0,0,0,0,1,0,0,0,0,4,4,3,3,2,2,1,1,2,1,1,2,2,8,0,0,1,5,0,0,1,5,5,5,5,1,5,1,5,5,5,5,1,5,5,5,5,5,3,8,1,10,1,2,2,6,1,4,4,1,1,0,1,1,1,0
1882,46,1,2,2,2,3,0,0,0,0,0,0,0,0,0,0,1,2,2,3,3,4,4,4,4,1,2,1,2,2,2,99,99,99,99,6,6,2,1,1,2,1,1,1,2,3,3,1,1,1,2,1,2,1,5,3,1,2,6,1,3,1,5,2,3,3,1,1,0,0,0,0,0
1883,47,2,1,11,2,2,0,0,0,0,0,0,0,0,0,0,1,3,3,3,3,3,3,3,3,3,2,2,2,1,1,10,1,2,1,1,1,2,5,1,5,5,1,5,1,1,1,1,1,1,1,5,5,5,1,4,1,1,15,8,66,2,2,4,2,4,1,1,0,0,0,0,0
1884,47,2,1,4,2,3,0,1,1,1,0,0,0,0,0,0,0,3,3,3,3,3,3,4,4,1,2,1,3,2,12,99,99,99,99,99,99,1,1,1,4,2,1,3,2,2,2,1,1,1,5,1,4,2,2,2,4,1,6,2,3,1,2,2,2,6,0,1,0,1,1,0,0
1885,47,2,10,10,3,3,0,0,0,0,0,0,0,0,0,0,1,2,2,3,4,4,4,1,2,1,2,2,1,2,10,99,99,99,99,99,99,5,5,1,5,1,3,5,1,99,5,5,5,2,99,3,3,1,5,4,2,1,14,7,66,2,2,1,3,5,0,1,0,0,0,0,0
1886,47,2,12,4,2,3,0,0,0,0,0,0,0,0,0,0,1,3,3,3,3,3,3,4,2,2,2,2,3,2,4,0,0,0,0,0,0,3,3,1,3,3,2,2,3,3,2,3,1,1,2,3,3,2,5,4,12,99,9,5,66,2,1,1,6,6,1,1,1,1,0,0,0
1887,47,1,1,1,3,3,0,0,0,0,0,0,0,0,0,0,1,4,4,4,4,4,4,5,4,4,2,2,1,1,99,5,0,4,0,5,0,1,5,1,5,4,4,5,1,1,1,1,1,4,3,3,3,3,1,2,3,2,6,3,66,2,4,4,4,4,0,0,0,1,0,1,0
1888,47,2,99,7,2,3,0,0,0,0,0,0,0,0,1,0,0,3,3,3,4,5,5,4,4,2,2,2,4,2,7,0,5,3,5,2,3,5,5,2,5,5,3,5,1,5,5,5,3,5,4,4,2,3,3,2,2,2,11,1,3,3,3,2,2,4,1,1,0,0,0,0,0
1889,47,2,8,4,1,3,0,0,0,0,0,0,0,0,0,0,1,3,3,3,3,3,3,5,2,4,3,3,3,3,4,3,0,3,10,0,0,3,3,1,3,2,2,5,5,4,4,5,5,1,4,4,4,3,4,5,4,1,9,1,2,2,5,1,2,4,1,1,0,0,0,1,0
1890,47,2,12,4,2,4,0,0,1,0,1,0,0,0,0,0,0,3,3,3,3,2,1,1,1,4,1,1,2,1,6,0,3,3,10,0,0,1,2,1,3,2,1,5,3,5,3,3,3,1,3,5,4,3,5,3,4,2,5,1,2,2,3,4,4,4,0,1,0,0,0,1,0
1891,47,2,12,99,3,4,0,0,0,0,0,0,0,0,0,0,1,2,2,3,2,4,4,3,3,2,1,1,3,2,12,3,3,3,3,3,3,2,2,3,4,2,2,3,2,3,4,1,2,2,4,3,3,3,3,2,12,2,4,2,3,1,1,1,6,6,0,0,0,1,0,0,0
1892,47,2,1,1,3,3,0,0,0,0,0,0,0,0,0,0,1,3,3,3,3,3,3,3,2,2,2,1,2,2,1,8,7,8,6,7,6,3,3,2,4,2,3,4,1,4,2,2,2,1,2,3,4,3,2,3,1,2,7,1,2,1,3,4,1,3,0,1,0,1,0,0,0
1893,47,2,99,99,3,3,0,0,0,0,0,0,0,0,0,0,1,3,3,3,3,4,4,2,2,2,2,3,5,2,12,99,99,99,99,99,99,1,3,5,5,1,3,99,99,3,99,3,3,99,99,99,99,99,99,4,99,1,12,8,66,4,7,5,99,99,0,1,0,0,0,0,0
1894,47,2,12,4,3,3,0,0,1,0,0,0,0,0,0,0,0,2,2,2,2,3,3,2,2,3,2,2,3,2,4,5,5,5,5,5,5,5,5,1,5,4,3,5,5,5,3,3,3,3,3,3,3,3,3,4,4,1,6,1,2,3,1,4,1,6,0,1,0,1,0,0,0
1895,47,2,7,7,2,2,0,0,0,0,0,1,0,0,0,0,0,3,3,3,2,3,2,3,2,2,2,2,2,2,6,1,3,3,3,5,1,1,5,1,5,2,1,2,2,1,2,2,1,2,99,3,3,5,4,5,6,2,8,1,3,2,3,2,3,4,0,1,0,0,0,0,0
1896,47,2,2,1,2,3,0,0,0,0,0,0,0,0,0,0,1,2,2,2,3,3,3,2,2,3,2,1,3,2,1,6,5,5,5,6,5,2,2,1,2,3,2,4,3,4,3,2,3,2,3,3,3,3,3,2,1,2,11,5,66,2,2,1,2,5,0,1,0,0,0,0,0
1897,47,2,10,10,1,4,0,0,0,0,0,0,0,0,0,0,1,2,2,3,4,4,4,3,5,5,2,2,4,2,10,0,5,0,0,0,5,5,5,1,5,2,3,5,1,5,5,3,1,1,5,1,3,1,5,5,12,1,13,7,66,2,5,1,2,4,1,1,0,0,0,0,0
1898,47,1,1,1,2,3,0,0,0,0,0,0,0,0,0,0,1,2,2,3,2,3,3,2,2,2,3,3,5,3,1,99,99,99,99,99,99,2,3,2,4,2,3,3,3,4,5,3,3,3,3,3,3,3,3,4,12,99,99,99,66,4,7,5,99,99,0,0,0,0,0,0,1
1899,47,2,2,4,1,4,0,0,0,0,0,0,0,0,0,0,1,3,3,3,3,3,3,3,2,2,1,1,2,2,1,6,3,2,6,4,4,1,1,4,2,4,4,4,5,2,4,1,1,1,4,5,3,1,2,1,1,1,9,1,2,2,5,1,4,2,0,1,0,1,0,0,0
